comune,provincia,type,min_per_m2_cents,max_per_m2_cents,period,basis,zones_used
BERGAMO,BG,apartment,157500,220000,2025S2,zone_median,22
BERGAMO,BG,house,177500,227500,2025S2,zone_median,12
BERGAMO,BG,commercial,145000,205000,2025S2,zone_median,20
BERGAMO,BG,villa,177500,227500,2025S2,zone_median,12
ADRARA SAN MARTINO,BG,apartment,85000,100000,2025S2,zone_median,1
ADRARA SAN MARTINO,BG,house,100000,110000,2025S2,zone_median,1
ADRARA SAN MARTINO,BG,villa,100000,110000,2025S2,zone_median,1
ADRARA SAN MARTINO,BG,commercial,100000,120000,2025S2,zone_median,1
ADRARA SAN ROCCO,BG,apartment,70000,90000,2025S2,zone_median,1
ADRARA SAN ROCCO,BG,house,100000,130000,2025S2,zone_median,1
ADRARA SAN ROCCO,BG,villa,100000,130000,2025S2,zone_median,1
ADRARA SAN ROCCO,BG,commercial,100000,120000,2025S2,zone_median,1
ALBANO SANT`ALESSANDRO,BG,apartment,135000,175000,2025S2,zone_median,1
ALBANO SANT`ALESSANDRO,BG,house,130000,180000,2025S2,zone_median,1
ALBANO SANT`ALESSANDRO,BG,villa,130000,180000,2025S2,zone_median,1
ALBANO SANT`ALESSANDRO,BG,commercial,130000,190000,2025S2,zone_median,1
ALBINO,BG,apartment,115000,160000,2025S2,zone_median,3
ALBINO,BG,house,120000,150000,2025S2,zone_median,4
ALBINO,BG,villa,120000,150000,2025S2,zone_median,4
ALBINO,BG,commercial,135000,190000,2025S2,zone_median,2
ALGUA,BG,apartment,71000,86000,2025S2,zone_median,2
ALGUA,BG,house,82000,120000,2025S2,zone_median,2
ALGUA,BG,villa,82000,120000,2025S2,zone_median,2
ALGUA,BG,commercial,88500,110000,2025S2,zone_median,2
ALME`,BG,apartment,125000,160000,2025S2,zone_median,1
ALME`,BG,house,140000,170000,2025S2,zone_median,1
ALME`,BG,villa,140000,170000,2025S2,zone_median,1
ALME`,BG,commercial,130000,170000,2025S2,zone_median,1
VILLA D`ALME,BG,apartment,125000,147500,2025S2,zone_median,2
VILLA D`ALME,BG,house,160000,190000,2025S2,zone_median,1
VILLA D`ALME,BG,commercial,105000,155000,2025S2,zone_median,2
VILLA D`ALME,BG,villa,160000,190000,2025S2,zone_median,1
ALMENNO SAN BARTOLOMEO,BG,apartment,107500,145000,2025S2,zone_median,2
ALMENNO SAN BARTOLOMEO,BG,house,117500,160000,2025S2,zone_median,2
ALMENNO SAN BARTOLOMEO,BG,villa,117500,160000,2025S2,zone_median,2
ALMENNO SAN BARTOLOMEO,BG,commercial,125000,167500,2025S2,zone_median,2
ALMENNO SAN SALVATORE,BG,apartment,110000,160000,2025S2,zone_median,1
ALMENNO SAN SALVATORE,BG,house,115000,170000,2025S2,zone_median,1
ALMENNO SAN SALVATORE,BG,villa,115000,170000,2025S2,zone_median,1
ALMENNO SAN SALVATORE,BG,commercial,130000,160000,2025S2,zone_median,1
ALZANO LOMBARDO,BG,apartment,115000,150000,2025S2,zone_median,5
ALZANO LOMBARDO,BG,house,160000,180000,2025S2,zone_median,5
ALZANO LOMBARDO,BG,villa,160000,180000,2025S2,zone_median,5
ALZANO LOMBARDO,BG,commercial,145000,190000,2025S2,zone_median,2
AMBIVERE,BG,apartment,85000,105000,2025S2,zone_median,1
AMBIVERE,BG,house,100000,120000,2025S2,zone_median,1
AMBIVERE,BG,villa,100000,120000,2025S2,zone_median,1
AMBIVERE,BG,commercial,90000,130000,2025S2,zone_median,1
ANTEGNATE,BG,apartment,82000,105000,2025S2,zone_median,1
ANTEGNATE,BG,house,90000,115000,2025S2,zone_median,2
ANTEGNATE,BG,villa,90000,115000,2025S2,zone_median,2
ANTEGNATE,BG,commercial,110000,140000,2025S2,zone_median,1
ARCENE,BG,apartment,80000,115000,2025S2,zone_median,1
ARCENE,BG,house,97000,125000,2025S2,zone_median,1
ARCENE,BG,villa,97000,125000,2025S2,zone_median,1
ARCENE,BG,commercial,110000,140000,2025S2,zone_median,1
ARDESIO,BG,apartment,90000,120000,2025S2,zone_median,1
ARDESIO,BG,house,92000,125000,2025S2,zone_median,2
ARDESIO,BG,villa,92000,125000,2025S2,zone_median,2
ARDESIO,BG,commercial,91000,115000,2025S2,zone_median,2
ARZAGO D`ADDA,BG,apartment,85000,105000,2025S2,zone_median,1
ARZAGO D`ADDA,BG,house,96500,120000,2025S2,zone_median,2
ARZAGO D`ADDA,BG,villa,96500,120000,2025S2,zone_median,2
ARZAGO D`ADDA,BG,commercial,90000,140000,2025S2,zone_median,1
AVERARA,BG,apartment,73000,89000,2025S2,zone_median,1
AVERARA,BG,house,82000,120000,2025S2,zone_median,1
AVERARA,BG,villa,82000,120000,2025S2,zone_median,1
AVERARA,BG,commercial,90000,110000,2025S2,zone_median,1
AVIATICO,BG,apartment,90000,110000,2025S2,zone_median,1
AVIATICO,BG,house,110000,130000,2025S2,zone_median,1
AVIATICO,BG,villa,110000,130000,2025S2,zone_median,1
AVIATICO,BG,commercial,100000,130000,2025S2,zone_median,1
AZZANO SAN PAOLO,BG,apartment,120000,155000,2025S2,zone_median,1
AZZANO SAN PAOLO,BG,house,155000,180000,2025S2,zone_median,1
AZZANO SAN PAOLO,BG,villa,155000,180000,2025S2,zone_median,1
AZZANO SAN PAOLO,BG,commercial,120000,170000,2025S2,zone_median,1
AZZONE,BG,apartment,60000,70000,2025S2,zone_median,1
AZZONE,BG,house,70000,80000,2025S2,zone_median,1
AZZONE,BG,villa,70000,80000,2025S2,zone_median,1
AZZONE,BG,commercial,70000,90000,2025S2,zone_median,1
BAGNATICA,BG,apartment,100000,140000,2025S2,zone_median,2
BAGNATICA,BG,house,120000,140000,2025S2,zone_median,1
BAGNATICA,BG,villa,120000,140000,2025S2,zone_median,1
BAGNATICA,BG,commercial,130000,190000,2025S2,zone_median,1
BARBATA,BG,apartment,80000,100000,2025S2,zone_median,1
BARBATA,BG,house,97000,115000,2025S2,zone_median,1
BARBATA,BG,villa,97000,115000,2025S2,zone_median,1
BARBATA,BG,commercial,90000,130000,2025S2,zone_median,1
BARIANO,BG,apartment,76000,94000,2025S2,zone_median,1
BARIANO,BG,house,97000,115000,2025S2,zone_median,1
BARIANO,BG,villa,97000,115000,2025S2,zone_median,1
BARIANO,BG,commercial,90000,130000,2025S2,zone_median,1
BARZANA,BG,apartment,84000,100000,2025S2,zone_median,1
BARZANA,BG,house,90000,120000,2025S2,zone_median,1
BARZANA,BG,villa,90000,120000,2025S2,zone_median,1
BARZANA,BG,commercial,90000,130000,2025S2,zone_median,1
BEDULITA,BG,apartment,73000,86000,2025S2,zone_median,1
BEDULITA,BG,house,75000,110000,2025S2,zone_median,1
BEDULITA,BG,villa,75000,110000,2025S2,zone_median,1
BEDULITA,BG,commercial,80000,100000,2025S2,zone_median,1
BERBENNO,BG,apartment,73000,90000,2025S2,zone_median,1
BERBENNO,BG,house,76000,110000,2025S2,zone_median,1
BERBENNO,BG,villa,76000,110000,2025S2,zone_median,1
BERBENNO,BG,commercial,90000,120000,2025S2,zone_median,1
BERZO SAN FERMO,BG,apartment,70000,90000,2025S2,zone_median,1
BERZO SAN FERMO,BG,house,90000,100000,2025S2,zone_median,1
BERZO SAN FERMO,BG,villa,90000,100000,2025S2,zone_median,1
BERZO SAN FERMO,BG,commercial,90000,130000,2025S2,zone_median,1
BIANZANO,BG,apartment,90000,100000,2025S2,zone_median,1
BIANZANO,BG,house,100000,110000,2025S2,zone_median,1
BIANZANO,BG,villa,100000,110000,2025S2,zone_median,1
BIANZANO,BG,commercial,90000,130000,2025S2,zone_median,1
BLELLO,BG,apartment,70000,80000,2025S2,zone_median,1
BLELLO,BG,house,76000,97000,2025S2,zone_median,1
BLELLO,BG,villa,76000,97000,2025S2,zone_median,1
BLELLO,BG,commercial,80000,100000,2025S2,zone_median,1
BOLGARE,BG,apartment,95000,135000,2025S2,zone_median,1
BOLGARE,BG,house,100000,140000,2025S2,zone_median,1
BOLGARE,BG,villa,100000,140000,2025S2,zone_median,1
BOLGARE,BG,commercial,90000,130000,2025S2,zone_median,1
BOLTIERE,BG,apartment,125000,150000,2025S2,zone_median,1
BOLTIERE,BG,house,120000,160000,2025S2,zone_median,2
BOLTIERE,BG,villa,120000,160000,2025S2,zone_median,2
BOLTIERE,BG,commercial,90000,140000,2025S2,zone_median,1
BONATE SOTTO,BG,apartment,115000,150000,2025S2,zone_median,1
BONATE SOTTO,BG,house,110000,165000,2025S2,zone_median,1
BONATE SOTTO,BG,villa,110000,165000,2025S2,zone_median,1
BONATE SOTTO,BG,commercial,90000,130000,2025S2,zone_median,1
BONATE SOPRA,BG,apartment,130000,175000,2025S2,zone_median,3
BONATE SOPRA,BG,house,115000,170000,2025S2,zone_median,1
BONATE SOPRA,BG,villa,115000,170000,2025S2,zone_median,1
BONATE SOPRA,BG,commercial,90000,130000,2025S2,zone_median,1
BORGO DI TERZO,BG,apartment,90000,100000,2025S2,zone_median,1
BORGO DI TERZO,BG,house,100000,120000,2025S2,zone_median,1
BORGO DI TERZO,BG,villa,100000,120000,2025S2,zone_median,1
BORGO DI TERZO,BG,commercial,90000,130000,2025S2,zone_median,1
BOSSICO,BG,apartment,70000,90000,2025S2,zone_median,1
BOSSICO,BG,house,89500,110000,2025S2,zone_median,2
BOSSICO,BG,villa,89500,110000,2025S2,zone_median,2
BOSSICO,BG,commercial,90000,110000,2025S2,zone_median,1
BOTTANUCO,BG,apartment,100000,150000,2025S2,zone_median,1
BOTTANUCO,BG,house,100000,130000,2025S2,zone_median,1
BOTTANUCO,BG,villa,100000,130000,2025S2,zone_median,1
BOTTANUCO,BG,commercial,90000,130000,2025S2,zone_median,1
BRACCA,BG,apartment,72000,91000,2025S2,zone_median,1
BRACCA,BG,house,81000,120000,2025S2,zone_median,2
BRACCA,BG,villa,81000,120000,2025S2,zone_median,2
BRACCA,BG,commercial,90000,110000,2025S2,zone_median,1
BRANZI,BG,apartment,75000,110000,2025S2,zone_median,1
BRANZI,BG,house,96000,130000,2025S2,zone_median,1
BRANZI,BG,villa,96000,130000,2025S2,zone_median,1
BRANZI,BG,commercial,90000,120000,2025S2,zone_median,1
BREMBATE,BG,apartment,102500,145000,2025S2,zone_median,2
BREMBATE,BG,house,111000,160000,2025S2,zone_median,2
BREMBATE,BG,villa,111000,160000,2025S2,zone_median,2
BREMBATE,BG,commercial,99500,142500,2025S2,zone_median,2
BREMBATE DI SOPRA,BG,apartment,125000,175000,2025S2,zone_median,3
BREMBATE DI SOPRA,BG,house,140000,180000,2025S2,zone_median,3
BREMBATE DI SOPRA,BG,villa,140000,180000,2025S2,zone_median,3
BREMBATE DI SOPRA,BG,commercial,130000,177500,2025S2,zone_median,2
BRIGNANO GERA D`ADDA,BG,apartment,66000,82000,2025S2,zone_median,3
BRIGNANO GERA D`ADDA,BG,house,97000,140000,2025S2,zone_median,1
BRIGNANO GERA D`ADDA,BG,villa,97000,140000,2025S2,zone_median,1
BRIGNANO GERA D`ADDA,BG,commercial,120000,150000,2025S2,zone_median,1
BRUMANO,BG,apartment,73000,86000,2025S2,zone_median,1
BRUMANO,BG,house,75000,110000,2025S2,zone_median,1
BRUMANO,BG,villa,75000,110000,2025S2,zone_median,1
BRUMANO,BG,commercial,80000,100000,2025S2,zone_median,1
BRUSAPORTO,BG,apartment,100000,132500,2025S2,zone_median,2
BRUSAPORTO,BG,house,115000,150000,2025S2,zone_median,2
BRUSAPORTO,BG,villa,115000,150000,2025S2,zone_median,2
BRUSAPORTO,BG,commercial,130000,190000,2025S2,zone_median,1
SAN PAOLO D`ARGON,BG,apartment,90000,122500,2025S2,zone_median,2
SAN PAOLO D`ARGON,BG,house,120000,140000,2025S2,zone_median,1
SAN PAOLO D`ARGON,BG,villa,120000,140000,2025S2,zone_median,1
SAN PAOLO D`ARGON,BG,commercial,120000,170000,2025S2,zone_median,2
CALCINATE,BG,apartment,87000,100000,2025S2,zone_median,3
CALCINATE,BG,house,122500,155000,2025S2,zone_median,2
CALCINATE,BG,villa,122500,155000,2025S2,zone_median,2
CALCINATE,BG,commercial,110000,140000,2025S2,zone_median,2
CALCIO,BG,apartment,87000,105000,2025S2,zone_median,1
CALCIO,BG,house,97000,120000,2025S2,zone_median,1
CALCIO,BG,villa,97000,120000,2025S2,zone_median,1
CALCIO,BG,commercial,110000,140000,2025S2,zone_median,1
CALUSCO D`ADDA,BG,apartment,100000,150000,2025S2,zone_median,1
CALUSCO D`ADDA,BG,house,140000,170000,2025S2,zone_median,1
CALUSCO D`ADDA,BG,villa,140000,170000,2025S2,zone_median,1
CALUSCO D`ADDA,BG,commercial,120000,165000,2025S2,zone_median,2
CALVENZANO,BG,apartment,74000,95000,2025S2,zone_median,1
CALVENZANO,BG,house,97000,115000,2025S2,zone_median,1
CALVENZANO,BG,villa,97000,115000,2025S2,zone_median,1
CALVENZANO,BG,commercial,90000,130000,2025S2,zone_median,1
CAMERATA CORNELLO,BG,apartment,70000,90000,2025S2,zone_median,1
CAMERATA CORNELLO,BG,house,75000,110000,2025S2,zone_median,1
CAMERATA CORNELLO,BG,villa,75000,110000,2025S2,zone_median,1
CAMERATA CORNELLO,BG,commercial,90000,120000,2025S2,zone_median,1
CANONICA D`ADDA,BG,apartment,92000,110000,2025S2,zone_median,1
CANONICA D`ADDA,BG,house,135000,165000,2025S2,zone_median,1
CANONICA D`ADDA,BG,villa,135000,165000,2025S2,zone_median,1
CANONICA D`ADDA,BG,commercial,100000,140000,2025S2,zone_median,1
CAPIZZONE,BG,apartment,74000,88000,2025S2,zone_median,1
CAPIZZONE,BG,house,77000,110000,2025S2,zone_median,1
CAPIZZONE,BG,villa,77000,110000,2025S2,zone_median,1
CAPIZZONE,BG,commercial,80000,100000,2025S2,zone_median,1
CAPRIATE SAN GERVASIO,BG,apartment,120000,170000,2025S2,zone_median,1
CAPRIATE SAN GERVASIO,BG,house,140000,170000,2025S2,zone_median,1
CAPRIATE SAN GERVASIO,BG,villa,140000,170000,2025S2,zone_median,1
CAPRIATE SAN GERVASIO,BG,commercial,110000,160000,2025S2,zone_median,1
CAPRINO BERGAMASCO,BG,apartment,85000,125000,2025S2,zone_median,1
CAPRINO BERGAMASCO,BG,house,120000,150000,2025S2,zone_median,1
CAPRINO BERGAMASCO,BG,villa,120000,150000,2025S2,zone_median,1
CAPRINO BERGAMASCO,BG,commercial,90000,140000,2025S2,zone_median,1
CARAVAGGIO,BG,apartment,107500,142500,2025S2,zone_median,4
CARAVAGGIO,BG,house,130000,150000,2025S2,zone_median,3
CARAVAGGIO,BG,commercial,110000,150000,2025S2,zone_median,4
CARAVAGGIO,BG,villa,130000,150000,2025S2,zone_median,3
CAROBBIO DEGLI ANGELI,BG,apartment,95000,125000,2025S2,zone_median,1
CAROBBIO DEGLI ANGELI,BG,house,120000,140000,2025S2,zone_median,1
CAROBBIO DEGLI ANGELI,BG,villa,120000,140000,2025S2,zone_median,1
CAROBBIO DEGLI ANGELI,BG,commercial,130000,180000,2025S2,zone_median,1
CARONA,BG,apartment,90000,130000,2025S2,zone_median,1
CARONA,BG,house,100000,150000,2025S2,zone_median,1
CARONA,BG,villa,100000,150000,2025S2,zone_median,1
CARONA,BG,commercial,90000,120000,2025S2,zone_median,1
CARVICO,BG,apartment,85000,130000,2025S2,zone_median,1
CARVICO,BG,house,110000,130000,2025S2,zone_median,1
CARVICO,BG,villa,110000,130000,2025S2,zone_median,1
CARVICO,BG,commercial,90000,130000,2025S2,zone_median,1
CASAZZA,BG,apartment,100000,140000,2025S2,zone_median,1
CASAZZA,BG,house,120000,160000,2025S2,zone_median,1
CASAZZA,BG,villa,120000,160000,2025S2,zone_median,1
CASAZZA,BG,commercial,95000,150000,2025S2,zone_median,1
CASIRATE D`ADDA,BG,apartment,82000,105000,2025S2,zone_median,1
CASIRATE D`ADDA,BG,house,97000,125000,2025S2,zone_median,1
CASIRATE D`ADDA,BG,villa,97000,125000,2025S2,zone_median,1
CASIRATE D`ADDA,BG,commercial,120000,150000,2025S2,zone_median,1
CASNIGO,BG,apartment,80000,110000,2025S2,zone_median,1
CASNIGO,BG,house,100000,130000,2025S2,zone_median,1
CASNIGO,BG,villa,100000,130000,2025S2,zone_median,1
CASNIGO,BG,commercial,95000,130000,2025S2,zone_median,1
CASSIGLIO,BG,apartment,70000,80000,2025S2,zone_median,1
CASSIGLIO,BG,house,76000,97000,2025S2,zone_median,1
CASSIGLIO,BG,villa,76000,97000,2025S2,zone_median,1
CASSIGLIO,BG,commercial,80000,100000,2025S2,zone_median,1
CASTELLI CALEPIO,BG,apartment,97500,132500,2025S2,zone_median,2
CASTELLI CALEPIO,BG,house,130000,150000,2025S2,zone_median,2
CASTELLI CALEPIO,BG,villa,130000,150000,2025S2,zone_median,2
CASTELLI CALEPIO,BG,commercial,130000,180000,2025S2,zone_median,2
CASTEL ROZZONE,BG,apartment,74000,95000,2025S2,zone_median,1
CASTEL ROZZONE,BG,house,100000,130000,2025S2,zone_median,1
CASTEL ROZZONE,BG,villa,100000,130000,2025S2,zone_median,1
CASTEL ROZZONE,BG,commercial,90000,130000,2025S2,zone_median,1
CASTIONE D PRESOLANA,BG,apartment,115000,155000,2025S2,zone_median,3
CASTIONE D PRESOLANA,BG,house,162500,180000,2025S2,zone_median,2
CASTIONE D PRESOLANA,BG,villa,162500,180000,2025S2,zone_median,2
CASTIONE D PRESOLANA,BG,commercial,140000,210000,2025S2,zone_median,2
CASTRO,BG,apartment,95000,120000,2025S2,zone_median,1
CASTRO,BG,house,120000,140000,2025S2,zone_median,1
CASTRO,BG,villa,120000,140000,2025S2,zone_median,1
CASTRO,BG,commercial,100000,150000,2025S2,zone_median,1
CAVERNAGO,BG,apartment,95000,130000,2025S2,zone_median,1
CAVERNAGO,BG,house,120000,155000,2025S2,zone_median,1
CAVERNAGO,BG,villa,120000,155000,2025S2,zone_median,1
CAVERNAGO,BG,commercial,90000,130000,2025S2,zone_median,1
CAZZANO SANT`ANDREA,BG,apartment,80000,100000,2025S2,zone_median,1
CAZZANO SANT`ANDREA,BG,house,90000,120000,2025S2,zone_median,1
CAZZANO SANT`ANDREA,BG,villa,90000,120000,2025S2,zone_median,1
CAZZANO SANT`ANDREA,BG,commercial,100000,150000,2025S2,zone_median,1
CENATE SOPRA,BG,apartment,100000,115000,2025S2,zone_median,1
CENATE SOPRA,BG,house,120000,140000,2025S2,zone_median,1
CENATE SOPRA,BG,villa,120000,140000,2025S2,zone_median,1
CENATE SOPRA,BG,commercial,95000,140000,2025S2,zone_median,1
CENATE SOTTO,BG,apartment,90000,125000,2025S2,zone_median,2
CENATE SOTTO,BG,house,120000,140000,2025S2,zone_median,2
CENATE SOTTO,BG,villa,120000,140000,2025S2,zone_median,2
CENATE SOTTO,BG,commercial,140000,180000,2025S2,zone_median,2
CENE,BG,apartment,80000,110000,2025S2,zone_median,1
CENE,BG,house,120000,140000,2025S2,zone_median,1
CENE,BG,villa,120000,140000,2025S2,zone_median,1
CENE,BG,commercial,100000,160000,2025S2,zone_median,1
CERETE,BG,apartment,80000,100000,2025S2,zone_median,1
CERETE,BG,house,100000,120000,2025S2,zone_median,1
CERETE,BG,villa,100000,120000,2025S2,zone_median,1
CERETE,BG,commercial,95000,120000,2025S2,zone_median,1
CHIGNOLO D`ISOLA,BG,apartment,90000,130000,2025S2,zone_median,1
CHIGNOLO D`ISOLA,BG,house,110000,130000,2025S2,zone_median,1
CHIGNOLO D`ISOLA,BG,villa,110000,130000,2025S2,zone_median,1
CHIGNOLO D`ISOLA,BG,commercial,100000,140000,2025S2,zone_median,1
CHIUDUNO,BG,apartment,100000,135000,2025S2,zone_median,1
CHIUDUNO,BG,house,100000,140000,2025S2,zone_median,1
CHIUDUNO,BG,villa,100000,140000,2025S2,zone_median,1
CHIUDUNO,BG,commercial,140000,170000,2025S2,zone_median,1
CISANO BERGAMASCO,BG,apartment,100000,130000,2025S2,zone_median,3
CISANO BERGAMASCO,BG,house,120000,150000,2025S2,zone_median,3
CISANO BERGAMASCO,BG,villa,120000,150000,2025S2,zone_median,3
CISANO BERGAMASCO,BG,commercial,95000,140000,2025S2,zone_median,1
CISERANO,BG,apartment,87500,117500,2025S2,zone_median,2
CISERANO,BG,house,115000,135000,2025S2,zone_median,1
CISERANO,BG,villa,115000,135000,2025S2,zone_median,1
CISERANO,BG,commercial,90000,140000,2025S2,zone_median,1
CIVIDATE AL PIANO,BG,apartment,74000,95000,2025S2,zone_median,1
CIVIDATE AL PIANO,BG,house,105000,125000,2025S2,zone_median,1
CIVIDATE AL PIANO,BG,villa,105000,125000,2025S2,zone_median,1
CIVIDATE AL PIANO,BG,commercial,90000,130000,2025S2,zone_median,1
UBIALE CLANEZZO,BG,apartment,71000,77000,2025S2,zone_median,1
UBIALE CLANEZZO,BG,house,77000,100000,2025S2,zone_median,1
UBIALE CLANEZZO,BG,villa,77000,100000,2025S2,zone_median,1
UBIALE CLANEZZO,BG,commercial,80000,100000,2025S2,zone_median,1
CLUSONE,BG,apartment,110000,155000,2025S2,zone_median,1
CLUSONE,BG,house,160000,180000,2025S2,zone_median,1
CLUSONE,BG,villa,160000,180000,2025S2,zone_median,1
CLUSONE,BG,commercial,110000,170000,2025S2,zone_median,1
COLERE,BG,apartment,80000,110000,2025S2,zone_median,1
COLERE,BG,house,90000,130000,2025S2,zone_median,1
COLERE,BG,villa,90000,130000,2025S2,zone_median,1
COLERE,BG,commercial,95000,150000,2025S2,zone_median,1
COLOGNO AL SERIO,BG,apartment,110000,155000,2025S2,zone_median,1
COLOGNO AL SERIO,BG,house,110000,160000,2025S2,zone_median,1
COLOGNO AL SERIO,BG,villa,110000,160000,2025S2,zone_median,1
COLOGNO AL SERIO,BG,commercial,120000,160000,2025S2,zone_median,1
COLZATE,BG,apartment,80000,100000,2025S2,zone_median,1
COLZATE,BG,house,90000,130000,2025S2,zone_median,1
COLZATE,BG,villa,90000,130000,2025S2,zone_median,1
COLZATE,BG,commercial,95000,130000,2025S2,zone_median,1
COMUN NUOVO,BG,apartment,100000,150000,2025S2,zone_median,1
COMUN NUOVO,BG,house,105000,125000,2025S2,zone_median,1
COMUN NUOVO,BG,villa,105000,125000,2025S2,zone_median,1
COMUN NUOVO,BG,commercial,90000,140000,2025S2,zone_median,1
CORNA IMAGNA,BG,apartment,73000,89000,2025S2,zone_median,1
CORNA IMAGNA,BG,house,75000,110000,2025S2,zone_median,1
CORNA IMAGNA,BG,villa,75000,110000,2025S2,zone_median,1
CORNA IMAGNA,BG,commercial,90000,110000,2025S2,zone_median,1
CORNALBA,BG,apartment,73000,89000,2025S2,zone_median,1
CORNALBA,BG,house,82000,120000,2025S2,zone_median,1
CORNALBA,BG,villa,82000,120000,2025S2,zone_median,1
CORNALBA,BG,commercial,80000,100000,2025S2,zone_median,1
CORTENUOVA,BG,apartment,70000,86000,2025S2,zone_median,1
CORTENUOVA,BG,house,87000,115000,2025S2,zone_median,1
CORTENUOVA,BG,villa,87000,115000,2025S2,zone_median,1
CORTENUOVA,BG,commercial,90000,130000,2025S2,zone_median,1
COSTA VALLE IMAGNA,BG,apartment,76000,92000,2025S2,zone_median,1
COSTA VALLE IMAGNA,BG,house,80000,120000,2025S2,zone_median,1
COSTA VALLE IMAGNA,BG,villa,80000,120000,2025S2,zone_median,1
COSTA VALLE IMAGNA,BG,commercial,80000,100000,2025S2,zone_median,1
COSTA DI MEZZATE,BG,apartment,90000,135000,2025S2,zone_median,1
COSTA DI MEZZATE,BG,house,100000,140000,2025S2,zone_median,1
COSTA DI MEZZATE,BG,villa,100000,140000,2025S2,zone_median,1
COSTA DI MEZZATE,BG,commercial,130000,180000,2025S2,zone_median,1
COSTA DI SERINA,BG,apartment,76000,91000,2025S2,zone_median,1
COSTA DI SERINA,BG,house,89000,130000,2025S2,zone_median,1
COSTA DI SERINA,BG,villa,89000,130000,2025S2,zone_median,1
COSTA DI SERINA,BG,commercial,80000,100000,2025S2,zone_median,1
COSTA VOLPINO,BG,apartment,100000,130000,2025S2,zone_median,2
COSTA VOLPINO,BG,house,130000,165000,2025S2,zone_median,2
COSTA VOLPINO,BG,villa,130000,165000,2025S2,zone_median,2
COSTA VOLPINO,BG,commercial,100000,160000,2025S2,zone_median,1
COVO,BG,apartment,70000,92000,2025S2,zone_median,3
COVO,BG,house,97000,115000,2025S2,zone_median,2
COVO,BG,villa,97000,115000,2025S2,zone_median,2
COVO,BG,commercial,100000,150000,2025S2,zone_median,1
CREDARO,BG,apartment,100000,140000,2025S2,zone_median,1
CREDARO,BG,house,100000,120000,2025S2,zone_median,1
CREDARO,BG,villa,100000,120000,2025S2,zone_median,1
CREDARO,BG,commercial,95000,140000,2025S2,zone_median,1
CURNO,BG,apartment,147500,190000,2025S2,zone_median,2
CURNO,BG,house,140000,180000,2025S2,zone_median,1
CURNO,BG,villa,140000,180000,2025S2,zone_median,1
CURNO,BG,commercial,120000,170000,2025S2,zone_median,2
CUSIO,BG,apartment,73000,89000,2025S2,zone_median,1
CUSIO,BG,house,82000,120000,2025S2,zone_median,1
CUSIO,BG,villa,82000,120000,2025S2,zone_median,1
CUSIO,BG,commercial,90000,110000,2025S2,zone_median,1
DALMINE,BG,apartment,130000,170000,2025S2,zone_median,5
DALMINE,BG,house,135000,175000,2025S2,zone_median,4
DALMINE,BG,commercial,110000,160000,2025S2,zone_median,3
DALMINE,BG,villa,135000,175000,2025S2,zone_median,4
DOSSENA,BG,apartment,69000,75000,2025S2,zone_median,1
DOSSENA,BG,house,75000,96000,2025S2,zone_median,1
DOSSENA,BG,villa,75000,96000,2025S2,zone_median,1
DOSSENA,BG,commercial,80000,100000,2025S2,zone_median,1
ENDINEGAIANO,BG,apartment,81500,95000,2025S2,zone_median,2
ENDINEGAIANO,BG,house,100000,110000,2025S2,zone_median,1
ENDINEGAIANO,BG,villa,100000,110000,2025S2,zone_median,1
ENDINEGAIANO,BG,commercial,95000,140000,2025S2,zone_median,1
ENTRATICO,BG,apartment,90000,110000,2025S2,zone_median,1
ENTRATICO,BG,house,100000,110000,2025S2,zone_median,1
ENTRATICO,BG,villa,100000,110000,2025S2,zone_median,1
ENTRATICO,BG,commercial,95000,140000,2025S2,zone_median,1
FARA GERA D`ADDA,BG,apartment,86000,111000,2025S2,zone_median,2
FARA GERA D`ADDA,BG,house,135000,165000,2025S2,zone_median,1
FARA GERA D`ADDA,BG,villa,135000,165000,2025S2,zone_median,1
FARA GERA D`ADDA,BG,commercial,90000,140000,2025S2,zone_median,1
FARA OLIVANA CON SOLA,BG,apartment,75000,105000,2025S2,zone_median,2
FARA OLIVANA CON SOLA,BG,house,97000,115000,2025S2,zone_median,2
FARA OLIVANA CON SOLA,BG,villa,97000,115000,2025S2,zone_median,2
FARA OLIVANA CON SOLA,BG,commercial,90000,140000,2025S2,zone_median,2
FILAGO,BG,apartment,82000,98000,2025S2,zone_median,1
FILAGO,BG,house,97000,115000,2025S2,zone_median,1
FILAGO,BG,villa,97000,115000,2025S2,zone_median,1
FILAGO,BG,commercial,90000,140000,2025S2,zone_median,1
FINO DEL MONTE,BG,apartment,86000,125000,2025S2,zone_median,1
FINO DEL MONTE,BG,house,100000,140000,2025S2,zone_median,1
FINO DEL MONTE,BG,villa,100000,140000,2025S2,zone_median,1
FINO DEL MONTE,BG,commercial,95000,130000,2025S2,zone_median,1
FIORANO AL SERIO,BG,apartment,90000,110000,2025S2,zone_median,1
FIORANO AL SERIO,BG,house,100000,130000,2025S2,zone_median,1
FIORANO AL SERIO,BG,villa,100000,130000,2025S2,zone_median,1
FIORANO AL SERIO,BG,commercial,100000,140000,2025S2,zone_median,1
FONTANELLA,BG,apartment,64000,91500,2025S2,zone_median,2
FONTANELLA,BG,house,97000,125000,2025S2,zone_median,1
FONTANELLA,BG,villa,97000,125000,2025S2,zone_median,1
FONTANELLA,BG,commercial,90000,130000,2025S2,zone_median,1
FONTENO,BG,apartment,80000,110000,2025S2,zone_median,1
FONTENO,BG,house,90000,120000,2025S2,zone_median,1
FONTENO,BG,villa,90000,120000,2025S2,zone_median,1
FONTENO,BG,commercial,90000,130000,2025S2,zone_median,1
FOPPOLO,BG,apartment,86000,120000,2025S2,zone_median,1
FOPPOLO,BG,house,97000,130000,2025S2,zone_median,1
FOPPOLO,BG,villa,97000,130000,2025S2,zone_median,1
FOPPOLO,BG,commercial,100000,160000,2025S2,zone_median,1
FORESTO SPARSO,BG,apartment,70000,90000,2025S2,zone_median,1
FORESTO SPARSO,BG,house,90000,100000,2025S2,zone_median,1
FORESTO SPARSO,BG,villa,90000,100000,2025S2,zone_median,1
FORESTO SPARSO,BG,commercial,90000,130000,2025S2,zone_median,1
FORNOVO SAN GIOVANNI,BG,apartment,100000,125000,2025S2,zone_median,1
FORNOVO SAN GIOVANNI,BG,house,85000,120000,2025S2,zone_median,1
FORNOVO SAN GIOVANNI,BG,villa,85000,120000,2025S2,zone_median,1
FORNOVO SAN GIOVANNI,BG,commercial,90000,140000,2025S2,zone_median,1
FUIPIANO VALLE IMAGNA,BG,apartment,73000,89000,2025S2,zone_median,1
FUIPIANO VALLE IMAGNA,BG,house,75000,110000,2025S2,zone_median,1
FUIPIANO VALLE IMAGNA,BG,villa,75000,110000,2025S2,zone_median,1
FUIPIANO VALLE IMAGNA,BG,commercial,90000,110000,2025S2,zone_median,1
GANDELLINO,BG,apartment,80000,115000,2025S2,zone_median,1
GANDELLINO,BG,house,85000,120000,2025S2,zone_median,1
GANDELLINO,BG,villa,85000,120000,2025S2,zone_median,1
GANDELLINO,BG,commercial,95000,130000,2025S2,zone_median,1
GANDINO,BG,apartment,80000,120000,2025S2,zone_median,1
GANDINO,BG,house,90000,130000,2025S2,zone_median,1
GANDINO,BG,villa,90000,130000,2025S2,zone_median,1
GANDINO,BG,commercial,95000,130000,2025S2,zone_median,1
GANDOSSO,BG,apartment,90000,100000,2025S2,zone_median,1
GANDOSSO,BG,house,100000,110000,2025S2,zone_median,1
GANDOSSO,BG,villa,100000,110000,2025S2,zone_median,1
GANDOSSO,BG,commercial,90000,130000,2025S2,zone_median,1
GAVERINA TERME,BG,apartment,90000,100000,2025S2,zone_median,1
GAVERINA TERME,BG,house,100000,110000,2025S2,zone_median,1
GAVERINA TERME,BG,villa,100000,110000,2025S2,zone_median,1
GAVERINA TERME,BG,commercial,90000,120000,2025S2,zone_median,1
GAZZANIGA,BG,apartment,90000,110000,2025S2,zone_median,2
GAZZANIGA,BG,house,100000,130000,2025S2,zone_median,2
GAZZANIGA,BG,villa,100000,130000,2025S2,zone_median,2
GAZZANIGA,BG,commercial,95000,150000,2025S2,zone_median,1
GHISALBA,BG,apartment,100000,120000,2025S2,zone_median,1
GHISALBA,BG,house,100000,125000,2025S2,zone_median,1
GHISALBA,BG,villa,100000,125000,2025S2,zone_median,1
GHISALBA,BG,commercial,90000,140000,2025S2,zone_median,1
GORLAGO,BG,apartment,90000,120000,2025S2,zone_median,1
GORLAGO,BG,house,100000,130000,2025S2,zone_median,1
GORLAGO,BG,villa,100000,130000,2025S2,zone_median,1
GORLAGO,BG,commercial,130000,170000,2025S2,zone_median,1
GORLE,BG,apartment,150000,200000,2025S2,zone_median,3
GORLE,BG,house,182500,230000,2025S2,zone_median,2
GORLE,BG,villa,182500,230000,2025S2,zone_median,2
GORLE,BG,commercial,115000,165000,2025S2,zone_median,2
GORNO,BG,apartment,80000,100000,2025S2,zone_median,1
GORNO,BG,house,90000,120000,2025S2,zone_median,1
GORNO,BG,villa,90000,120000,2025S2,zone_median,1
GORNO,BG,commercial,95000,130000,2025S2,zone_median,1
GRASSOBBIO,BG,apartment,105000,155000,2025S2,zone_median,3
GRASSOBBIO,BG,house,130000,170000,2025S2,zone_median,1
GRASSOBBIO,BG,villa,130000,170000,2025S2,zone_median,1
GRASSOBBIO,BG,commercial,100000,130000,2025S2,zone_median,1
GROMO,BG,apartment,80000,110000,2025S2,zone_median,1
GROMO,BG,house,90000,120000,2025S2,zone_median,1
GROMO,BG,villa,90000,120000,2025S2,zone_median,1
GROMO,BG,commercial,95000,130000,2025S2,zone_median,1
GRONE,BG,apartment,72000,89000,2025S2,zone_median,2
GRONE,BG,house,88500,104000,2025S2,zone_median,2
GRONE,BG,villa,88500,104000,2025S2,zone_median,2
GRONE,BG,commercial,80000,100000,2025S2,zone_median,1
GRUMELLO DEL MONTE,BG,apartment,110000,165000,2025S2,zone_median,1
GRUMELLO DEL MONTE,BG,house,110000,165000,2025S2,zone_median,1
GRUMELLO DEL MONTE,BG,villa,110000,165000,2025S2,zone_median,1
GRUMELLO DEL MONTE,BG,commercial,160000,210000,2025S2,zone_median,1
ISOLA DI FONDRA,BG,apartment,70000,76000,2025S2,zone_median,1
ISOLA DI FONDRA,BG,house,76000,97000,2025S2,zone_median,1
ISOLA DI FONDRA,BG,villa,76000,97000,2025S2,zone_median,1
ISOLA DI FONDRA,BG,commercial,80000,100000,2025S2,zone_median,1
ISSO,BG,apartment,69000,82000,2025S2,zone_median,1
ISSO,BG,house,87000,105000,2025S2,zone_median,1
ISSO,BG,villa,87000,105000,2025S2,zone_median,1
ISSO,BG,commercial,90000,120000,2025S2,zone_median,1
LALLIO,BG,apartment,135000,175000,2025S2,zone_median,1
LALLIO,BG,house,140000,170000,2025S2,zone_median,1
LALLIO,BG,villa,140000,170000,2025S2,zone_median,1
LALLIO,BG,commercial,100000,130000,2025S2,zone_median,1
LEFFE,BG,apartment,90000,110000,2025S2,zone_median,1
LEFFE,BG,house,100000,130000,2025S2,zone_median,1
LEFFE,BG,villa,100000,130000,2025S2,zone_median,1
LEFFE,BG,commercial,95000,150000,2025S2,zone_median,1
LENNA,BG,apartment,73000,89000,2025S2,zone_median,1
LENNA,BG,house,82000,120000,2025S2,zone_median,1
LENNA,BG,villa,82000,120000,2025S2,zone_median,1
LENNA,BG,commercial,90000,120000,2025S2,zone_median,1
LEVATE,BG,apartment,85000,120000,2025S2,zone_median,1
LEVATE,BG,house,105000,125000,2025S2,zone_median,1
LEVATE,BG,villa,105000,125000,2025S2,zone_median,1
LEVATE,BG,commercial,90000,140000,2025S2,zone_median,1
LOCATELLO,BG,apartment,73000,86000,2025S2,zone_median,1
LOCATELLO,BG,house,75000,98000,2025S2,zone_median,1
LOCATELLO,BG,villa,75000,98000,2025S2,zone_median,1
LOCATELLO,BG,commercial,80000,100000,2025S2,zone_median,1
LOVERE,BG,apartment,110000,145000,2025S2,zone_median,3
LOVERE,BG,house,140000,165000,2025S2,zone_median,1
LOVERE,BG,commercial,125000,175000,2025S2,zone_median,2
LOVERE,BG,villa,140000,165000,2025S2,zone_median,1
LURANO,BG,apartment,75000,85000,2025S2,zone_median,1
LURANO,BG,house,95000,115000,2025S2,zone_median,1
LURANO,BG,villa,95000,115000,2025S2,zone_median,1
LURANO,BG,commercial,90000,120000,2025S2,zone_median,1
LUZZANA,BG,apartment,90000,100000,2025S2,zone_median,1
LUZZANA,BG,house,100000,110000,2025S2,zone_median,1
LUZZANA,BG,villa,100000,110000,2025S2,zone_median,1
LUZZANA,BG,commercial,90000,130000,2025S2,zone_median,1
MADONE,BG,apartment,84000,120000,2025S2,zone_median,1
MADONE,BG,house,90000,120000,2025S2,zone_median,1
MADONE,BG,villa,90000,120000,2025S2,zone_median,1
MADONE,BG,commercial,90000,130000,2025S2,zone_median,1
MAPELLO,BG,apartment,110000,150000,2025S2,zone_median,3
MAPELLO,BG,house,130000,160000,2025S2,zone_median,2
MAPELLO,BG,villa,130000,160000,2025S2,zone_median,2
MAPELLO,BG,commercial,95000,140000,2025S2,zone_median,1
MARTINENGO,BG,apartment,75000,93000,2025S2,zone_median,3
MARTINENGO,BG,house,110000,140000,2025S2,zone_median,1
MARTINENGO,BG,villa,110000,140000,2025S2,zone_median,1
MARTINENGO,BG,commercial,90000,140000,2025S2,zone_median,1
MEDOLAGO,BG,apartment,89500,127500,2025S2,zone_median,2
MEDOLAGO,BG,house,100000,140000,2025S2,zone_median,2
MEDOLAGO,BG,villa,100000,140000,2025S2,zone_median,2
MEDOLAGO,BG,commercial,90000,130000,2025S2,zone_median,2
MEZZOLDO,BG,apartment,88000,110000,2025S2,zone_median,1
MEZZOLDO,BG,house,98000,120000,2025S2,zone_median,1
MEZZOLDO,BG,villa,98000,120000,2025S2,zone_median,1
MEZZOLDO,BG,commercial,110000,150000,2025S2,zone_median,1
MISANO DI GERA D`ADDA,BG,apartment,100000,125000,2025S2,zone_median,1
MISANO DI GERA D`ADDA,BG,house,97000,115000,2025S2,zone_median,1
MISANO DI GERA D`ADDA,BG,villa,97000,115000,2025S2,zone_median,1
MISANO DI GERA D`ADDA,BG,commercial,90000,140000,2025S2,zone_median,1
MOIO DE` CALVI,BG,apartment,88000,110000,2025S2,zone_median,1
MOIO DE` CALVI,BG,house,98000,120000,2025S2,zone_median,1
MOIO DE` CALVI,BG,villa,98000,120000,2025S2,zone_median,1
MOIO DE` CALVI,BG,commercial,80000,100000,2025S2,zone_median,1
MONASTEROLO D CASTELLO,BG,apartment,100000,120000,2025S2,zone_median,1
MONASTEROLO D CASTELLO,BG,house,120000,140000,2025S2,zone_median,1
MONASTEROLO D CASTELLO,BG,villa,120000,140000,2025S2,zone_median,1
MONASTEROLO D CASTELLO,BG,commercial,90000,140000,2025S2,zone_median,1
MONTELLO,BG,apartment,90000,110000,2025S2,zone_median,1
MONTELLO,BG,house,100000,130000,2025S2,zone_median,1
MONTELLO,BG,villa,100000,130000,2025S2,zone_median,1
MONTELLO,BG,commercial,95000,140000,2025S2,zone_median,1
MORENGO,BG,apartment,75000,88000,2025S2,zone_median,1
MORENGO,BG,house,97000,115000,2025S2,zone_median,1
MORENGO,BG,villa,97000,115000,2025S2,zone_median,1
MORENGO,BG,commercial,90000,140000,2025S2,zone_median,1
MORNICO AL SERIO,BG,apartment,85000,105000,2025S2,zone_median,1
MORNICO AL SERIO,BG,house,95000,115000,2025S2,zone_median,1
MORNICO AL SERIO,BG,villa,95000,115000,2025S2,zone_median,1
MORNICO AL SERIO,BG,commercial,90000,140000,2025S2,zone_median,1
MOZZANICA,BG,apartment,75000,105000,2025S2,zone_median,1
MOZZANICA,BG,house,90000,120000,2025S2,zone_median,1
MOZZANICA,BG,villa,90000,120000,2025S2,zone_median,1
MOZZANICA,BG,commercial,90000,140000,2025S2,zone_median,1
MOZZO,BG,apartment,140000,195000,2025S2,zone_median,2
MOZZO,BG,house,160000,180000,2025S2,zone_median,2
MOZZO,BG,villa,160000,180000,2025S2,zone_median,2
MOZZO,BG,commercial,120000,170000,2025S2,zone_median,1
NEMBRO,BG,apartment,100000,127500,2025S2,zone_median,4
NEMBRO,BG,house,132500,145000,2025S2,zone_median,4
NEMBRO,BG,villa,132500,145000,2025S2,zone_median,4
NEMBRO,BG,commercial,140000,180000,2025S2,zone_median,1
PONTE NOSSA,BG,apartment,80000,100000,2025S2,zone_median,1
PONTE NOSSA,BG,house,90000,120000,2025S2,zone_median,1
PONTE NOSSA,BG,villa,90000,120000,2025S2,zone_median,1
PONTE NOSSA,BG,commercial,95000,120000,2025S2,zone_median,1
OLMO AL BREMBO,BG,apartment,88000,100000,2025S2,zone_median,1
OLMO AL BREMBO,BG,house,98000,120000,2025S2,zone_median,1
OLMO AL BREMBO,BG,villa,98000,120000,2025S2,zone_median,1
OLMO AL BREMBO,BG,commercial,80000,100000,2025S2,zone_median,1
OLTRE IL COLLE,BG,apartment,78000,98000,2025S2,zone_median,1
OLTRE IL COLLE,BG,house,98000,120000,2025S2,zone_median,1
OLTRE IL COLLE,BG,villa,98000,120000,2025S2,zone_median,1
OLTRE IL COLLE,BG,commercial,90000,110000,2025S2,zone_median,1
OLTRESSENDA ALTA,BG,apartment,75000,90000,2025S2,zone_median,1
OLTRESSENDA ALTA,BG,house,80000,100000,2025S2,zone_median,1
OLTRESSENDA ALTA,BG,villa,80000,100000,2025S2,zone_median,1
ONETA,BG,apartment,67000,86000,2025S2,zone_median,2
ONETA,BG,house,80000,100000,2025S2,zone_median,2
ONETA,BG,villa,80000,100000,2025S2,zone_median,2
ONETA,BG,commercial,90000,110000,2025S2,zone_median,1
ONORE,BG,apartment,100000,120000,2025S2,zone_median,1
ONORE,BG,house,110000,130000,2025S2,zone_median,1
ONORE,BG,villa,110000,130000,2025S2,zone_median,1
ONORE,BG,commercial,90000,110000,2025S2,zone_median,1
ORIO AL SERIO,BG,apartment,110000,125000,2025S2,zone_median,2
ORIO AL SERIO,BG,house,140000,170000,2025S2,zone_median,1
ORIO AL SERIO,BG,villa,140000,170000,2025S2,zone_median,1
ORIO AL SERIO,BG,commercial,110000,140000,2025S2,zone_median,2
ORNICA,BG,apartment,88000,110000,2025S2,zone_median,1
ORNICA,BG,house,98000,120000,2025S2,zone_median,1
ORNICA,BG,villa,98000,120000,2025S2,zone_median,1
ORNICA,BG,commercial,80000,100000,2025S2,zone_median,1
OSIO SOPRA,BG,apartment,96000,130000,2025S2,zone_median,3
OSIO SOPRA,BG,house,130000,160000,2025S2,zone_median,1
OSIO SOPRA,BG,villa,130000,160000,2025S2,zone_median,1
OSIO SOPRA,BG,commercial,120000,170000,2025S2,zone_median,1
OSIO SOTTO,BG,apartment,115000,165000,2025S2,zone_median,1
OSIO SOTTO,BG,house,130000,160000,2025S2,zone_median,1
OSIO SOTTO,BG,villa,130000,160000,2025S2,zone_median,1
OSIO SOTTO,BG,commercial,120000,170000,2025S2,zone_median,1
PAGAZZANO,BG,apartment,74000,92000,2025S2,zone_median,1
PAGAZZANO,BG,house,97000,115000,2025S2,zone_median,1
PAGAZZANO,BG,villa,97000,115000,2025S2,zone_median,1
PAGAZZANO,BG,commercial,90000,145000,2025S2,zone_median,1
PALADINA,BG,apartment,122500,160000,2025S2,zone_median,2
PALADINA,BG,house,160000,180000,2025S2,zone_median,2
PALADINA,BG,villa,160000,180000,2025S2,zone_median,2
PALADINA,BG,commercial,100000,135000,2025S2,zone_median,1
PALAZZAGO,BG,apartment,95000,135000,2025S2,zone_median,3
PALAZZAGO,BG,house,112500,155000,2025S2,zone_median,2
PALAZZAGO,BG,villa,112500,155000,2025S2,zone_median,2
PALAZZAGO,BG,commercial,90000,140000,2025S2,zone_median,1
PALOSCO,BG,apartment,90000,105000,2025S2,zone_median,1
PALOSCO,BG,house,97000,115000,2025S2,zone_median,1
PALOSCO,BG,villa,97000,115000,2025S2,zone_median,1
PALOSCO,BG,commercial,90000,145000,2025S2,zone_median,1
PARRE,BG,apartment,80000,100000,2025S2,zone_median,2
PARRE,BG,house,100000,130000,2025S2,zone_median,2
PARRE,BG,villa,100000,130000,2025S2,zone_median,2
PARRE,BG,commercial,95000,120000,2025S2,zone_median,1
PARZANICA,BG,apartment,90000,115000,2025S2,zone_median,2
PARZANICA,BG,house,110000,120000,2025S2,zone_median,2
PARZANICA,BG,villa,110000,120000,2025S2,zone_median,2
PARZANICA,BG,commercial,90000,130000,2025S2,zone_median,1
PEDRENGO,BG,apartment,112500,130000,2025S2,zone_median,2
PEDRENGO,BG,house,135000,155000,2025S2,zone_median,2
PEDRENGO,BG,villa,135000,155000,2025S2,zone_median,2
PEDRENGO,BG,commercial,140000,190000,2025S2,zone_median,2
PEIA,BG,apartment,80000,100000,2025S2,zone_median,1
PEIA,BG,house,90000,130000,2025S2,zone_median,1
PEIA,BG,villa,90000,130000,2025S2,zone_median,1
PEIA,BG,commercial,95000,120000,2025S2,zone_median,1
PIANICO,BG,apartment,90000,110000,2025S2,zone_median,2
PIANICO,BG,house,110000,120000,2025S2,zone_median,2
PIANICO,BG,villa,110000,120000,2025S2,zone_median,2
PIANICO,BG,commercial,100000,120000,2025S2,zone_median,1
PIARIO,BG,apartment,80000,100000,2025S2,zone_median,1
PIARIO,BG,house,90000,120000,2025S2,zone_median,1
PIARIO,BG,villa,90000,120000,2025S2,zone_median,1
PIARIO,BG,commercial,95000,120000,2025S2,zone_median,1
PIAZZA BREMBANA,BG,apartment,100000,120000,2025S2,zone_median,1
PIAZZA BREMBANA,BG,house,110000,140000,2025S2,zone_median,1
PIAZZA BREMBANA,BG,villa,110000,140000,2025S2,zone_median,1
PIAZZA BREMBANA,BG,commercial,130000,150000,2025S2,zone_median,1
PIAZZATORRE,BG,apartment,80000,110000,2025S2,zone_median,1
PIAZZATORRE,BG,house,98000,120000,2025S2,zone_median,1
PIAZZATORRE,BG,villa,98000,120000,2025S2,zone_median,1
PIAZZATORRE,BG,commercial,100000,120000,2025S2,zone_median,1
PIAZZOLO,BG,apartment,88000,110000,2025S2,zone_median,1
PIAZZOLO,BG,house,98000,120000,2025S2,zone_median,1
PIAZZOLO,BG,villa,98000,120000,2025S2,zone_median,1
PIAZZOLO,BG,commercial,80000,100000,2025S2,zone_median,1
POGNANO,BG,apartment,80000,95000,2025S2,zone_median,1
POGNANO,BG,house,95000,115000,2025S2,zone_median,1
POGNANO,BG,villa,95000,115000,2025S2,zone_median,1
POGNANO,BG,commercial,90000,145000,2025S2,zone_median,1
PONTERANICA,BG,apartment,140000,160000,2025S2,zone_median,1
PONTERANICA,BG,house,170000,180000,2025S2,zone_median,1
PONTERANICA,BG,villa,170000,180000,2025S2,zone_median,1
PONTERANICA,BG,commercial,110000,150000,2025S2,zone_median,1
PONTE SAN PIETRO,BG,apartment,110000,160000,2025S2,zone_median,3
PONTE SAN PIETRO,BG,house,130000,170000,2025S2,zone_median,2
PONTE SAN PIETRO,BG,commercial,90000,160000,2025S2,zone_median,3
PONTE SAN PIETRO,BG,villa,130000,170000,2025S2,zone_median,2
PONTIDA,BG,apartment,95000,135000,2025S2,zone_median,1
PONTIDA,BG,house,110000,140000,2025S2,zone_median,1
PONTIDA,BG,villa,110000,140000,2025S2,zone_median,1
PONTIDA,BG,commercial,90000,130000,2025S2,zone_median,1
PONTIROLO NUOVO,BG,apartment,90000,115000,2025S2,zone_median,1
PONTIROLO NUOVO,BG,house,125000,155000,2025S2,zone_median,1
PONTIROLO NUOVO,BG,villa,125000,155000,2025S2,zone_median,1
PONTIROLO NUOVO,BG,commercial,90000,140000,2025S2,zone_median,1
PRADALUNGA,BG,apartment,90000,130000,2025S2,zone_median,1
PRADALUNGA,BG,house,100000,150000,2025S2,zone_median,1
PRADALUNGA,BG,villa,100000,150000,2025S2,zone_median,1
PRADALUNGA,BG,commercial,95000,140000,2025S2,zone_median,1
PREDORE,BG,apartment,110000,150000,2025S2,zone_median,1
PREDORE,BG,house,130000,180000,2025S2,zone_median,1
PREDORE,BG,villa,130000,180000,2025S2,zone_median,1
PREDORE,BG,commercial,100000,140000,2025S2,zone_median,1
PREMOLO,BG,apartment,70000,90000,2025S2,zone_median,2
PREMOLO,BG,house,80000,120000,2025S2,zone_median,1
PREMOLO,BG,villa,80000,120000,2025S2,zone_median,1
PREMOLO,BG,commercial,95000,120000,2025S2,zone_median,1
PRESEZZO,BG,apartment,105000,140000,2025S2,zone_median,1
PRESEZZO,BG,house,110000,140000,2025S2,zone_median,1
PRESEZZO,BG,villa,110000,140000,2025S2,zone_median,1
PRESEZZO,BG,commercial,100000,140000,2025S2,zone_median,1
PUMENENGO,BG,apartment,69000,82000,2025S2,zone_median,2
PUMENENGO,BG,house,87000,105000,2025S2,zone_median,2
PUMENENGO,BG,villa,87000,105000,2025S2,zone_median,2
PUMENENGO,BG,commercial,90000,130000,2025S2,zone_median,1
RANICA,BG,apartment,140000,180000,2025S2,zone_median,3
RANICA,BG,house,180000,200000,2025S2,zone_median,2
RANICA,BG,villa,180000,200000,2025S2,zone_median,2
RANICA,BG,commercial,110000,145000,2025S2,zone_median,1
RANZANICO,BG,apartment,85000,95000,2025S2,zone_median,2
RANZANICO,BG,house,100000,120000,2025S2,zone_median,1
RANZANICO,BG,villa,100000,120000,2025S2,zone_median,1
RANZANICO,BG,commercial,90000,140000,2025S2,zone_median,1
RIVA DI SOLTO,BG,apartment,105000,125000,2025S2,zone_median,2
RIVA DI SOLTO,BG,house,120000,150000,2025S2,zone_median,2
RIVA DI SOLTO,BG,villa,120000,150000,2025S2,zone_median,2
RIVA DI SOLTO,BG,commercial,100000,140000,2025S2,zone_median,1
ROGNO,BG,apartment,87500,97500,2025S2,zone_median,2
ROGNO,BG,house,91000,120000,2025S2,zone_median,2
ROGNO,BG,villa,91000,120000,2025S2,zone_median,2
ROGNO,BG,commercial,100000,140000,2025S2,zone_median,1
ROMANO DI LOMBARDIA,BG,apartment,110000,150000,2025S2,zone_median,3
ROMANO DI LOMBARDIA,BG,house,120000,160000,2025S2,zone_median,2
ROMANO DI LOMBARDIA,BG,commercial,100000,150000,2025S2,zone_median,2
ROMANO DI LOMBARDIA,BG,villa,120000,160000,2025S2,zone_median,2
RONCOBELLO,BG,apartment,88000,110000,2025S2,zone_median,1
RONCOBELLO,BG,house,98000,120000,2025S2,zone_median,1
RONCOBELLO,BG,villa,98000,120000,2025S2,zone_median,1
RONCOBELLO,BG,commercial,90000,110000,2025S2,zone_median,1
RONCOLA,BG,apartment,72000,88000,2025S2,zone_median,1
RONCOLA,BG,house,74000,110000,2025S2,zone_median,1
RONCOLA,BG,villa,74000,110000,2025S2,zone_median,1
RONCOLA,BG,commercial,90000,110000,2025S2,zone_median,1
ROTA D`IMAGNA,BG,apartment,71000,87000,2025S2,zone_median,2
ROTA D`IMAGNA,BG,house,74000,110000,2025S2,zone_median,1
ROTA D`IMAGNA,BG,villa,74000,110000,2025S2,zone_median,1
ROTA D`IMAGNA,BG,commercial,90000,110000,2025S2,zone_median,1
ROVETTA,BG,apartment,76000,95000,2025S2,zone_median,3
ROVETTA,BG,house,130000,150000,2025S2,zone_median,1
ROVETTA,BG,villa,130000,150000,2025S2,zone_median,1
ROVETTA,BG,commercial,140000,190000,2025S2,zone_median,1
SAN GIOVANNI BIANCO,BG,apartment,94000,120000,2025S2,zone_median,2
SAN GIOVANNI BIANCO,BG,house,115000,145000,2025S2,zone_median,1
SAN GIOVANNI BIANCO,BG,villa,115000,145000,2025S2,zone_median,1
SAN GIOVANNI BIANCO,BG,commercial,110000,170000,2025S2,zone_median,1
SAN PELLEGRINO TERME,BG,apartment,110000,132500,2025S2,zone_median,2
SAN PELLEGRINO TERME,BG,house,115000,140000,2025S2,zone_median,2
SAN PELLEGRINO TERME,BG,villa,115000,140000,2025S2,zone_median,2
SAN PELLEGRINO TERME,BG,commercial,110000,140000,2025S2,zone_median,1
SANTA BRIGIDA,BG,apartment,73000,89000,2025S2,zone_median,1
SANTA BRIGIDA,BG,house,82000,120000,2025S2,zone_median,1
SANTA BRIGIDA,BG,villa,82000,120000,2025S2,zone_median,1
SANTA BRIGIDA,BG,commercial,80000,100000,2025S2,zone_median,1
SARNICO,BG,apartment,170000,225000,2025S2,zone_median,2
SARNICO,BG,house,225000,280000,2025S2,zone_median,2
SARNICO,BG,villa,225000,280000,2025S2,zone_median,2
SARNICO,BG,commercial,140000,200000,2025S2,zone_median,1
SCANZOROSCIATE,BG,apartment,130000,177500,2025S2,zone_median,4
SCANZOROSCIATE,BG,house,135000,165000,2025S2,zone_median,4
SCANZOROSCIATE,BG,villa,135000,165000,2025S2,zone_median,4
SCANZOROSCIATE,BG,commercial,105000,160000,2025S2,zone_median,2
SCHILPARIO,BG,apartment,90000,120000,2025S2,zone_median,1
SCHILPARIO,BG,house,100000,140000,2025S2,zone_median,1
SCHILPARIO,BG,villa,100000,140000,2025S2,zone_median,1
SCHILPARIO,BG,commercial,150000,190000,2025S2,zone_median,1
SEDRINA,BG,apartment,73000,89000,2025S2,zone_median,1
SEDRINA,BG,house,82000,120000,2025S2,zone_median,1
SEDRINA,BG,villa,82000,120000,2025S2,zone_median,1
SEDRINA,BG,commercial,90000,130000,2025S2,zone_median,1
SELVINO,BG,apartment,125000,140000,2025S2,zone_median,1
SELVINO,BG,house,130000,160000,2025S2,zone_median,1
SELVINO,BG,villa,130000,160000,2025S2,zone_median,1
SELVINO,BG,commercial,95000,150000,2025S2,zone_median,1
SERIATE,BG,apartment,125000,170000,2025S2,zone_median,4
SERIATE,BG,house,150000,180000,2025S2,zone_median,2
SERIATE,BG,commercial,130000,150000,2025S2,zone_median,3
SERIATE,BG,villa,150000,180000,2025S2,zone_median,2
SERINA,BG,apartment,90000,120000,2025S2,zone_median,1
SERINA,BG,house,98000,130000,2025S2,zone_median,1
SERINA,BG,villa,98000,130000,2025S2,zone_median,1
SERINA,BG,commercial,95000,130000,2025S2,zone_median,1
SOLTO COLLINA,BG,apartment,90000,100000,2025S2,zone_median,1
SOLTO COLLINA,BG,house,110000,120000,2025S2,zone_median,3
SOLTO COLLINA,BG,villa,110000,120000,2025S2,zone_median,3
SOLTO COLLINA,BG,commercial,95000,130000,2025S2,zone_median,1
SOLZA,BG,apartment,84000,115000,2025S2,zone_median,1
SOLZA,BG,house,90000,120000,2025S2,zone_median,1
SOLZA,BG,villa,90000,120000,2025S2,zone_median,1
SOLZA,BG,commercial,90000,130000,2025S2,zone_median,1
SONGAVAZZO,BG,apartment,76000,105000,2025S2,zone_median,1
SONGAVAZZO,BG,house,90000,120000,2025S2,zone_median,1
SONGAVAZZO,BG,villa,90000,120000,2025S2,zone_median,1
SONGAVAZZO,BG,commercial,90000,120000,2025S2,zone_median,1
SORISOLE,BG,apartment,142500,165000,2025S2,zone_median,2
SORISOLE,BG,house,165000,180000,2025S2,zone_median,2
SORISOLE,BG,villa,165000,180000,2025S2,zone_median,2
SORISOLE,BG,commercial,100000,145000,2025S2,zone_median,2
SOTTO IL MONTE G XXIII,BG,apartment,100000,140000,2025S2,zone_median,1
SOTTO IL MONTE G XXIII,BG,house,100000,145000,2025S2,zone_median,1
SOTTO IL MONTE G XXIII,BG,villa,100000,145000,2025S2,zone_median,1
SOTTO IL MONTE G XXIII,BG,commercial,95000,140000,2025S2,zone_median,1
SOVERE,BG,apartment,90000,110000,2025S2,zone_median,3
SOVERE,BG,house,110000,135000,2025S2,zone_median,2
SOVERE,BG,villa,110000,135000,2025S2,zone_median,2
SOVERE,BG,commercial,85000,135000,2025S2,zone_median,2
SPINONE AL LAGO,BG,apartment,99000,120000,2025S2,zone_median,2
SPINONE AL LAGO,BG,house,120000,140000,2025S2,zone_median,2
SPINONE AL LAGO,BG,villa,120000,140000,2025S2,zone_median,2
SPINONE AL LAGO,BG,commercial,95000,130000,2025S2,zone_median,1
SPIRANO,BG,apartment,77000,91500,2025S2,zone_median,2
SPIRANO,BG,house,97000,115000,2025S2,zone_median,2
SPIRANO,BG,villa,97000,115000,2025S2,zone_median,2
SPIRANO,BG,commercial,90000,145000,2025S2,zone_median,1
STEZZANO,BG,apartment,110000,130000,2025S2,zone_median,4
STEZZANO,BG,house,140000,160000,2025S2,zone_median,1
STEZZANO,BG,commercial,110000,160000,2025S2,zone_median,2
STEZZANO,BG,villa,140000,160000,2025S2,zone_median,1
STROZZA,BG,apartment,75000,91000,2025S2,zone_median,1
STROZZA,BG,house,87000,120000,2025S2,zone_median,1
STROZZA,BG,villa,87000,120000,2025S2,zone_median,1
STROZZA,BG,commercial,90000,110000,2025S2,zone_median,1
SUISIO,BG,apartment,89000,115000,2025S2,zone_median,1
SUISIO,BG,house,90000,120000,2025S2,zone_median,1
SUISIO,BG,villa,90000,120000,2025S2,zone_median,1
SUISIO,BG,commercial,90000,130000,2025S2,zone_median,1
TALEGGIO,BG,apartment,70000,85000,2025S2,zone_median,1
TALEGGIO,BG,house,81000,110000,2025S2,zone_median,1
TALEGGIO,BG,villa,81000,110000,2025S2,zone_median,1
TALEGGIO,BG,commercial,80000,110000,2025S2,zone_median,1
TAVERNOLA BERGAMASCA,BG,apartment,110000,130000,2025S2,zone_median,1
TAVERNOLA BERGAMASCA,BG,house,140000,150000,2025S2,zone_median,1
TAVERNOLA BERGAMASCA,BG,villa,140000,150000,2025S2,zone_median,1
TAVERNOLA BERGAMASCA,BG,commercial,140000,180000,2025S2,zone_median,1
TELGATE,BG,apartment,90000,125000,2025S2,zone_median,1
TELGATE,BG,house,100000,130000,2025S2,zone_median,1
TELGATE,BG,villa,100000,130000,2025S2,zone_median,1
TELGATE,BG,commercial,120000,140000,2025S2,zone_median,1
TERNO D`ISOLA,BG,apartment,112500,152500,2025S2,zone_median,2
TERNO D`ISOLA,BG,house,130000,155000,2025S2,zone_median,2
TERNO D`ISOLA,BG,villa,130000,155000,2025S2,zone_median,2
TERNO D`ISOLA,BG,commercial,95000,140000,2025S2,zone_median,2
TORRE BOLDONE,BG,apartment,145000,180000,2025S2,zone_median,3
TORRE BOLDONE,BG,house,170000,190000,2025S2,zone_median,2
TORRE BOLDONE,BG,villa,170000,190000,2025S2,zone_median,2
TORRE BOLDONE,BG,commercial,120000,150000,2025S2,zone_median,1
TORRE DE` BUSI,BG,apartment,97500,125000,2025S2,zone_median,2
TORRE DE` BUSI,BG,house,102500,130000,2025S2,zone_median,2
TORRE DE` BUSI,BG,villa,102500,130000,2025S2,zone_median,2
TORRE DE` ROVERI,BG,apartment,110000,130000,2025S2,zone_median,1
TORRE DE` ROVERI,BG,house,120000,140000,2025S2,zone_median,1
TORRE DE` ROVERI,BG,villa,120000,140000,2025S2,zone_median,1
TORRE DE` ROVERI,BG,commercial,140000,180000,2025S2,zone_median,1
TORRE PALLAVICINA,BG,apartment,75000,110000,2025S2,zone_median,1
TORRE PALLAVICINA,BG,house,85000,125000,2025S2,zone_median,1
TORRE PALLAVICINA,BG,villa,85000,125000,2025S2,zone_median,1
TORRE PALLAVICINA,BG,commercial,90000,120000,2025S2,zone_median,1
TRESCORE BALNEARIO,BG,apartment,110000,165000,2025S2,zone_median,1
TRESCORE BALNEARIO,BG,house,140000,160000,2025S2,zone_median,2
TRESCORE BALNEARIO,BG,villa,140000,160000,2025S2,zone_median,2
TRESCORE BALNEARIO,BG,commercial,110000,160000,2025S2,zone_median,1
TREVIGLIO,BG,apartment,135000,182500,2025S2,zone_median,6
TREVIGLIO,BG,house,150000,180000,2025S2,zone_median,4
TREVIGLIO,BG,commercial,125000,175000,2025S2,zone_median,6
TREVIGLIO,BG,villa,150000,180000,2025S2,zone_median,4
TREVIOLO,BG,apartment,130000,175000,2025S2,zone_median,4
TREVIOLO,BG,house,150000,220000,2025S2,zone_median,3
TREVIOLO,BG,villa,150000,220000,2025S2,zone_median,3
TREVIOLO,BG,commercial,110000,150000,2025S2,zone_median,2
URGNANO,BG,apartment,90000,122500,2025S2,zone_median,2
URGNANO,BG,house,102500,142500,2025S2,zone_median,2
URGNANO,BG,villa,102500,142500,2025S2,zone_median,2
URGNANO,BG,commercial,95000,125000,2025S2,zone_median,2
VALBONDIONE,BG,apartment,90000,120000,2025S2,zone_median,1
VALBONDIONE,BG,house,120000,140000,2025S2,zone_median,1
VALBONDIONE,BG,villa,120000,140000,2025S2,zone_median,1
VALBONDIONE,BG,commercial,95000,140000,2025S2,zone_median,1
VALBREMBO,BG,apartment,122500,160000,2025S2,zone_median,2
VALBREMBO,BG,house,160000,180000,2025S2,zone_median,3
VALBREMBO,BG,villa,160000,180000,2025S2,zone_median,3
VALBREMBO,BG,commercial,110000,150000,2025S2,zone_median,1
VALGOGLIO,BG,apartment,80000,110000,2025S2,zone_median,1
VALGOGLIO,BG,house,90000,110000,2025S2,zone_median,1
VALGOGLIO,BG,villa,90000,110000,2025S2,zone_median,1
VALGOGLIO,BG,commercial,90000,120000,2025S2,zone_median,1
VALLEVE,BG,apartment,75000,90000,2025S2,zone_median,1
VALLEVE,BG,house,81000,120000,2025S2,zone_median,1
VALLEVE,BG,villa,81000,120000,2025S2,zone_median,1
VALLEVE,BG,commercial,80000,110000,2025S2,zone_median,1
VALNEGRA,BG,apartment,72000,85000,2025S2,zone_median,1
VALNEGRA,BG,house,75000,96000,2025S2,zone_median,1
VALNEGRA,BG,villa,75000,96000,2025S2,zone_median,1
VALNEGRA,BG,commercial,80000,100000,2025S2,zone_median,1
VALTORTA,BG,apartment,70000,85000,2025S2,zone_median,1
VALTORTA,BG,house,81000,110000,2025S2,zone_median,1
VALTORTA,BG,villa,81000,110000,2025S2,zone_median,1
VALTORTA,BG,commercial,80000,100000,2025S2,zone_median,1
VEDESETA,BG,apartment,70000,85000,2025S2,zone_median,1
VEDESETA,BG,house,81000,110000,2025S2,zone_median,1
VEDESETA,BG,villa,81000,110000,2025S2,zone_median,1
VEDESETA,BG,commercial,80000,110000,2025S2,zone_median,1
VERDELLINO,BG,apartment,88500,110000,2025S2,zone_median,2
VERDELLINO,BG,house,110000,130000,2025S2,zone_median,2
VERDELLINO,BG,villa,110000,130000,2025S2,zone_median,2
VERDELLINO,BG,commercial,110000,165000,2025S2,zone_median,2
VERDELLO,BG,apartment,125000,165000,2025S2,zone_median,1
VERDELLO,BG,house,120000,170000,2025S2,zone_median,1
VERDELLO,BG,villa,120000,170000,2025S2,zone_median,1
VERDELLO,BG,commercial,90000,140000,2025S2,zone_median,1
VERTOVA,BG,apartment,79000,104500,2025S2,zone_median,2
VERTOVA,BG,house,90000,130000,2025S2,zone_median,1
VERTOVA,BG,villa,90000,130000,2025S2,zone_median,1
VERTOVA,BG,commercial,95000,140000,2025S2,zone_median,1
VIADANICA,BG,apartment,90000,100000,2025S2,zone_median,1
VIADANICA,BG,house,100000,110000,2025S2,zone_median,1
VIADANICA,BG,villa,100000,110000,2025S2,zone_median,1
VIADANICA,BG,commercial,95000,130000,2025S2,zone_median,1
VIGANO SAN MARTINO,BG,apartment,80000,90000,2025S2,zone_median,1
VIGANO SAN MARTINO,BG,house,100000,110000,2025S2,zone_median,1
VIGANO SAN MARTINO,BG,villa,100000,110000,2025S2,zone_median,1
VIGANO SAN MARTINO,BG,commercial,95000,130000,2025S2,zone_median,1
VIGOLO,BG,apartment,69000,89000,2025S2,zone_median,1
VIGOLO,BG,house,89000,99000,2025S2,zone_median,1
VIGOLO,BG,villa,89000,99000,2025S2,zone_median,1
VIGOLO,BG,commercial,95000,130000,2025S2,zone_median,1
VILLA D`ADDA,BG,apartment,92000,132500,2025S2,zone_median,2
VILLA D`ADDA,BG,house,90000,122500,2025S2,zone_median,2
VILLA D`ADDA,BG,villa,90000,122500,2025S2,zone_median,2
VILLA D`ADDA,BG,commercial,95000,140000,2025S2,zone_median,1
VILLA DI SERIO,BG,apartment,130000,150000,2025S2,zone_median,1
VILLA DI SERIO,BG,house,140000,160000,2025S2,zone_median,1
VILLA DI SERIO,BG,villa,140000,160000,2025S2,zone_median,1
VILLA DI SERIO,BG,commercial,100000,160000,2025S2,zone_median,1
VILLA D`OGNA,BG,apartment,80000,100000,2025S2,zone_median,2
VILLA D`OGNA,BG,house,90000,120000,2025S2,zone_median,2
VILLA D`OGNA,BG,villa,90000,120000,2025S2,zone_median,2
VILLA D`OGNA,BG,commercial,90000,120000,2025S2,zone_median,1
VILLONGO,BG,apartment,100000,140000,2025S2,zone_median,1
VILLONGO,BG,house,120000,130000,2025S2,zone_median,1
VILLONGO,BG,villa,120000,130000,2025S2,zone_median,1
VILLONGO,BG,commercial,110000,160000,2025S2,zone_median,1
VILMINORE DI SCALVE,BG,apartment,80000,110000,2025S2,zone_median,1
VILMINORE DI SCALVE,BG,house,100000,140000,2025S2,zone_median,1
VILMINORE DI SCALVE,BG,villa,100000,140000,2025S2,zone_median,1
VILMINORE DI SCALVE,BG,commercial,95000,130000,2025S2,zone_median,1
ZANDOBBIO,BG,apartment,90000,100000,2025S2,zone_median,2
ZANDOBBIO,BG,house,100000,120000,2025S2,zone_median,2
ZANDOBBIO,BG,villa,100000,120000,2025S2,zone_median,2
ZANDOBBIO,BG,commercial,90000,130000,2025S2,zone_median,1
ZANICA,BG,apartment,120000,160000,2025S2,zone_median,3
ZANICA,BG,house,110000,165000,2025S2,zone_median,3
ZANICA,BG,villa,110000,165000,2025S2,zone_median,3
ZANICA,BG,commercial,95000,132500,2025S2,zone_median,2
ZOGNO,BG,apartment,109000,132500,2025S2,zone_median,2
ZOGNO,BG,house,140000,150000,2025S2,zone_median,1
ZOGNO,BG,commercial,110000,165000,2025S2,zone_median,2
ZOGNO,BG,villa,140000,150000,2025S2,zone_median,1
SANT'OMOBONO TERME,BG,apartment,74000,88000,2025S2,zone_median,4
SANT'OMOBONO TERME,BG,house,86500,120000,2025S2,zone_median,2
SANT'OMOBONO TERME,BG,villa,86500,120000,2025S2,zone_median,2
SANT'OMOBONO TERME,BG,commercial,90000,130000,2025S2,zone_median,2
VAL BREMBILLA,BG,apartment,70000,80000,2025S2,zone_median,3
VAL BREMBILLA,BG,house,76000,97000,2025S2,zone_median,3
VAL BREMBILLA,BG,villa,76000,97000,2025S2,zone_median,3
VAL BREMBILLA,BG,commercial,80000,100000,2025S2,zone_median,3
BRESCIA,BS,apartment,150000,190000,2025S2,zone_median,23
BRESCIA,BS,house,157500,197500,2025S2,zone_median,20
BRESCIA,BS,commercial,101000,135000,2025S2,zone_median,22
BRESCIA,BS,villa,157500,197500,2025S2,zone_median,20
ACQUAFREDDA,BS,apartment,83000,100000,2025S2,zone_median,1
ACQUAFREDDA,BS,house,95000,130000,2025S2,zone_median,1
ACQUAFREDDA,BS,villa,95000,130000,2025S2,zone_median,1
ACQUAFREDDA,BS,commercial,74000,92000,2025S2,zone_median,1
ADRO,BS,apartment,112500,137500,2025S2,zone_median,2
ADRO,BS,house,105000,145000,2025S2,zone_median,1
ADRO,BS,commercial,96000,115000,2025S2,zone_median,2
ADRO,BS,villa,105000,145000,2025S2,zone_median,1
AGNOSINE,BS,apartment,72000,91000,2025S2,zone_median,1
AGNOSINE,BS,house,78000,98000,2025S2,zone_median,1
AGNOSINE,BS,villa,78000,98000,2025S2,zone_median,1
AGNOSINE,BS,commercial,74000,82000,2025S2,zone_median,1
ALFIANELLO,BS,apartment,74000,98000,2025S2,zone_median,1
ALFIANELLO,BS,house,78000,105000,2025S2,zone_median,1
ALFIANELLO,BS,villa,78000,105000,2025S2,zone_median,1
ALFIANELLO,BS,commercial,77000,98000,2025S2,zone_median,1
ANFO,BS,apartment,73000,93000,2025S2,zone_median,1
ANFO,BS,house,79000,100000,2025S2,zone_median,1
ANFO,BS,villa,79000,100000,2025S2,zone_median,1
ANFO,BS,commercial,74000,92000,2025S2,zone_median,1
ANGOLO TERME,BS,apartment,75500,92500,2025S2,zone_median,2
ANGOLO TERME,BS,house,83000,97500,2025S2,zone_median,2
ANGOLO TERME,BS,villa,83000,97500,2025S2,zone_median,2
ANGOLO TERME,BS,commercial,61000,74500,2025S2,zone_median,2
ARTOGNE,BS,apartment,94500,120000,2025S2,zone_median,2
ARTOGNE,BS,house,98000,130000,2025S2,zone_median,2
ARTOGNE,BS,villa,98000,130000,2025S2,zone_median,2
ARTOGNE,BS,commercial,68000,86000,2025S2,zone_median,2
AZZANO MELLA,BS,apartment,115000,135000,2025S2,zone_median,1
AZZANO MELLA,BS,house,125000,155000,2025S2,zone_median,1
AZZANO MELLA,BS,villa,125000,155000,2025S2,zone_median,1
AZZANO MELLA,BS,commercial,82000,110000,2025S2,zone_median,1
BAGNOLO MELLA,BS,apartment,125000,152500,2025S2,zone_median,2
BAGNOLO MELLA,BS,house,105000,125000,2025S2,zone_median,1
BAGNOLO MELLA,BS,commercial,83000,106000,2025S2,zone_median,2
BAGNOLO MELLA,BS,villa,105000,125000,2025S2,zone_median,1
BAGOLINO,BS,apartment,85000,115000,2025S2,zone_median,2
BAGOLINO,BS,house,100000,120000,2025S2,zone_median,2
BAGOLINO,BS,villa,100000,120000,2025S2,zone_median,2
BAGOLINO,BS,commercial,82000,110000,2025S2,zone_median,2
BARBARIGA,BS,apartment,77000,99000,2025S2,zone_median,3
BARBARIGA,BS,house,82500,107500,2025S2,zone_median,2
BARBARIGA,BS,villa,82500,107500,2025S2,zone_median,2
BARBARIGA,BS,commercial,78000,98000,2025S2,zone_median,3
BARGHE,BS,apartment,74000,93000,2025S2,zone_median,1
BARGHE,BS,house,78000,98000,2025S2,zone_median,1
BARGHE,BS,villa,78000,98000,2025S2,zone_median,1
BARGHE,BS,commercial,74000,92000,2025S2,zone_median,1
BASSANO BRESCIANO,BS,apartment,105000,125000,2025S2,zone_median,1
BASSANO BRESCIANO,BS,house,115000,145000,2025S2,zone_median,1
BASSANO BRESCIANO,BS,villa,115000,145000,2025S2,zone_median,1
BASSANO BRESCIANO,BS,commercial,82000,110000,2025S2,zone_median,1
BEDIZZOLE,BS,apartment,105000,115000,2025S2,zone_median,3
BEDIZZOLE,BS,house,115000,135000,2025S2,zone_median,3
BEDIZZOLE,BS,villa,115000,135000,2025S2,zone_median,3
BEDIZZOLE,BS,commercial,101000,115000,2025S2,zone_median,2
BERLINGO,BS,apartment,99000,120000,2025S2,zone_median,1
BERLINGO,BS,house,100000,120000,2025S2,zone_median,1
BERLINGO,BS,villa,100000,120000,2025S2,zone_median,1
BERLINGO,BS,commercial,80000,110000,2025S2,zone_median,1
BERZO DEMO,BS,apartment,73000,92000,2025S2,zone_median,1
BERZO DEMO,BS,house,78000,97000,2025S2,zone_median,1
BERZO DEMO,BS,villa,78000,97000,2025S2,zone_median,1
BERZO DEMO,BS,commercial,61000,77000,2025S2,zone_median,1
BERZO INFERIORE,BS,apartment,76000,94000,2025S2,zone_median,2
BERZO INFERIORE,BS,house,84000,97000,2025S2,zone_median,1
BERZO INFERIORE,BS,commercial,67500,80000,2025S2,zone_median,2
BERZO INFERIORE,BS,villa,84000,97000,2025S2,zone_median,1
BIENNO,BS,apartment,82000,95000,2025S2,zone_median,3
BIENNO,BS,house,83000,100000,2025S2,zone_median,2
BIENNO,BS,commercial,71000,77000,2025S2,zone_median,3
BIENNO,BS,villa,83000,100000,2025S2,zone_median,2
BIONE,BS,apartment,66000,86000,2025S2,zone_median,2
BIONE,BS,house,78000,98000,2025S2,zone_median,1
BIONE,BS,villa,78000,98000,2025S2,zone_median,1
BIONE,BS,commercial,74000,92000,2025S2,zone_median,1
BORGO SAN GIACOMO,BS,apartment,84000,99000,2025S2,zone_median,4
BORGO SAN GIACOMO,BS,house,96000,110000,2025S2,zone_median,4
BORGO SAN GIACOMO,BS,villa,96000,110000,2025S2,zone_median,4
BORGO SAN GIACOMO,BS,commercial,77000,92000,2025S2,zone_median,4
BORGOSATOLLO,BS,apartment,105000,125000,2025S2,zone_median,3
BORGOSATOLLO,BS,house,115000,145000,2025S2,zone_median,2
BORGOSATOLLO,BS,commercial,77000,110000,2025S2,zone_median,3
BORGOSATOLLO,BS,villa,115000,145000,2025S2,zone_median,2
BORNO,BS,apartment,120000,150000,2025S2,zone_median,2
BORNO,BS,house,120000,150000,2025S2,zone_median,2
BORNO,BS,commercial,110000,170000,2025S2,zone_median,1
BOTTICINO,BS,apartment,145000,180000,2025S2,zone_median,3
BOTTICINO,BS,house,145000,190000,2025S2,zone_median,3
BOTTICINO,BS,villa,145000,190000,2025S2,zone_median,3
BOTTICINO,BS,commercial,110000,140000,2025S2,zone_median,3
BOVEGNO,BS,apartment,74000,91000,2025S2,zone_median,2
BOVEGNO,BS,house,77000,92000,2025S2,zone_median,1
BOVEGNO,BS,commercial,71000,89000,2025S2,zone_median,2
BOVEGNO,BS,villa,77000,92000,2025S2,zone_median,1
BOVEZZO,BS,apartment,160000,187500,2025S2,zone_median,2
BOVEZZO,BS,house,160000,175000,2025S2,zone_median,1
BOVEZZO,BS,commercial,145000,190000,2025S2,zone_median,1
BOVEZZO,BS,villa,160000,175000,2025S2,zone_median,1
BRANDICO,BS,apartment,83000,120000,2025S2,zone_median,1
BRANDICO,BS,house,94000,120000,2025S2,zone_median,1
BRANDICO,BS,villa,94000,120000,2025S2,zone_median,1
BRANDICO,BS,commercial,77000,98000,2025S2,zone_median,1
BRAONE,BS,apartment,77000,85000,2025S2,zone_median,2
BRAONE,BS,house,81000,94000,2025S2,zone_median,1
BRAONE,BS,commercial,71500,77000,2025S2,zone_median,2
BRAONE,BS,villa,81000,94000,2025S2,zone_median,1
BRENO,BS,apartment,80500,106500,2025S2,zone_median,2
BRENO,BS,house,86000,110000,2025S2,zone_median,1
BRENO,BS,commercial,71500,89000,2025S2,zone_median,2
BRENO,BS,villa,86000,110000,2025S2,zone_median,1
BRIONE,BS,apartment,69000,92000,2025S2,zone_median,1
BRIONE,BS,house,73000,110000,2025S2,zone_median,1
BRIONE,BS,villa,73000,110000,2025S2,zone_median,1
BRIONE,BS,commercial,74000,92000,2025S2,zone_median,1
CAINO,BS,apartment,98000,125000,2025S2,zone_median,1
CAINO,BS,house,115000,160000,2025S2,zone_median,1
CAINO,BS,villa,115000,160000,2025S2,zone_median,1
CAINO,BS,commercial,92000,110000,2025S2,zone_median,1
CALCINATO,BS,apartment,98500,125000,2025S2,zone_median,2
CALCINATO,BS,house,105000,135000,2025S2,zone_median,1
CALCINATO,BS,commercial,89000,120000,2025S2,zone_median,2
CALCINATO,BS,villa,105000,135000,2025S2,zone_median,1
CALVAGESE DELLA RIVIERA,BS,apartment,105000,125000,2025S2,zone_median,3
CALVAGESE DELLA RIVIERA,BS,house,115000,145000,2025S2,zone_median,2
CALVAGESE DELLA RIVIERA,BS,commercial,69000,92000,2025S2,zone_median,3
CALVAGESE DELLA RIVIERA,BS,villa,115000,145000,2025S2,zone_median,2
CALVISANO,BS,apartment,75000,95000,2025S2,zone_median,3
CALVISANO,BS,house,86000,100000,2025S2,zone_median,3
CALVISANO,BS,villa,86000,100000,2025S2,zone_median,3
CALVISANO,BS,commercial,67000,92000,2025S2,zone_median,3
CAPO DI PONTE,BS,apartment,83000,99000,2025S2,zone_median,1
CAPO DI PONTE,BS,house,83000,110000,2025S2,zone_median,1
CAPO DI PONTE,BS,villa,83000,110000,2025S2,zone_median,1
CAPO DI PONTE,BS,commercial,77000,92000,2025S2,zone_median,1
CAPOVALLE,BS,apartment,70000,91000,2025S2,zone_median,1
CAPOVALLE,BS,house,78000,98000,2025S2,zone_median,1
CAPOVALLE,BS,villa,78000,98000,2025S2,zone_median,1
CAPOVALLE,BS,commercial,74000,92000,2025S2,zone_median,1
CAPRIANO DEL COLLE,BS,apartment,140000,170000,2025S2,zone_median,2
CAPRIANO DEL COLLE,BS,house,125000,157500,2025S2,zone_median,2
CAPRIANO DEL COLLE,BS,villa,125000,157500,2025S2,zone_median,2
CAPRIANO DEL COLLE,BS,commercial,98000,120000,2025S2,zone_median,2
CAPRIOLO,BS,apartment,101500,127500,2025S2,zone_median,2
CAPRIOLO,BS,house,112500,137500,2025S2,zone_median,2
CAPRIOLO,BS,villa,112500,137500,2025S2,zone_median,2
CAPRIOLO,BS,commercial,89000,109000,2025S2,zone_median,2
CARPENEDOLO,BS,apartment,92500,115000,2025S2,zone_median,2
CARPENEDOLO,BS,house,100000,125000,2025S2,zone_median,2
CARPENEDOLO,BS,villa,100000,125000,2025S2,zone_median,2
CARPENEDOLO,BS,commercial,74000,96000,2025S2,zone_median,2
CASTEGNATO,BS,apartment,127500,162500,2025S2,zone_median,2
CASTEGNATO,BS,house,125000,145000,2025S2,zone_median,1
CASTEGNATO,BS,commercial,89000,109000,2025S2,zone_median,2
CASTEGNATO,BS,villa,125000,145000,2025S2,zone_median,1
CASTELCOVATI,BS,apartment,86500,112500,2025S2,zone_median,2
CASTELCOVATI,BS,house,100000,127500,2025S2,zone_median,2
CASTELCOVATI,BS,villa,100000,127500,2025S2,zone_median,2
CASTELCOVATI,BS,commercial,79500,101000,2025S2,zone_median,2
CASTEL MELLA,BS,apartment,155000,195000,2025S2,zone_median,4
CASTEL MELLA,BS,house,170000,210000,2025S2,zone_median,4
CASTEL MELLA,BS,villa,170000,210000,2025S2,zone_median,4
CASTEL MELLA,BS,commercial,89000,109000,2025S2,zone_median,4
CASTENEDOLO,BS,apartment,110000,140000,2025S2,zone_median,3
CASTENEDOLO,BS,house,140000,160000,2025S2,zone_median,2
CASTENEDOLO,BS,villa,140000,160000,2025S2,zone_median,2
CASTENEDOLO,BS,commercial,87500,109000,2025S2,zone_median,2
CASTO,BS,apartment,72000,98000,2025S2,zone_median,1
CASTO,BS,house,76000,98000,2025S2,zone_median,1
CASTO,BS,villa,76000,98000,2025S2,zone_median,1
CASTO,BS,commercial,74000,92000,2025S2,zone_median,1
CASTREZZATO,BS,apartment,95000,120000,2025S2,zone_median,1
CASTREZZATO,BS,house,100000,130000,2025S2,zone_median,1
CASTREZZATO,BS,villa,100000,130000,2025S2,zone_median,1
CASTREZZATO,BS,commercial,80000,98000,2025S2,zone_median,1
CAZZAGO SAN MARTINO,BS,apartment,100000,135000,2025S2,zone_median,3
CAZZAGO SAN MARTINO,BS,house,115000,145000,2025S2,zone_median,3
CAZZAGO SAN MARTINO,BS,villa,115000,145000,2025S2,zone_median,3
CAZZAGO SAN MARTINO,BS,commercial,89000,109000,2025S2,zone_median,2
CEDEGOLO,BS,apartment,75000,97000,2025S2,zone_median,1
CEDEGOLO,BS,house,81000,100000,2025S2,zone_median,1
CEDEGOLO,BS,villa,81000,100000,2025S2,zone_median,1
CEDEGOLO,BS,commercial,74000,92000,2025S2,zone_median,1
CELLATICA,BS,apartment,142500,175000,2025S2,zone_median,2
CELLATICA,BS,house,165000,207500,2025S2,zone_median,2
CELLATICA,BS,villa,165000,207500,2025S2,zone_median,2
CELLATICA,BS,commercial,109000,145000,2025S2,zone_median,2
CERVENO,BS,apartment,69000,95000,2025S2,zone_median,1
CERVENO,BS,house,81000,100000,2025S2,zone_median,1
CERVENO,BS,villa,81000,100000,2025S2,zone_median,1
CERVENO,BS,commercial,74000,92000,2025S2,zone_median,1
CETO,BS,apartment,69000,95000,2025S2,zone_median,1
CETO,BS,house,81000,100000,2025S2,zone_median,1
CETO,BS,villa,81000,100000,2025S2,zone_median,1
CETO,BS,commercial,74000,92000,2025S2,zone_median,1
CEVO,BS,apartment,68000,92500,2025S2,zone_median,2
CEVO,BS,house,81000,100000,2025S2,zone_median,1
CEVO,BS,villa,81000,100000,2025S2,zone_median,1
CEVO,BS,commercial,66000,84500,2025S2,zone_median,2
CHIARI,BS,apartment,125000,155000,2025S2,zone_median,4
CHIARI,BS,house,125000,165000,2025S2,zone_median,3
CHIARI,BS,commercial,110000,130000,2025S2,zone_median,3
CHIARI,BS,villa,125000,165000,2025S2,zone_median,3
CIGOLE,BS,apartment,76000,105000,2025S2,zone_median,1
CIGOLE,BS,house,93000,125000,2025S2,zone_median,1
CIGOLE,BS,villa,93000,125000,2025S2,zone_median,1
CIGOLE,BS,commercial,80000,98000,2025S2,zone_median,1
CIMBERGO,BS,apartment,70000,97000,2025S2,zone_median,1
CIMBERGO,BS,house,82000,110000,2025S2,zone_median,1
CIMBERGO,BS,villa,82000,110000,2025S2,zone_median,1
CIMBERGO,BS,commercial,77000,98000,2025S2,zone_median,1
TAVERNOLE SUL MELLA,BS,apartment,71000,98000,2025S2,zone_median,1
TAVERNOLE SUL MELLA,BS,house,79000,110000,2025S2,zone_median,1
TAVERNOLE SUL MELLA,BS,villa,79000,110000,2025S2,zone_median,1
TAVERNOLE SUL MELLA,BS,commercial,74000,92000,2025S2,zone_median,1
CIVIDATE CAMUNO,BS,apartment,70000,95000,2025S2,zone_median,2
CIVIDATE CAMUNO,BS,house,81500,103500,2025S2,zone_median,2
CIVIDATE CAMUNO,BS,villa,81500,103500,2025S2,zone_median,2
CIVIDATE CAMUNO,BS,commercial,76000,82000,2025S2,zone_median,2
COCCAGLIO,BS,apartment,117500,152500,2025S2,zone_median,2
COCCAGLIO,BS,house,130000,160000,2025S2,zone_median,1
COCCAGLIO,BS,villa,130000,160000,2025S2,zone_median,1
COCCAGLIO,BS,commercial,120000,130000,2025S2,zone_median,1
COLLEBEATO,BS,apartment,135000,182500,2025S2,zone_median,2
COLLEBEATO,BS,house,160000,207500,2025S2,zone_median,2
COLLEBEATO,BS,villa,160000,207500,2025S2,zone_median,2
COLLEBEATO,BS,commercial,109000,147500,2025S2,zone_median,2
COLLIO,BS,apartment,78000,110000,2025S2,zone_median,1
COLLIO,BS,house,87000,115000,2025S2,zone_median,1
COLLIO,BS,villa,87000,115000,2025S2,zone_median,1
COLLIO,BS,commercial,92000,110000,2025S2,zone_median,1
COLOGNE,BS,apartment,98000,117500,2025S2,zone_median,2
COLOGNE,BS,house,102500,137500,2025S2,zone_median,2
COLOGNE,BS,villa,102500,137500,2025S2,zone_median,2
COLOGNE,BS,commercial,87500,109000,2025S2,zone_median,2
COMEZZANO-CIZZAGO,BS,apartment,87000,120000,2025S2,zone_median,1
COMEZZANO-CIZZAGO,BS,house,100000,140000,2025S2,zone_median,1
COMEZZANO-CIZZAGO,BS,villa,100000,140000,2025S2,zone_median,1
COMEZZANO-CIZZAGO,BS,commercial,92000,110000,2025S2,zone_median,1
CONCESIO,BS,apartment,115000,155000,2025S2,zone_median,3
CONCESIO,BS,house,135000,190000,2025S2,zone_median,3
CONCESIO,BS,villa,135000,190000,2025S2,zone_median,3
CONCESIO,BS,commercial,92000,110000,2025S2,zone_median,3
CORTE FRANCA,BS,apartment,105000,125000,2025S2,zone_median,3
CORTE FRANCA,BS,house,115000,135000,2025S2,zone_median,3
CORTE FRANCA,BS,villa,115000,135000,2025S2,zone_median,3
CORTE FRANCA,BS,commercial,92000,110000,2025S2,zone_median,3
CORTENO GOLGI,BS,apartment,80500,106500,2025S2,zone_median,2
CORTENO GOLGI,BS,house,90000,120000,2025S2,zone_median,2
CORTENO GOLGI,BS,villa,90000,120000,2025S2,zone_median,2
CORTENO GOLGI,BS,commercial,79500,101000,2025S2,zone_median,2
CORZANO,BS,apartment,86000,120000,2025S2,zone_median,2
CORZANO,BS,house,96000,130000,2025S2,zone_median,2
CORZANO,BS,villa,96000,130000,2025S2,zone_median,2
CORZANO,BS,commercial,80000,98000,2025S2,zone_median,2
DARFO BOARIO TERME,BS,apartment,94000,130000,2025S2,zone_median,3
DARFO BOARIO TERME,BS,house,110000,150000,2025S2,zone_median,3
DARFO BOARIO TERME,BS,villa,110000,150000,2025S2,zone_median,3
DARFO BOARIO TERME,BS,commercial,98000,120000,2025S2,zone_median,3
DELLO,BS,apartment,115000,145000,2025S2,zone_median,2
DELLO,BS,house,88000,110000,2025S2,zone_median,1
DELLO,BS,commercial,81500,101000,2025S2,zone_median,2
DELLO,BS,villa,88000,110000,2025S2,zone_median,1
DESENZANO DEL GARDA,BS,apartment,230000,310000,2025S2,zone_median,5
DESENZANO DEL GARDA,BS,house,277500,340000,2025S2,zone_median,4
DESENZANO DEL GARDA,BS,villa,277500,340000,2025S2,zone_median,4
DESENZANO DEL GARDA,BS,commercial,145000,212500,2025S2,zone_median,4
EDOLO,BS,apartment,100000,130000,2025S2,zone_median,1
EDOLO,BS,house,110000,140000,2025S2,zone_median,1
EDOLO,BS,villa,110000,140000,2025S2,zone_median,1
EDOLO,BS,commercial,98000,120000,2025S2,zone_median,1
ERBUSCO,BS,apartment,117500,150000,2025S2,zone_median,2
ERBUSCO,BS,house,132500,165000,2025S2,zone_median,2
ERBUSCO,BS,villa,132500,165000,2025S2,zone_median,2
ERBUSCO,BS,commercial,101000,120000,2025S2,zone_median,2
ESINE,BS,apartment,79500,100000,2025S2,zone_median,2
ESINE,BS,house,93500,115000,2025S2,zone_median,2
ESINE,BS,villa,93500,115000,2025S2,zone_median,2
ESINE,BS,commercial,74000,98000,2025S2,zone_median,2
FIESSE,BS,apartment,76000,100000,2025S2,zone_median,1
FIESSE,BS,house,85000,110000,2025S2,zone_median,1
FIESSE,BS,villa,85000,110000,2025S2,zone_median,1
FIESSE,BS,commercial,77000,98000,2025S2,zone_median,1
FLERO,BS,apartment,167500,202500,2025S2,zone_median,2
FLERO,BS,house,150000,180000,2025S2,zone_median,2
FLERO,BS,villa,150000,180000,2025S2,zone_median,2
FLERO,BS,commercial,101000,125000,2025S2,zone_median,2
GAMBARA,BS,apartment,80000,110000,2025S2,zone_median,1
GAMBARA,BS,house,93000,120000,2025S2,zone_median,1
GAMBARA,BS,villa,93000,120000,2025S2,zone_median,1
GAMBARA,BS,commercial,82000,110000,2025S2,zone_median,1
GARDONE RIVIERA,BS,apartment,262500,330000,2025S2,zone_median,4
GARDONE RIVIERA,BS,house,245000,302500,2025S2,zone_median,2
GARDONE RIVIERA,BS,commercial,202500,260000,2025S2,zone_median,4
GARDONE RIVIERA,BS,villa,245000,302500,2025S2,zone_median,2
GARDONE VAL TROMPIA,BS,apartment,88500,125000,2025S2,zone_median,2
GARDONE VAL TROMPIA,BS,house,100000,140000,2025S2,zone_median,1
GARDONE VAL TROMPIA,BS,commercial,110000,150000,2025S2,zone_median,2
GARDONE VAL TROMPIA,BS,villa,100000,140000,2025S2,zone_median,1
GARGNANO,BS,apartment,240000,310000,2025S2,zone_median,2
GARGNANO,BS,house,225000,292500,2025S2,zone_median,2
GARGNANO,BS,villa,225000,292500,2025S2,zone_median,2
GARGNANO,BS,commercial,142500,190000,2025S2,zone_median,2
GAVARDO,BS,apartment,94500,125000,2025S2,zone_median,2
GAVARDO,BS,house,110000,150000,2025S2,zone_median,2
GAVARDO,BS,villa,110000,150000,2025S2,zone_median,2
GAVARDO,BS,commercial,90000,109000,2025S2,zone_median,2
GHEDI,BS,apartment,97000,135000,2025S2,zone_median,3
GHEDI,BS,house,115000,140000,2025S2,zone_median,3
GHEDI,BS,villa,115000,140000,2025S2,zone_median,3
GHEDI,BS,commercial,80000,98000,2025S2,zone_median,3
GIANICO,BS,apartment,72500,96000,2025S2,zone_median,2
GIANICO,BS,house,80000,101000,2025S2,zone_median,2
GIANICO,BS,villa,80000,101000,2025S2,zone_median,2
GIANICO,BS,commercial,69500,89000,2025S2,zone_median,2
GOTTOLENGO,BS,apartment,95000,120000,2025S2,zone_median,1
GOTTOLENGO,BS,house,110000,130000,2025S2,zone_median,1
GOTTOLENGO,BS,villa,110000,130000,2025S2,zone_median,1
GOTTOLENGO,BS,commercial,77000,98000,2025S2,zone_median,1
GUSSAGO,BS,apartment,130000,185000,2025S2,zone_median,3
GUSSAGO,BS,house,175000,230000,2025S2,zone_median,1
GUSSAGO,BS,villa,175000,230000,2025S2,zone_median,1
GUSSAGO,BS,commercial,92000,120000,2025S2,zone_median,3
IDRO,BS,apartment,93000,115000,2025S2,zone_median,1
IDRO,BS,house,115000,130000,2025S2,zone_median,1
IDRO,BS,villa,115000,130000,2025S2,zone_median,1
IDRO,BS,commercial,82000,110000,2025S2,zone_median,1
INCUDINE,BS,apartment,82000,100000,2025S2,zone_median,1
INCUDINE,BS,house,86000,110000,2025S2,zone_median,1
INCUDINE,BS,villa,86000,110000,2025S2,zone_median,1
INCUDINE,BS,commercial,80000,98000,2025S2,zone_median,1
IRMA,BS,apartment,71000,93000,2025S2,zone_median,1
IRMA,BS,house,84000,115000,2025S2,zone_median,1
IRMA,BS,villa,84000,115000,2025S2,zone_median,1
IRMA,BS,commercial,80000,98000,2025S2,zone_median,1
ISEO,BS,apartment,150000,200000,2025S2,zone_median,4
ISEO,BS,house,165000,235000,2025S2,zone_median,4
ISEO,BS,villa,165000,235000,2025S2,zone_median,4
ISEO,BS,commercial,110000,160000,2025S2,zone_median,4
ISORELLA,BS,apartment,93000,110000,2025S2,zone_median,1
ISORELLA,BS,house,100000,130000,2025S2,zone_median,1
ISORELLA,BS,villa,100000,130000,2025S2,zone_median,1
ISORELLA,BS,commercial,76000,92000,2025S2,zone_median,1
LAVENONE,BS,apartment,64500,84500,2025S2,zone_median,2
LAVENONE,BS,house,76000,110000,2025S2,zone_median,1
LAVENONE,BS,villa,76000,110000,2025S2,zone_median,1
LAVENONE,BS,commercial,77000,98000,2025S2,zone_median,1
LENO,BS,apartment,91000,120000,2025S2,zone_median,3
LENO,BS,house,100000,130000,2025S2,zone_median,3
LENO,BS,villa,100000,130000,2025S2,zone_median,3
LENO,BS,commercial,71000,92000,2025S2,zone_median,3
LIMONE SUL GARDA,BS,apartment,242500,332500,2025S2,zone_median,2
LIMONE SUL GARDA,BS,house,210000,300000,2025S2,zone_median,1
LIMONE SUL GARDA,BS,villa,210000,300000,2025S2,zone_median,1
LIMONE SUL GARDA,BS,commercial,192500,317500,2025S2,zone_median,2
LODRINO,BS,apartment,77000,98000,2025S2,zone_median,1
LODRINO,BS,house,81000,110000,2025S2,zone_median,1
LODRINO,BS,villa,81000,110000,2025S2,zone_median,1
LODRINO,BS,commercial,77000,98000,2025S2,zone_median,1
LOGRATO,BS,apartment,100000,130000,2025S2,zone_median,1
LOGRATO,BS,house,120000,140000,2025S2,zone_median,1
LOGRATO,BS,villa,120000,140000,2025S2,zone_median,1
LOGRATO,BS,commercial,98000,120000,2025S2,zone_median,1
LONGHENA,BS,apartment,77000,110000,2025S2,zone_median,1
LONGHENA,BS,house,90000,120000,2025S2,zone_median,1
LONGHENA,BS,villa,90000,120000,2025S2,zone_median,1
LONGHENA,BS,commercial,80000,98000,2025S2,zone_median,1
LOSINE,BS,apartment,72000,100000,2025S2,zone_median,1
LOSINE,BS,house,85000,110000,2025S2,zone_median,1
LOSINE,BS,villa,85000,110000,2025S2,zone_median,1
LOSINE,BS,commercial,80000,98000,2025S2,zone_median,1
LOZIO,BS,apartment,71000,97500,2025S2,zone_median,2
LOZIO,BS,house,85000,110000,2025S2,zone_median,1
LOZIO,BS,villa,85000,110000,2025S2,zone_median,1
LOZIO,BS,commercial,80000,98000,2025S2,zone_median,1
LUMEZZANE,BS,apartment,93000,135000,2025S2,zone_median,3
LUMEZZANE,BS,house,115000,165000,2025S2,zone_median,3
LUMEZZANE,BS,villa,115000,165000,2025S2,zone_median,3
LUMEZZANE,BS,commercial,98000,130000,2025S2,zone_median,3
MACLODIO,BS,apartment,97000,120000,2025S2,zone_median,1
MACLODIO,BS,house,110000,130000,2025S2,zone_median,1
MACLODIO,BS,villa,110000,130000,2025S2,zone_median,1
MACLODIO,BS,commercial,77000,98000,2025S2,zone_median,1
MAIRANO,BS,apartment,92000,120000,2025S2,zone_median,1
MAIRANO,BS,house,98000,130000,2025S2,zone_median,1
MAIRANO,BS,villa,98000,130000,2025S2,zone_median,1
MAIRANO,BS,commercial,77000,110000,2025S2,zone_median,1
MALEGNO,BS,apartment,71000,97000,2025S2,zone_median,1
MALEGNO,BS,house,83000,110000,2025S2,zone_median,1
MALEGNO,BS,villa,83000,110000,2025S2,zone_median,1
MALEGNO,BS,commercial,62000,80000,2025S2,zone_median,1
MALONNO,BS,apartment,69000,93000,2025S2,zone_median,3
MALONNO,BS,house,80000,97000,2025S2,zone_median,3
MALONNO,BS,villa,80000,97000,2025S2,zone_median,3
MALONNO,BS,commercial,62500,77000,2025S2,zone_median,2
MANERBA DEL GARDA,BS,apartment,180000,260000,2025S2,zone_median,3
MANERBA DEL GARDA,BS,house,230000,300000,2025S2,zone_median,3
MANERBA DEL GARDA,BS,villa,230000,300000,2025S2,zone_median,3
MANERBA DEL GARDA,BS,commercial,145000,190000,2025S2,zone_median,3
MANERBIO,BS,apartment,112500,142500,2025S2,zone_median,2
MANERBIO,BS,house,122500,155000,2025S2,zone_median,2
MANERBIO,BS,villa,122500,155000,2025S2,zone_median,2
MANERBIO,BS,commercial,97500,120000,2025S2,zone_median,2
MARCHENO,BS,apartment,81500,104000,2025S2,zone_median,2
MARCHENO,BS,house,88500,106500,2025S2,zone_median,2
MARCHENO,BS,villa,88500,106500,2025S2,zone_median,2
MARCHENO,BS,commercial,80500,90000,2025S2,zone_median,2
MARMENTINO,BS,apartment,63000,84000,2025S2,zone_median,1
MARMENTINO,BS,house,73000,93000,2025S2,zone_median,1
MARMENTINO,BS,villa,73000,93000,2025S2,zone_median,1
MARMENTINO,BS,commercial,53000,71000,2025S2,zone_median,1
MARONE,BS,apartment,115000,142500,2025S2,zone_median,2
MARONE,BS,house,132500,155000,2025S2,zone_median,2
MARONE,BS,villa,132500,155000,2025S2,zone_median,2
MARONE,BS,commercial,82000,106000,2025S2,zone_median,2
MAZZANO,BS,apartment,107500,130000,2025S2,zone_median,2
MAZZANO,BS,house,120000,147500,2025S2,zone_median,2
MAZZANO,BS,villa,120000,147500,2025S2,zone_median,2
MAZZANO,BS,commercial,89000,109000,2025S2,zone_median,2
MILZANO,BS,apartment,75000,98000,2025S2,zone_median,1
MILZANO,BS,house,77000,105000,2025S2,zone_median,1
MILZANO,BS,villa,77000,105000,2025S2,zone_median,1
MILZANO,BS,commercial,74000,92000,2025S2,zone_median,1
MONIGA DEL GARDA,BS,apartment,225000,270000,2025S2,zone_median,3
MONIGA DEL GARDA,BS,house,250000,300000,2025S2,zone_median,3
MONIGA DEL GARDA,BS,villa,250000,300000,2025S2,zone_median,3
MONIGA DEL GARDA,BS,commercial,120000,145000,2025S2,zone_median,3
MONNO,BS,apartment,73000,100000,2025S2,zone_median,1
MONNO,BS,house,82000,100000,2025S2,zone_median,1
MONNO,BS,villa,82000,100000,2025S2,zone_median,1
MONNO,BS,commercial,74000,98000,2025S2,zone_median,1
MONTICHIARI,BS,apartment,107500,140000,2025S2,zone_median,4
MONTICHIARI,BS,house,155000,190000,2025S2,zone_median,1
MONTICHIARI,BS,villa,155000,190000,2025S2,zone_median,1
MONTICHIARI,BS,commercial,92000,120000,2025S2,zone_median,3
MONTE ISOLA,BS,apartment,132500,172500,2025S2,zone_median,2
MONTE ISOLA,BS,house,135000,175000,2025S2,zone_median,1
MONTE ISOLA,BS,commercial,90000,130000,2025S2,zone_median,2
MONTE ISOLA,BS,villa,135000,175000,2025S2,zone_median,1
MONTICELLI BRUSATI,BS,apartment,120000,150000,2025S2,zone_median,1
MONTICELLI BRUSATI,BS,house,130000,175000,2025S2,zone_median,1
MONTICELLI BRUSATI,BS,villa,130000,175000,2025S2,zone_median,1
MONTICELLI BRUSATI,BS,commercial,110000,120000,2025S2,zone_median,1
MONTIRONE,BS,apartment,120000,150000,2025S2,zone_median,1
MONTIRONE,BS,house,110000,130000,2025S2,zone_median,1
MONTIRONE,BS,villa,110000,130000,2025S2,zone_median,1
MONTIRONE,BS,commercial,80000,98000,2025S2,zone_median,1
MURA,BS,apartment,66000,89000,2025S2,zone_median,1
MURA,BS,house,74000,93000,2025S2,zone_median,1
MURA,BS,villa,74000,93000,2025S2,zone_median,1
MURA,BS,commercial,55000,74000,2025S2,zone_median,1
MUSCOLINE,BS,apartment,100000,120000,2025S2,zone_median,1
MUSCOLINE,BS,house,115000,130000,2025S2,zone_median,1
MUSCOLINE,BS,villa,115000,130000,2025S2,zone_median,1
MUSCOLINE,BS,commercial,92000,110000,2025S2,zone_median,1
NAVE,BS,apartment,125000,145000,2025S2,zone_median,2
NAVE,BS,house,135000,155000,2025S2,zone_median,2
NAVE,BS,villa,135000,155000,2025S2,zone_median,2
NAVE,BS,commercial,89000,109000,2025S2,zone_median,2
NIARDO,BS,apartment,68000,92500,2025S2,zone_median,2
NIARDO,BS,house,87500,102500,2025S2,zone_median,2
NIARDO,BS,villa,87500,102500,2025S2,zone_median,2
NIARDO,BS,commercial,57000,74000,2025S2,zone_median,2
NUVOLENTO,BS,apartment,115000,140000,2025S2,zone_median,2
NUVOLENTO,BS,house,125000,160000,2025S2,zone_median,1
NUVOLENTO,BS,villa,125000,160000,2025S2,zone_median,1
NUVOLENTO,BS,commercial,92000,120000,2025S2,zone_median,2
NUVOLERA,BS,apartment,115000,140000,2025S2,zone_median,2
NUVOLERA,BS,house,125000,160000,2025S2,zone_median,1
NUVOLERA,BS,villa,125000,160000,2025S2,zone_median,1
NUVOLERA,BS,commercial,82000,98000,2025S2,zone_median,2
ODOLO,BS,apartment,72000,98000,2025S2,zone_median,2
ODOLO,BS,house,93000,110000,2025S2,zone_median,2
ODOLO,BS,villa,93000,110000,2025S2,zone_median,2
ODOLO,BS,commercial,74000,92000,2025S2,zone_median,1
OFFLAGA,BS,apartment,89500,115000,2025S2,zone_median,2
OFFLAGA,BS,house,98500,130000,2025S2,zone_median,2
OFFLAGA,BS,villa,98500,130000,2025S2,zone_median,2
OFFLAGA,BS,commercial,80000,98000,2025S2,zone_median,2
OME,BS,apartment,130000,160000,2025S2,zone_median,1
OME,BS,house,140000,175000,2025S2,zone_median,1
OME,BS,villa,140000,175000,2025S2,zone_median,1
OME,BS,commercial,98000,120000,2025S2,zone_median,1
ONO SAN PIETRO,BS,apartment,71000,97000,2025S2,zone_median,1
ONO SAN PIETRO,BS,house,83000,110000,2025S2,zone_median,1
ONO SAN PIETRO,BS,villa,83000,110000,2025S2,zone_median,1
ONO SAN PIETRO,BS,commercial,62000,98000,2025S2,zone_median,1
ORZINUOVI,BS,apartment,100000,130000,2025S2,zone_median,3
ORZINUOVI,BS,house,120000,145000,2025S2,zone_median,1
ORZINUOVI,BS,commercial,97500,120000,2025S2,zone_median,2
ORZINUOVI,BS,villa,120000,145000,2025S2,zone_median,1
ORZIVECCHI,BS,apartment,94000,120000,2025S2,zone_median,1
ORZIVECCHI,BS,house,99000,130000,2025S2,zone_median,1
ORZIVECCHI,BS,villa,99000,130000,2025S2,zone_median,1
ORZIVECCHI,BS,commercial,77000,98000,2025S2,zone_median,1
OSPITALETTO,BS,apartment,115000,155000,2025S2,zone_median,2
OSPITALETTO,BS,house,135000,175000,2025S2,zone_median,1
OSPITALETTO,BS,commercial,87000,109000,2025S2,zone_median,2
OSPITALETTO,BS,villa,135000,175000,2025S2,zone_median,1
OSSIMO,BS,apartment,69000,95000,2025S2,zone_median,1
OSSIMO,BS,house,81000,100000,2025S2,zone_median,1
OSSIMO,BS,villa,81000,100000,2025S2,zone_median,1
OSSIMO,BS,commercial,74000,92000,2025S2,zone_median,1
PADENGHE SUL GARDA,BS,apartment,225000,270000,2025S2,zone_median,3
PADENGHE SUL GARDA,BS,house,250000,300000,2025S2,zone_median,3
PADENGHE SUL GARDA,BS,villa,250000,300000,2025S2,zone_median,3
PADENGHE SUL GARDA,BS,commercial,140000,205000,2025S2,zone_median,3
PADERNO FRANCIACORTA,BS,apartment,117500,142500,2025S2,zone_median,2
PADERNO FRANCIACORTA,BS,house,127500,160000,2025S2,zone_median,2
PADERNO FRANCIACORTA,BS,villa,127500,160000,2025S2,zone_median,2
PADERNO FRANCIACORTA,BS,commercial,104000,120000,2025S2,zone_median,2
PAISCO LOVENO,BS,apartment,73000,94000,2025S2,zone_median,1
PAISCO LOVENO,BS,house,78000,97000,2025S2,zone_median,1
PAISCO LOVENO,BS,villa,78000,97000,2025S2,zone_median,1
PAISCO LOVENO,BS,commercial,55000,74000,2025S2,zone_median,1
PAITONE,BS,apartment,100000,120000,2025S2,zone_median,1
PAITONE,BS,house,115000,135000,2025S2,zone_median,1
PAITONE,BS,villa,115000,135000,2025S2,zone_median,1
PAITONE,BS,commercial,92000,120000,2025S2,zone_median,1
PALAZZOLO SULL`OGLIO,BS,apartment,117500,150000,2025S2,zone_median,2
PALAZZOLO SULL`OGLIO,BS,house,135000,170000,2025S2,zone_median,1
PALAZZOLO SULL`OGLIO,BS,commercial,93000,130000,2025S2,zone_median,2
PALAZZOLO SULL`OGLIO,BS,villa,135000,170000,2025S2,zone_median,1
PARATICO,BS,apartment,117500,150000,2025S2,zone_median,2
PARATICO,BS,house,132500,162500,2025S2,zone_median,2
PARATICO,BS,villa,132500,162500,2025S2,zone_median,2
PARATICO,BS,commercial,98000,120000,2025S2,zone_median,1
PASPARDO,BS,apartment,71000,97000,2025S2,zone_median,1
PASPARDO,BS,house,83000,110000,2025S2,zone_median,1
PASPARDO,BS,villa,83000,110000,2025S2,zone_median,1
PASPARDO,BS,commercial,77000,98000,2025S2,zone_median,1
PASSIRANO,BS,apartment,110000,140000,2025S2,zone_median,4
PASSIRANO,BS,house,130000,150000,2025S2,zone_median,3
PASSIRANO,BS,villa,130000,150000,2025S2,zone_median,3
PASSIRANO,BS,commercial,80000,98000,2025S2,zone_median,4
PAVONE DEL MELLA,BS,apartment,86000,110000,2025S2,zone_median,1
PAVONE DEL MELLA,BS,house,95000,120000,2025S2,zone_median,1
PAVONE DEL MELLA,BS,villa,95000,120000,2025S2,zone_median,1
PAVONE DEL MELLA,BS,commercial,77000,98000,2025S2,zone_median,1
SAN PAOLO,BS,apartment,83000,110000,2025S2,zone_median,1
SAN PAOLO,BS,house,94000,130000,2025S2,zone_median,1
SAN PAOLO,BS,villa,94000,130000,2025S2,zone_median,1
SAN PAOLO,BS,commercial,74000,92000,2025S2,zone_median,1
PERTICA ALTA,BS,apartment,61500,80000,2025S2,zone_median,2
PERTICA ALTA,BS,house,74000,93000,2025S2,zone_median,1
PERTICA ALTA,BS,villa,74000,93000,2025S2,zone_median,1
PERTICA ALTA,BS,commercial,54000,72000,2025S2,zone_median,1
PERTICA BASSA,BS,apartment,61500,80000,2025S2,zone_median,2
PERTICA BASSA,BS,house,74000,93000,2025S2,zone_median,1
PERTICA BASSA,BS,villa,74000,93000,2025S2,zone_median,1
PERTICA BASSA,BS,commercial,54000,72000,2025S2,zone_median,1
PEZZAZE,BS,apartment,71000,98000,2025S2,zone_median,1
PEZZAZE,BS,house,79000,110000,2025S2,zone_median,1
PEZZAZE,BS,villa,79000,110000,2025S2,zone_median,1
PEZZAZE,BS,commercial,77000,92000,2025S2,zone_median,1
PIAN CAMUNO,BS,apartment,95500,125000,2025S2,zone_median,2
PIAN CAMUNO,BS,house,96500,135000,2025S2,zone_median,2
PIAN CAMUNO,BS,villa,96500,135000,2025S2,zone_median,2
PIAN CAMUNO,BS,commercial,82000,114000,2025S2,zone_median,2
PIANCOGNO,BS,apartment,73000,93500,2025S2,zone_median,2
PIANCOGNO,BS,house,79500,97500,2025S2,zone_median,2
PIANCOGNO,BS,villa,79500,97500,2025S2,zone_median,2
PIANCOGNO,BS,commercial,68000,86000,2025S2,zone_median,2
PISOGNE,BS,apartment,95000,125000,2025S2,zone_median,3
PISOGNE,BS,house,105000,135000,2025S2,zone_median,3
PISOGNE,BS,villa,105000,135000,2025S2,zone_median,3
PISOGNE,BS,commercial,75500,95000,2025S2,zone_median,2
POLAVENO,BS,apartment,87000,104000,2025S2,zone_median,2
POLAVENO,BS,house,92000,115000,2025S2,zone_median,2
POLAVENO,BS,villa,92000,115000,2025S2,zone_median,2
POLAVENO,BS,commercial,87500,104000,2025S2,zone_median,2
POLPENAZZE DEL GARDA,BS,apartment,137500,190000,2025S2,zone_median,2
POLPENAZZE DEL GARDA,BS,house,157500,215000,2025S2,zone_median,2
POLPENAZZE DEL GARDA,BS,villa,157500,215000,2025S2,zone_median,2
POLPENAZZE DEL GARDA,BS,commercial,95000,127500,2025S2,zone_median,2
POMPIANO,BS,apartment,83000,105000,2025S2,zone_median,2
POMPIANO,BS,house,91000,115000,2025S2,zone_median,2
POMPIANO,BS,villa,91000,115000,2025S2,zone_median,2
POMPIANO,BS,commercial,74000,96000,2025S2,zone_median,2
PONCARALE,BS,apartment,135000,162500,2025S2,zone_median,2
PONCARALE,BS,house,120000,150000,2025S2,zone_median,2
PONCARALE,BS,villa,120000,150000,2025S2,zone_median,2
PONCARALE,BS,commercial,89000,115000,2025S2,zone_median,2
PONTE DI LEGNO,BS,apartment,272500,405000,2025S2,zone_median,4
PONTE DI LEGNO,BS,house,217500,320000,2025S2,zone_median,2
PONTE DI LEGNO,BS,commercial,172500,230000,2025S2,zone_median,4
PONTE DI LEGNO,BS,villa,217500,320000,2025S2,zone_median,2
PONTEVICO,BS,apartment,76000,98000,2025S2,zone_median,3
PONTEVICO,BS,house,80000,115000,2025S2,zone_median,3
PONTEVICO,BS,villa,80000,115000,2025S2,zone_median,3
PONTEVICO,BS,commercial,72000,101000,2025S2,zone_median,2
PONTOGLIO,BS,apartment,84000,115000,2025S2,zone_median,3
PONTOGLIO,BS,house,93000,125000,2025S2,zone_median,3
PONTOGLIO,BS,villa,93000,125000,2025S2,zone_median,3
PONTOGLIO,BS,commercial,67000,80000,2025S2,zone_median,3
POZZOLENGO,BS,apartment,145000,192500,2025S2,zone_median,2
POZZOLENGO,BS,house,140000,170000,2025S2,zone_median,2
POZZOLENGO,BS,villa,140000,170000,2025S2,zone_median,2
POZZOLENGO,BS,commercial,92000,110000,2025S2,zone_median,1
PRALBOINO,BS,apartment,83000,110000,2025S2,zone_median,1
PRALBOINO,BS,house,93000,120000,2025S2,zone_median,1
PRALBOINO,BS,villa,93000,120000,2025S2,zone_median,1
PRALBOINO,BS,commercial,71000,92000,2025S2,zone_median,1
PRESEGLIE,BS,apartment,78000,98000,2025S2,zone_median,1
PRESEGLIE,BS,house,89000,110000,2025S2,zone_median,1
PRESEGLIE,BS,villa,89000,110000,2025S2,zone_median,1
PRESEGLIE,BS,commercial,74000,92000,2025S2,zone_median,1
PREVALLE,BS,apartment,96500,117500,2025S2,zone_median,2
PREVALLE,BS,house,100000,130000,2025S2,zone_median,1
PREVALLE,BS,commercial,84500,101000,2025S2,zone_median,2
PREVALLE,BS,villa,100000,130000,2025S2,zone_median,1
PROVAGLIO VAL SABBIA,BS,apartment,60000,80000,2025S2,zone_median,2
PROVAGLIO VAL SABBIA,BS,house,77000,98000,2025S2,zone_median,1
PROVAGLIO VAL SABBIA,BS,villa,77000,98000,2025S2,zone_median,1
PROVAGLIO VAL SABBIA,BS,commercial,74000,92000,2025S2,zone_median,1
PROVAGLIO D`ISEO,BS,apartment,117500,152500,2025S2,zone_median,2
PROVAGLIO D`ISEO,BS,house,140000,170000,2025S2,zone_median,1
PROVAGLIO D`ISEO,BS,villa,140000,170000,2025S2,zone_median,1
PROVAGLIO D`ISEO,BS,commercial,95000,120000,2025S2,zone_median,2
PUEGNAGO DEL GARDA,BS,apartment,135000,177500,2025S2,zone_median,2
PUEGNAGO DEL GARDA,BS,house,145000,205000,2025S2,zone_median,2
PUEGNAGO DEL GARDA,BS,villa,145000,205000,2025S2,zone_median,2
PUEGNAGO DEL GARDA,BS,commercial,104000,135000,2025S2,zone_median,2
QUINZANO D`OGLIO,BS,apartment,96000,125000,2025S2,zone_median,2
QUINZANO D`OGLIO,BS,house,110000,145000,2025S2,zone_median,2
QUINZANO D`OGLIO,BS,villa,110000,145000,2025S2,zone_median,2
QUINZANO D`OGLIO,BS,commercial,78000,101000,2025S2,zone_median,2
REMEDELLO,BS,apartment,91000,110000,2025S2,zone_median,1
REMEDELLO,BS,house,100000,120000,2025S2,zone_median,1
REMEDELLO,BS,villa,100000,120000,2025S2,zone_median,1
REMEDELLO,BS,commercial,77000,98000,2025S2,zone_median,1
REZZATO,BS,apartment,100000,145000,2025S2,zone_median,3
REZZATO,BS,house,135000,195000,2025S2,zone_median,1
REZZATO,BS,villa,135000,195000,2025S2,zone_median,1
REZZATO,BS,commercial,101000,130000,2025S2,zone_median,2
ROCCAFRANCA,BS,apartment,88000,110000,2025S2,zone_median,1
ROCCAFRANCA,BS,house,99000,120000,2025S2,zone_median,1
ROCCAFRANCA,BS,villa,99000,120000,2025S2,zone_median,1
ROCCAFRANCA,BS,commercial,82000,110000,2025S2,zone_median,1
RODENGO-SAIANO,BS,apartment,115000,145000,2025S2,zone_median,3
RODENGO-SAIANO,BS,house,132500,175000,2025S2,zone_median,2
RODENGO-SAIANO,BS,villa,132500,175000,2025S2,zone_median,2
RODENGO-SAIANO,BS,commercial,89000,120000,2025S2,zone_median,2
ROE` VOLCIANO,BS,apartment,125000,147500,2025S2,zone_median,2
ROE` VOLCIANO,BS,house,135000,162500,2025S2,zone_median,2
ROE` VOLCIANO,BS,villa,135000,162500,2025S2,zone_median,2
ROE` VOLCIANO,BS,commercial,89000,115000,2025S2,zone_median,2
RONCADELLE,BS,apartment,155000,190000,2025S2,zone_median,3
RONCADELLE,BS,house,135000,175000,2025S2,zone_median,3
RONCADELLE,BS,villa,135000,175000,2025S2,zone_median,3
RONCADELLE,BS,commercial,98000,135000,2025S2,zone_median,2
ROVATO,BS,apartment,110000,150000,2025S2,zone_median,3
ROVATO,BS,house,130000,165000,2025S2,zone_median,3
ROVATO,BS,villa,130000,165000,2025S2,zone_median,3
ROVATO,BS,commercial,98000,110000,2025S2,zone_median,3
RUDIANO,BS,apartment,83500,112500,2025S2,zone_median,2
RUDIANO,BS,house,97500,117500,2025S2,zone_median,2
RUDIANO,BS,villa,97500,117500,2025S2,zone_median,2
RUDIANO,BS,commercial,73000,96000,2025S2,zone_median,2
SABBIO CHIESE,BS,apartment,84000,101500,2025S2,zone_median,2
SABBIO CHIESE,BS,house,93500,117500,2025S2,zone_median,2
SABBIO CHIESE,BS,villa,93500,117500,2025S2,zone_median,2
SABBIO CHIESE,BS,commercial,74000,89000,2025S2,zone_median,2
SALE MARASINO,BS,apartment,162500,210000,2025S2,zone_median,2
SALE MARASINO,BS,house,142500,190000,2025S2,zone_median,2
SALE MARASINO,BS,villa,142500,190000,2025S2,zone_median,2
SALE MARASINO,BS,commercial,86000,110000,2025S2,zone_median,2
SALO`,BS,apartment,245000,320000,2025S2,zone_median,3
SALO`,BS,house,265000,340000,2025S2,zone_median,3
SALO`,BS,villa,265000,340000,2025S2,zone_median,3
SALO`,BS,commercial,175000,225000,2025S2,zone_median,3
SAN FELICE DEL BENACO,BS,apartment,225000,270000,2025S2,zone_median,3
SAN FELICE DEL BENACO,BS,house,250000,300000,2025S2,zone_median,3
SAN FELICE DEL BENACO,BS,villa,250000,300000,2025S2,zone_median,3
SAN FELICE DEL BENACO,BS,commercial,110000,150000,2025S2,zone_median,3
SAN GERVASIO BRESCIANO,BS,apartment,76000,105000,2025S2,zone_median,1
SAN GERVASIO BRESCIANO,BS,house,91000,115000,2025S2,zone_median,1
SAN GERVASIO BRESCIANO,BS,villa,91000,115000,2025S2,zone_median,1
SAN GERVASIO BRESCIANO,BS,commercial,74000,92000,2025S2,zone_median,1
SAN ZENO NAVIGLIO,BS,apartment,162500,187500,2025S2,zone_median,2
SAN ZENO NAVIGLIO,BS,house,135000,170000,2025S2,zone_median,2
SAN ZENO NAVIGLIO,BS,villa,135000,170000,2025S2,zone_median,2
SAN ZENO NAVIGLIO,BS,commercial,97000,127500,2025S2,zone_median,2
SAREZZO,BS,apartment,98500,142500,2025S2,zone_median,2
SAREZZO,BS,house,117500,142500,2025S2,zone_median,2
SAREZZO,BS,villa,117500,142500,2025S2,zone_median,2
SAREZZO,BS,commercial,84500,111000,2025S2,zone_median,2
SAVIORE DELL`ADAMELLO,BS,apartment,71000,97000,2025S2,zone_median,2
SAVIORE DELL`ADAMELLO,BS,house,83500,109500,2025S2,zone_median,2
SAVIORE DELL`ADAMELLO,BS,villa,83500,109500,2025S2,zone_median,2
SAVIORE DELL`ADAMELLO,BS,commercial,66500,86000,2025S2,zone_median,2
SELLERO,BS,apartment,71000,97000,2025S2,zone_median,1
SELLERO,BS,house,83000,110000,2025S2,zone_median,1
SELLERO,BS,villa,83000,110000,2025S2,zone_median,1
SELLERO,BS,commercial,74000,92000,2025S2,zone_median,1
SENIGA,BS,apartment,80000,115000,2025S2,zone_median,1
SENIGA,BS,house,82000,115000,2025S2,zone_median,1
SENIGA,BS,villa,82000,115000,2025S2,zone_median,1
SENIGA,BS,commercial,74000,92000,2025S2,zone_median,1
SERLE,BS,apartment,82500,106500,2025S2,zone_median,2
SERLE,BS,house,89000,110000,2025S2,zone_median,1
SERLE,BS,commercial,74000,96000,2025S2,zone_median,2
SERLE,BS,villa,89000,110000,2025S2,zone_median,1
SIRMIONE,BS,apartment,275000,360000,2025S2,zone_median,5
SIRMIONE,BS,house,295000,390000,2025S2,zone_median,3
SIRMIONE,BS,villa,295000,390000,2025S2,zone_median,3
SIRMIONE,BS,commercial,197500,265000,2025S2,zone_median,4
SOIANO DEL LAGO,BS,apartment,180000,260000,2025S2,zone_median,3
SOIANO DEL LAGO,BS,house,190000,280000,2025S2,zone_median,3
SOIANO DEL LAGO,BS,villa,190000,280000,2025S2,zone_median,3
SOIANO DEL LAGO,BS,commercial,101000,137500,2025S2,zone_median,2
SONICO,BS,apartment,71000,97000,2025S2,zone_median,2
SONICO,BS,house,83500,109500,2025S2,zone_median,2
SONICO,BS,villa,83500,109500,2025S2,zone_median,2
SONICO,BS,commercial,59000,80000,2025S2,zone_median,2
SULZANO,BS,apartment,150000,195000,2025S2,zone_median,2
SULZANO,BS,house,145000,190000,2025S2,zone_median,2
SULZANO,BS,villa,145000,190000,2025S2,zone_median,2
SULZANO,BS,commercial,72500,90000,2025S2,zone_median,2
TEMU`,BS,apartment,212500,287500,2025S2,zone_median,2
TEMU`,BS,house,185000,270000,2025S2,zone_median,1
TEMU`,BS,villa,185000,270000,2025S2,zone_median,1
TEMU`,BS,commercial,155000,187500,2025S2,zone_median,2
TIGNALE,BS,apartment,135000,190000,2025S2,zone_median,1
TIGNALE,BS,house,135000,190000,2025S2,zone_median,1
TIGNALE,BS,commercial,98000,140000,2025S2,zone_median,1
TORBOLE CASAGLIA,BS,apartment,100500,122500,2025S2,zone_median,2
TORBOLE CASAGLIA,BS,house,104000,132500,2025S2,zone_median,2
TORBOLE CASAGLIA,BS,villa,104000,132500,2025S2,zone_median,2
TORBOLE CASAGLIA,BS,commercial,87500,109000,2025S2,zone_median,2
TOSCOLANO MADERNO,BS,apartment,235000,315000,2025S2,zone_median,2
TOSCOLANO MADERNO,BS,house,257500,325000,2025S2,zone_median,2
TOSCOLANO MADERNO,BS,villa,257500,325000,2025S2,zone_median,2
TOSCOLANO MADERNO,BS,commercial,100000,160000,2025S2,zone_median,2
TRAVAGLIATO,BS,apartment,120000,145000,2025S2,zone_median,3
TRAVAGLIATO,BS,house,135000,170000,2025S2,zone_median,3
TRAVAGLIATO,BS,villa,135000,170000,2025S2,zone_median,3
TRAVAGLIATO,BS,commercial,92000,120000,2025S2,zone_median,3
TREMOSINE,BS,apartment,127500,182500,2025S2,zone_median,2
TREMOSINE,BS,house,150000,210000,2025S2,zone_median,1
TREMOSINE,BS,commercial,90000,119000,2025S2,zone_median,2
TREMOSINE,BS,villa,150000,210000,2025S2,zone_median,1
TRENZANO,BS,apartment,84000,110000,2025S2,zone_median,2
TRENZANO,BS,house,83000,110000,2025S2,zone_median,1
TRENZANO,BS,commercial,72500,96000,2025S2,zone_median,2
TRENZANO,BS,villa,83000,110000,2025S2,zone_median,1
TREVISO BRESCIANO,BS,apartment,61000,79500,2025S2,zone_median,2
TREVISO BRESCIANO,BS,house,78000,93000,2025S2,zone_median,1
TREVISO BRESCIANO,BS,villa,78000,93000,2025S2,zone_median,1
TREVISO BRESCIANO,BS,commercial,77000,98000,2025S2,zone_median,1
URAGO D`OGLIO,BS,apartment,97000,120000,2025S2,zone_median,1
URAGO D`OGLIO,BS,house,100000,130000,2025S2,zone_median,1
URAGO D`OGLIO,BS,villa,100000,130000,2025S2,zone_median,1
URAGO D`OGLIO,BS,commercial,92000,110000,2025S2,zone_median,1
VALLIO TERME,BS,apartment,87000,115000,2025S2,zone_median,1
VALLIO TERME,BS,house,92000,120000,2025S2,zone_median,1
VALLIO TERME,BS,villa,92000,120000,2025S2,zone_median,1
VALLIO TERME,BS,commercial,80000,98000,2025S2,zone_median,1
VEROLANUOVA,BS,apartment,79000,105000,2025S2,zone_median,4
VEROLANUOVA,BS,house,93000,115000,2025S2,zone_median,3
VEROLANUOVA,BS,villa,93000,115000,2025S2,zone_median,3
VEROLANUOVA,BS,commercial,68000,92000,2025S2,zone_median,4
VEROLAVECCHIA,BS,apartment,81000,101000,2025S2,zone_median,2
VEROLAVECCHIA,BS,house,105000,135000,2025S2,zone_median,1
VEROLAVECCHIA,BS,villa,105000,135000,2025S2,zone_median,1
VEROLAVECCHIA,BS,commercial,80000,98000,2025S2,zone_median,1
VESTONE,BS,apartment,80000,98000,2025S2,zone_median,3
VESTONE,BS,house,98000,115000,2025S2,zone_median,2
VESTONE,BS,villa,98000,115000,2025S2,zone_median,2
VESTONE,BS,commercial,84500,106000,2025S2,zone_median,2
VEZZA D`OGLIO,BS,apartment,135000,190000,2025S2,zone_median,1
VEZZA D`OGLIO,BS,house,135000,190000,2025S2,zone_median,1
VEZZA D`OGLIO,BS,commercial,92000,120000,2025S2,zone_median,1
VILLA CARCINA,BS,apartment,86000,125000,2025S2,zone_median,2
VILLA CARCINA,BS,house,107500,140000,2025S2,zone_median,2
VILLA CARCINA,BS,villa,107500,140000,2025S2,zone_median,2
VILLA CARCINA,BS,commercial,101000,127500,2025S2,zone_median,2
VILLACHIARA,BS,apartment,74000,100000,2025S2,zone_median,1
VILLACHIARA,BS,house,83000,110000,2025S2,zone_median,1
VILLACHIARA,BS,villa,83000,110000,2025S2,zone_median,1
VILLACHIARA,BS,commercial,74000,92000,2025S2,zone_median,1
VILLANUOVA SUL CLISI,BS,apartment,89000,115000,2025S2,zone_median,3
VILLANUOVA SUL CLISI,BS,house,107500,135000,2025S2,zone_median,2
VILLANUOVA SUL CLISI,BS,villa,107500,135000,2025S2,zone_median,2
VILLANUOVA SUL CLISI,BS,commercial,82000,110000,2025S2,zone_median,1
VIONE,BS,apartment,125000,165000,2025S2,zone_median,1
VIONE,BS,house,145000,195000,2025S2,zone_median,1
VIONE,BS,villa,145000,195000,2025S2,zone_median,1
VIONE,BS,commercial,92000,120000,2025S2,zone_median,1
VISANO,BS,apartment,79000,100000,2025S2,zone_median,1
VISANO,BS,house,91000,120000,2025S2,zone_median,1
VISANO,BS,villa,91000,120000,2025S2,zone_median,1
VISANO,BS,commercial,77000,98000,2025S2,zone_median,1
VOBARNO,BS,apartment,75000,98000,2025S2,zone_median,4
VOBARNO,BS,house,93500,122500,2025S2,zone_median,2
VOBARNO,BS,villa,93500,122500,2025S2,zone_median,2
VOBARNO,BS,commercial,73500,96000,2025S2,zone_median,2
ZONE,BS,apartment,97500,120000,2025S2,zone_median,2
ZONE,BS,house,103000,132500,2025S2,zone_median,2
ZONE,BS,villa,103000,132500,2025S2,zone_median,2
ZONE,BS,commercial,66000,82000,2025S2,zone_median,1
LONATO DEL GARDA,BS,apartment,145000,185000,2025S2,zone_median,3
LONATO DEL GARDA,BS,house,160000,215000,2025S2,zone_median,3
LONATO DEL GARDA,BS,villa,160000,215000,2025S2,zone_median,3
LONATO DEL GARDA,BS,commercial,110000,145000,2025S2,zone_median,3
COMO,CO,apartment,162500,240000,2025S2,zone_median,14
COMO,CO,house,160000,230000,2025S2,zone_median,11
COMO,CO,commercial,135000,240000,2025S2,zone_median,10
COMO,CO,villa,160000,230000,2025S2,zone_median,11
ALBAVILLA,CO,apartment,100000,147500,2025S2,zone_median,2
ALBAVILLA,CO,house,130000,167500,2025S2,zone_median,2
ALBAVILLA,CO,villa,130000,167500,2025S2,zone_median,2
ALBAVILLA,CO,commercial,110000,150000,2025S2,zone_median,1
ALBESE CON CASSANO,CO,apartment,105000,155000,2025S2,zone_median,1
ALBESE CON CASSANO,CO,house,125000,170000,2025S2,zone_median,1
ALBESE CON CASSANO,CO,villa,125000,170000,2025S2,zone_median,1
ALBESE CON CASSANO,CO,commercial,110000,150000,2025S2,zone_median,1
ALBIOLO,CO,apartment,110000,135000,2025S2,zone_median,1
ALBIOLO,CO,house,105000,150000,2025S2,zone_median,1
ALBIOLO,CO,villa,105000,150000,2025S2,zone_median,1
ALBIOLO,CO,commercial,90000,140000,2025S2,zone_median,1
ALSERIO,CO,apartment,90000,135000,2025S2,zone_median,1
ALSERIO,CO,house,110000,155000,2025S2,zone_median,1
ALSERIO,CO,villa,110000,155000,2025S2,zone_median,1
ALSERIO,CO,commercial,90000,120000,2025S2,zone_median,1
ALZATE BRIANZA,CO,apartment,90000,132500,2025S2,zone_median,2
ALZATE BRIANZA,CO,house,115000,152500,2025S2,zone_median,2
ALZATE BRIANZA,CO,villa,115000,152500,2025S2,zone_median,2
ALZATE BRIANZA,CO,commercial,110000,150000,2025S2,zone_median,1
ANZANO DEL PARCO,CO,apartment,95000,140000,2025S2,zone_median,1
ANZANO DEL PARCO,CO,house,110000,155000,2025S2,zone_median,1
ANZANO DEL PARCO,CO,villa,110000,155000,2025S2,zone_median,1
ANZANO DEL PARCO,CO,commercial,105000,140000,2025S2,zone_median,1
APPIANO GENTILE,CO,apartment,122500,160000,2025S2,zone_median,2
APPIANO GENTILE,CO,house,150000,200000,2025S2,zone_median,3
APPIANO GENTILE,CO,villa,150000,200000,2025S2,zone_median,3
APPIANO GENTILE,CO,commercial,115000,200000,2025S2,zone_median,2
ARGEGNO,CO,apartment,150000,210000,2025S2,zone_median,1
ARGEGNO,CO,house,180000,250000,2025S2,zone_median,1
ARGEGNO,CO,villa,180000,250000,2025S2,zone_median,1
ARGEGNO,CO,commercial,130000,180000,2025S2,zone_median,1
AROSIO,CO,apartment,115000,140000,2025S2,zone_median,1
AROSIO,CO,house,125000,180000,2025S2,zone_median,1
AROSIO,CO,villa,125000,180000,2025S2,zone_median,1
AROSIO,CO,commercial,100000,170000,2025S2,zone_median,1
ASSO,CO,apartment,90000,130000,2025S2,zone_median,1
ASSO,CO,house,100000,140000,2025S2,zone_median,1
ASSO,CO,villa,100000,140000,2025S2,zone_median,1
ASSO,CO,commercial,80000,120000,2025S2,zone_median,1
BARNI,CO,apartment,71000,105000,2025S2,zone_median,1
BARNI,CO,house,85000,120000,2025S2,zone_median,1
BARNI,CO,villa,85000,120000,2025S2,zone_median,1
BARNI,CO,commercial,70000,90000,2025S2,zone_median,1
BENE LARIO,CO,apartment,70000,90000,2025S2,zone_median,1
BENE LARIO,CO,house,85000,110000,2025S2,zone_median,1
BENE LARIO,CO,villa,85000,110000,2025S2,zone_median,1
BEREGAZZO CON FIGLIARO,CO,apartment,110000,135000,2025S2,zone_median,1
BEREGAZZO CON FIGLIARO,CO,house,120000,170000,2025S2,zone_median,1
BEREGAZZO CON FIGLIARO,CO,villa,120000,170000,2025S2,zone_median,1
BEREGAZZO CON FIGLIARO,CO,commercial,110000,170000,2025S2,zone_median,1
BINAGO,CO,apartment,110000,135000,2025S2,zone_median,1
BINAGO,CO,house,120000,170000,2025S2,zone_median,1
BINAGO,CO,villa,120000,170000,2025S2,zone_median,1
BINAGO,CO,commercial,110000,170000,2025S2,zone_median,1
BIZZARONE,CO,apartment,105000,135000,2025S2,zone_median,1
BIZZARONE,CO,house,115000,170000,2025S2,zone_median,1
BIZZARONE,CO,villa,115000,170000,2025S2,zone_median,1
BIZZARONE,CO,commercial,80000,120000,2025S2,zone_median,1
BLESSAGNO,CO,apartment,80000,120000,2025S2,zone_median,1
BLESSAGNO,CO,house,85000,110000,2025S2,zone_median,1
BLESSAGNO,CO,villa,85000,110000,2025S2,zone_median,1
BLEVIO,CO,apartment,140000,200000,2025S2,zone_median,1
BLEVIO,CO,house,170000,230000,2025S2,zone_median,1
BLEVIO,CO,villa,170000,230000,2025S2,zone_median,1
BLEVIO,CO,commercial,80000,140000,2025S2,zone_median,1
BREGNANO,CO,apartment,115000,145000,2025S2,zone_median,2
BREGNANO,CO,house,132500,160000,2025S2,zone_median,2
BREGNANO,CO,villa,132500,160000,2025S2,zone_median,2
BREGNANO,CO,commercial,100000,160000,2025S2,zone_median,1
BRENNA,CO,apartment,110000,160000,2025S2,zone_median,1
BRENNA,CO,house,130000,190000,2025S2,zone_median,1
BRENNA,CO,villa,130000,190000,2025S2,zone_median,1
BRENNA,CO,commercial,80000,150000,2025S2,zone_median,1
BRIENNO,CO,apartment,110000,160000,2025S2,zone_median,1
BRIENNO,CO,house,150000,225000,2025S2,zone_median,1
BRIENNO,CO,villa,150000,225000,2025S2,zone_median,1
BRIENNO,CO,commercial,100000,150000,2025S2,zone_median,1
BRUNATE,CO,apartment,125000,180000,2025S2,zone_median,1
BRUNATE,CO,house,170000,230000,2025S2,zone_median,1
BRUNATE,CO,villa,170000,230000,2025S2,zone_median,1
BRUNATE,CO,commercial,140000,190000,2025S2,zone_median,1
BULGAROGRASSO,CO,apartment,120000,150000,2025S2,zone_median,1
BULGAROGRASSO,CO,house,125000,170000,2025S2,zone_median,1
BULGAROGRASSO,CO,villa,125000,170000,2025S2,zone_median,1
BULGAROGRASSO,CO,commercial,90000,160000,2025S2,zone_median,1
CABIATE,CO,apartment,100000,135000,2025S2,zone_median,3
CABIATE,CO,house,130000,165000,2025S2,zone_median,2
CABIATE,CO,villa,130000,165000,2025S2,zone_median,2
CABIATE,CO,commercial,125000,165000,2025S2,zone_median,2
CADORAGO,CO,apartment,125000,180000,2025S2,zone_median,2
CADORAGO,CO,house,125000,160000,2025S2,zone_median,2
CADORAGO,CO,villa,125000,160000,2025S2,zone_median,2
CADORAGO,CO,commercial,85000,165000,2025S2,zone_median,2
CAGLIO,CO,apartment,71000,105000,2025S2,zone_median,1
CAGLIO,CO,house,85000,120000,2025S2,zone_median,1
CAGLIO,CO,villa,85000,120000,2025S2,zone_median,1
CAGLIO,CO,commercial,70000,90000,2025S2,zone_median,1
CAMPIONE D`ITALIA,CO,apartment,267500,375000,2025S2,zone_median,2
CAMPIONE D`ITALIA,CO,house,270000,385000,2025S2,zone_median,2
CAMPIONE D`ITALIA,CO,villa,270000,385000,2025S2,zone_median,2
CAMPIONE D`ITALIA,CO,commercial,300000,450000,2025S2,zone_median,1
CANTU`,CO,apartment,135000,165000,2025S2,zone_median,3
CANTU`,CO,house,205000,290000,2025S2,zone_median,4
CANTU`,CO,commercial,100000,200000,2025S2,zone_median,3
CANTU`,CO,villa,205000,290000,2025S2,zone_median,4
CANZO,CO,apartment,120000,160000,2025S2,zone_median,1
CANZO,CO,house,120000,160000,2025S2,zone_median,1
CANZO,CO,villa,120000,160000,2025S2,zone_median,1
CANZO,CO,commercial,80000,120000,2025S2,zone_median,1
CAPIAGO INTIMIANO,CO,apartment,140000,185000,2025S2,zone_median,1
CAPIAGO INTIMIANO,CO,house,150000,210000,2025S2,zone_median,1
CAPIAGO INTIMIANO,CO,villa,150000,210000,2025S2,zone_median,1
CAPIAGO INTIMIANO,CO,commercial,110000,170000,2025S2,zone_median,1
CARATE URIO,CO,apartment,108500,160000,2025S2,zone_median,2
CARATE URIO,CO,house,210000,300000,2025S2,zone_median,1
CARATE URIO,CO,villa,210000,300000,2025S2,zone_median,1
CARATE URIO,CO,commercial,100000,150000,2025S2,zone_median,1
CARBONATE,CO,apartment,105000,125000,2025S2,zone_median,1
CARBONATE,CO,house,167500,237500,2025S2,zone_median,2
CARBONATE,CO,villa,167500,237500,2025S2,zone_median,2
CARBONATE,CO,commercial,100000,170000,2025S2,zone_median,1
CARIMATE,CO,apartment,120000,175000,2025S2,zone_median,1
CARIMATE,CO,house,145000,207500,2025S2,zone_median,2
CARIMATE,CO,villa,145000,207500,2025S2,zone_median,2
CARIMATE,CO,commercial,100000,170000,2025S2,zone_median,2
CARLAZZO,CO,apartment,80000,120000,2025S2,zone_median,1
CARLAZZO,CO,house,100000,145000,2025S2,zone_median,1
CARLAZZO,CO,villa,100000,145000,2025S2,zone_median,1
CARLAZZO,CO,commercial,70000,100000,2025S2,zone_median,1
CARUGO,CO,apartment,120000,155000,2025S2,zone_median,1
CARUGO,CO,house,125000,180000,2025S2,zone_median,1
CARUGO,CO,villa,125000,180000,2025S2,zone_median,1
CARUGO,CO,commercial,100000,170000,2025S2,zone_median,1
CASLINO D`ERBA,CO,apartment,80000,110000,2025S2,zone_median,1
CASLINO D`ERBA,CO,house,90000,135000,2025S2,zone_median,1
CASLINO D`ERBA,CO,villa,90000,135000,2025S2,zone_median,1
CASLINO D`ERBA,CO,commercial,70000,90000,2025S2,zone_median,1
CASNATE CON BERNATE,CO,apartment,135000,165000,2025S2,zone_median,1
CASNATE CON BERNATE,CO,house,135000,180000,2025S2,zone_median,1
CASNATE CON BERNATE,CO,villa,135000,180000,2025S2,zone_median,1
CASNATE CON BERNATE,CO,commercial,130000,170000,2025S2,zone_median,1
CASSINA RIZZARDI,CO,apartment,120000,150000,2025S2,zone_median,1
CASSINA RIZZARDI,CO,house,210000,275000,2025S2,zone_median,2
CASSINA RIZZARDI,CO,villa,210000,275000,2025S2,zone_median,2
CASSINA RIZZARDI,CO,commercial,90000,160000,2025S2,zone_median,1
CASTELMARTE,CO,apartment,80000,120000,2025S2,zone_median,1
CASTELMARTE,CO,house,100000,135000,2025S2,zone_median,1
CASTELMARTE,CO,villa,100000,135000,2025S2,zone_median,1
CASTELMARTE,CO,commercial,70000,90000,2025S2,zone_median,1
CASTELNUOVO BOZZENTE,CO,apartment,110000,120000,2025S2,zone_median,1
CASTELNUOVO BOZZENTE,CO,house,140000,195000,2025S2,zone_median,1
CASTELNUOVO BOZZENTE,CO,villa,140000,195000,2025S2,zone_median,1
CASTELNUOVO BOZZENTE,CO,commercial,80000,120000,2025S2,zone_median,1
CAVARGNA,CO,apartment,70000,90000,2025S2,zone_median,1
CAVARGNA,CO,house,85000,110000,2025S2,zone_median,1
CAVARGNA,CO,villa,85000,110000,2025S2,zone_median,1
CAVARGNA,CO,commercial,70000,100000,2025S2,zone_median,1
CERANO D INTELVI,CO,apartment,90000,115000,2025S2,zone_median,1
CERANO D INTELVI,CO,house,105000,140000,2025S2,zone_median,1
CERANO D INTELVI,CO,villa,105000,140000,2025S2,zone_median,1
CERMENATE,CO,apartment,115000,170000,2025S2,zone_median,3
CERMENATE,CO,house,125000,160000,2025S2,zone_median,3
CERMENATE,CO,villa,125000,160000,2025S2,zone_median,3
CERMENATE,CO,commercial,100000,170000,2025S2,zone_median,3
CERNOBBIO,CO,apartment,155000,225000,2025S2,zone_median,3
CERNOBBIO,CO,house,255000,295000,2025S2,zone_median,3
CERNOBBIO,CO,villa,255000,295000,2025S2,zone_median,3
CERNOBBIO,CO,commercial,250000,300000,2025S2,zone_median,1
CIRIMIDO,CO,apartment,115000,130000,2025S2,zone_median,1
CIRIMIDO,CO,house,110000,155000,2025S2,zone_median,1
CIRIMIDO,CO,villa,110000,155000,2025S2,zone_median,1
CIRIMIDO,CO,commercial,90000,150000,2025S2,zone_median,1
CLAINO CON OSTENO,CO,apartment,80000,100000,2025S2,zone_median,1
CLAINO CON OSTENO,CO,house,80000,100000,2025S2,zone_median,1
COLONNO,CO,apartment,110000,165000,2025S2,zone_median,1
COLONNO,CO,house,140000,210000,2025S2,zone_median,1
COLONNO,CO,villa,140000,210000,2025S2,zone_median,1
COLONNO,CO,commercial,100000,150000,2025S2,zone_median,1
VALSOLDA,CO,apartment,90000,120000,2025S2,zone_median,1
VALSOLDA,CO,house,110000,150000,2025S2,zone_median,1
VALSOLDA,CO,villa,110000,150000,2025S2,zone_median,1
VALSOLDA,CO,commercial,80000,120000,2025S2,zone_median,1
CORRIDO,CO,apartment,70000,95000,2025S2,zone_median,1
CORRIDO,CO,house,90000,115000,2025S2,zone_median,1
CORRIDO,CO,villa,90000,115000,2025S2,zone_median,1
CREMIA,CO,apartment,80000,120000,2025S2,zone_median,1
CREMIA,CO,house,105000,150000,2025S2,zone_median,1
CREMIA,CO,villa,105000,150000,2025S2,zone_median,1
CREMIA,CO,commercial,100000,150000,2025S2,zone_median,1
CUCCIAGO,CO,apartment,115000,170000,2025S2,zone_median,1
CUCCIAGO,CO,house,130000,185000,2025S2,zone_median,1
CUCCIAGO,CO,villa,130000,185000,2025S2,zone_median,1
CUCCIAGO,CO,commercial,80000,150000,2025S2,zone_median,1
CUSINO,CO,apartment,70000,90000,2025S2,zone_median,1
CUSINO,CO,house,85000,110000,2025S2,zone_median,1
CUSINO,CO,villa,85000,110000,2025S2,zone_median,1
DIZZASCO,CO,apartment,80000,120000,2025S2,zone_median,1
DIZZASCO,CO,house,100000,145000,2025S2,zone_median,1
DIZZASCO,CO,villa,100000,145000,2025S2,zone_median,1
DOMASO,CO,apartment,95000,140000,2025S2,zone_median,1
DOMASO,CO,house,105000,155000,2025S2,zone_median,1
DOMASO,CO,villa,105000,155000,2025S2,zone_median,1
DOMASO,CO,commercial,90000,180000,2025S2,zone_median,1
DONGO,CO,apartment,110000,160000,2025S2,zone_median,1
DONGO,CO,house,120000,170000,2025S2,zone_median,1
DONGO,CO,villa,120000,170000,2025S2,zone_median,1
DONGO,CO,commercial,100000,180000,2025S2,zone_median,1
DOSSO DEL LIRO,CO,apartment,57000,85000,2025S2,zone_median,1
DOSSO DEL LIRO,CO,house,70000,100000,2025S2,zone_median,1
DOSSO DEL LIRO,CO,villa,70000,100000,2025S2,zone_median,1
DOSSO DEL LIRO,CO,commercial,80000,130000,2025S2,zone_median,1
ERBA,CO,apartment,110000,135000,2025S2,zone_median,6
ERBA,CO,house,135000,177500,2025S2,zone_median,2
ERBA,CO,villa,135000,177500,2025S2,zone_median,2
ERBA,CO,commercial,120000,205000,2025S2,zone_median,2
EUPILIO,CO,apartment,105000,155000,2025S2,zone_median,1
EUPILIO,CO,house,135000,170000,2025S2,zone_median,1
EUPILIO,CO,villa,135000,170000,2025S2,zone_median,1
EUPILIO,CO,commercial,80000,120000,2025S2,zone_median,1
FAGGETO LARIO,CO,apartment,120000,157500,2025S2,zone_median,2
FAGGETO LARIO,CO,house,155000,200000,2025S2,zone_median,2
FAGGETO LARIO,CO,villa,155000,200000,2025S2,zone_median,2
FAGGETO LARIO,CO,commercial,70000,130000,2025S2,zone_median,1
FALOPPIO,CO,apartment,105000,137500,2025S2,zone_median,2
FALOPPIO,CO,house,115000,157500,2025S2,zone_median,2
FALOPPIO,CO,villa,115000,157500,2025S2,zone_median,2
FALOPPIO,CO,commercial,87500,137500,2025S2,zone_median,2
FENEGRO`,CO,apartment,115000,130000,2025S2,zone_median,1
FENEGRO`,CO,house,110000,155000,2025S2,zone_median,1
FENEGRO`,CO,villa,110000,155000,2025S2,zone_median,1
FENEGRO`,CO,commercial,80000,150000,2025S2,zone_median,1
FIGINO SERENZA,CO,apartment,115000,170000,2025S2,zone_median,1
FIGINO SERENZA,CO,house,135000,190000,2025S2,zone_median,1
FIGINO SERENZA,CO,villa,135000,190000,2025S2,zone_median,1
FIGINO SERENZA,CO,commercial,90000,170000,2025S2,zone_median,1
FINO MORNASCO,CO,apartment,120000,170000,2025S2,zone_median,3
FINO MORNASCO,CO,house,135000,180000,2025S2,zone_median,3
FINO MORNASCO,CO,villa,135000,180000,2025S2,zone_median,3
FINO MORNASCO,CO,commercial,95000,185000,2025S2,zone_median,2
GARZENO,CO,apartment,57000,85000,2025S2,zone_median,1
GARZENO,CO,house,70000,100000,2025S2,zone_median,1
GARZENO,CO,villa,70000,100000,2025S2,zone_median,1
GARZENO,CO,commercial,80000,130000,2025S2,zone_median,1
GERA LARIO,CO,apartment,95000,140000,2025S2,zone_median,1
GERA LARIO,CO,house,115000,155000,2025S2,zone_median,1
GERA LARIO,CO,villa,115000,155000,2025S2,zone_median,1
GERA LARIO,CO,commercial,100000,150000,2025S2,zone_median,1
GRANDATE,CO,apartment,120000,150000,2025S2,zone_median,2
GRANDATE,CO,house,125000,170000,2025S2,zone_median,2
GRANDATE,CO,villa,125000,170000,2025S2,zone_median,2
GRANDATE,CO,commercial,110000,150000,2025S2,zone_median,2
GRANDOLA ED UNITI,CO,apartment,80000,120000,2025S2,zone_median,1
GRANDOLA ED UNITI,CO,house,100000,145000,2025S2,zone_median,1
GRANDOLA ED UNITI,CO,villa,100000,145000,2025S2,zone_median,1
GRANDOLA ED UNITI,CO,commercial,70000,100000,2025S2,zone_median,1
GRIANTE,CO,apartment,140000,210000,2025S2,zone_median,1
GRIANTE,CO,house,205000,295000,2025S2,zone_median,1
GRIANTE,CO,villa,205000,295000,2025S2,zone_median,1
GRIANTE,CO,commercial,130000,180000,2025S2,zone_median,1
GUANZATE,CO,apartment,115000,140000,2025S2,zone_median,2
GUANZATE,CO,house,157500,195000,2025S2,zone_median,2
GUANZATE,CO,commercial,120000,180000,2025S2,zone_median,2
GUANZATE,CO,villa,157500,195000,2025S2,zone_median,2
INVERIGO,CO,apartment,115000,155000,2025S2,zone_median,3
INVERIGO,CO,house,125000,170000,2025S2,zone_median,3
INVERIGO,CO,villa,125000,170000,2025S2,zone_median,3
INVERIGO,CO,commercial,85000,160000,2025S2,zone_median,2
LAGLIO,CO,apartment,160000,210000,2025S2,zone_median,2
LAGLIO,CO,house,210000,275000,2025S2,zone_median,2
LAGLIO,CO,villa,210000,275000,2025S2,zone_median,2
LAGLIO,CO,commercial,105000,155000,2025S2,zone_median,2
LAINO,CO,apartment,75000,110000,2025S2,zone_median,1
LAINO,CO,house,90000,115000,2025S2,zone_median,1
LAINO,CO,villa,90000,115000,2025S2,zone_median,1
LAMBRUGO,CO,apartment,90000,135000,2025S2,zone_median,1
LAMBRUGO,CO,house,105000,145000,2025S2,zone_median,1
LAMBRUGO,CO,villa,105000,145000,2025S2,zone_median,1
LAMBRUGO,CO,commercial,80000,120000,2025S2,zone_median,1
LASNIGO,CO,apartment,71000,105000,2025S2,zone_median,1
LASNIGO,CO,house,85000,120000,2025S2,zone_median,1
LASNIGO,CO,villa,85000,120000,2025S2,zone_median,1
LASNIGO,CO,commercial,70000,90000,2025S2,zone_median,1
LEZZENO,CO,apartment,102500,142500,2025S2,zone_median,2
LEZZENO,CO,house,150000,195000,2025S2,zone_median,2
LEZZENO,CO,villa,150000,195000,2025S2,zone_median,2
LEZZENO,CO,commercial,70000,130000,2025S2,zone_median,1
LIMIDO COMASCO,CO,apartment,115000,125000,2025S2,zone_median,1
LIMIDO COMASCO,CO,house,110000,155000,2025S2,zone_median,1
LIMIDO COMASCO,CO,villa,110000,155000,2025S2,zone_median,1
LIMIDO COMASCO,CO,commercial,90000,160000,2025S2,zone_median,1
LIPOMO,CO,apartment,100000,150000,2025S2,zone_median,1
LIPOMO,CO,house,120000,160000,2025S2,zone_median,1
LIPOMO,CO,villa,120000,160000,2025S2,zone_median,1
LIPOMO,CO,commercial,110000,150000,2025S2,zone_median,1
LIVO,CO,apartment,57000,85000,2025S2,zone_median,1
LIVO,CO,house,70000,100000,2025S2,zone_median,1
LIVO,CO,villa,70000,100000,2025S2,zone_median,1
LIVO,CO,commercial,80000,130000,2025S2,zone_median,1
LOCATE VARESINO,CO,apartment,110000,125000,2025S2,zone_median,1
LOCATE VARESINO,CO,house,110000,155000,2025S2,zone_median,1
LOCATE VARESINO,CO,villa,110000,155000,2025S2,zone_median,1
LOCATE VARESINO,CO,commercial,100000,170000,2025S2,zone_median,1
LOMAZZO,CO,apartment,120000,160000,2025S2,zone_median,5
LOMAZZO,CO,house,125000,170000,2025S2,zone_median,3
LOMAZZO,CO,commercial,110000,180000,2025S2,zone_median,4
LOMAZZO,CO,villa,125000,170000,2025S2,zone_median,3
LONGONE AL SEGRINO,CO,apartment,100000,150000,2025S2,zone_median,1
LONGONE AL SEGRINO,CO,house,130000,160000,2025S2,zone_median,1
LONGONE AL SEGRINO,CO,villa,130000,160000,2025S2,zone_median,1
LONGONE AL SEGRINO,CO,commercial,110000,150000,2025S2,zone_median,1
LUISAGO,CO,apartment,112500,142500,2025S2,zone_median,2
LUISAGO,CO,house,122500,155000,2025S2,zone_median,2
LUISAGO,CO,villa,122500,155000,2025S2,zone_median,2
LUISAGO,CO,commercial,130000,170000,2025S2,zone_median,2
LURAGO D`ERBA,CO,apartment,95000,140000,2025S2,zone_median,1
LURAGO D`ERBA,CO,house,110000,155000,2025S2,zone_median,1
LURAGO D`ERBA,CO,villa,110000,155000,2025S2,zone_median,1
LURAGO D`ERBA,CO,commercial,110000,150000,2025S2,zone_median,1
LURAGO MARINONE,CO,apartment,105000,120000,2025S2,zone_median,1
LURAGO MARINONE,CO,house,110000,155000,2025S2,zone_median,1
LURAGO MARINONE,CO,villa,110000,155000,2025S2,zone_median,1
LURAGO MARINONE,CO,commercial,80000,150000,2025S2,zone_median,1
LURATE CACCIVIO,CO,apartment,115000,145000,2025S2,zone_median,3
LURATE CACCIVIO,CO,house,125000,170000,2025S2,zone_median,3
LURATE CACCIVIO,CO,villa,125000,170000,2025S2,zone_median,3
LURATE CACCIVIO,CO,commercial,110000,190000,2025S2,zone_median,2
MAGREGLIO,CO,apartment,71000,105000,2025S2,zone_median,1
MAGREGLIO,CO,house,85000,120000,2025S2,zone_median,1
MAGREGLIO,CO,villa,85000,120000,2025S2,zone_median,1
MAGREGLIO,CO,commercial,70000,90000,2025S2,zone_median,1
MARIANO COMENSE,CO,apartment,122500,165000,2025S2,zone_median,4
MARIANO COMENSE,CO,house,132500,172500,2025S2,zone_median,4
MARIANO COMENSE,CO,villa,132500,172500,2025S2,zone_median,4
MARIANO COMENSE,CO,commercial,100000,185000,2025S2,zone_median,4
MASLIANICO,CO,apartment,125000,165000,2025S2,zone_median,1
MASLIANICO,CO,house,130000,185000,2025S2,zone_median,1
MASLIANICO,CO,villa,130000,185000,2025S2,zone_median,1
MASLIANICO,CO,commercial,175000,225000,2025S2,zone_median,1
MENAGGIO,CO,apartment,115000,165000,2025S2,zone_median,5
MENAGGIO,CO,house,150000,195000,2025S2,zone_median,5
MENAGGIO,CO,villa,150000,195000,2025S2,zone_median,5
MENAGGIO,CO,commercial,150000,200000,2025S2,zone_median,1
MERONE,CO,apartment,90000,135000,2025S2,zone_median,1
MERONE,CO,house,105000,145000,2025S2,zone_median,1
MERONE,CO,villa,105000,145000,2025S2,zone_median,1
MERONE,CO,commercial,80000,120000,2025S2,zone_median,1
MOLTRASIO,CO,apartment,110000,160000,2025S2,zone_median,3
MOLTRASIO,CO,house,140000,195000,2025S2,zone_median,3
MOLTRASIO,CO,villa,140000,195000,2025S2,zone_median,3
MOLTRASIO,CO,commercial,100000,150000,2025S2,zone_median,1
MONGUZZO,CO,apartment,90000,135000,2025S2,zone_median,1
MONGUZZO,CO,house,105000,145000,2025S2,zone_median,1
MONGUZZO,CO,villa,105000,145000,2025S2,zone_median,1
MONGUZZO,CO,commercial,80000,120000,2025S2,zone_median,1
MONTANO LUCINO,CO,apartment,117500,147500,2025S2,zone_median,2
MONTANO LUCINO,CO,house,127500,165000,2025S2,zone_median,2
MONTANO LUCINO,CO,villa,127500,165000,2025S2,zone_median,2
MONTANO LUCINO,CO,commercial,110000,220000,2025S2,zone_median,3
MONTEMEZZO,CO,apartment,53500,77500,2025S2,zone_median,2
MONTEMEZZO,CO,house,70000,100000,2025S2,zone_median,1
MONTEMEZZO,CO,villa,70000,100000,2025S2,zone_median,1
MONTEMEZZO,CO,commercial,80000,130000,2025S2,zone_median,1
MONTORFANO,CO,apartment,120000,165000,2025S2,zone_median,1
MONTORFANO,CO,house,155000,225000,2025S2,zone_median,1
MONTORFANO,CO,villa,155000,225000,2025S2,zone_median,1
MONTORFANO,CO,commercial,110000,150000,2025S2,zone_median,1
MOZZATE,CO,apartment,120000,180000,2025S2,zone_median,1
MOZZATE,CO,house,160000,237500,2025S2,zone_median,2
MOZZATE,CO,villa,160000,237500,2025S2,zone_median,2
MOZZATE,CO,commercial,100000,170000,2025S2,zone_median,1
MUSSO,CO,apartment,80000,120000,2025S2,zone_median,1
MUSSO,CO,house,105000,150000,2025S2,zone_median,1
MUSSO,CO,villa,105000,150000,2025S2,zone_median,1
MUSSO,CO,commercial,90000,140000,2025S2,zone_median,1
NESSO,CO,apartment,110000,145000,2025S2,zone_median,2
NESSO,CO,house,150000,185000,2025S2,zone_median,1
NESSO,CO,villa,150000,185000,2025S2,zone_median,1
NESSO,CO,commercial,70000,130000,2025S2,zone_median,1
NOVEDRATE,CO,apartment,100000,137500,2025S2,zone_median,2
NOVEDRATE,CO,house,125000,165000,2025S2,zone_median,2
NOVEDRATE,CO,villa,125000,165000,2025S2,zone_median,2
NOVEDRATE,CO,commercial,100000,170000,2025S2,zone_median,2
OLGIATE COMASCO,CO,apartment,125000,180000,2025S2,zone_median,3
OLGIATE COMASCO,CO,house,135000,170000,2025S2,zone_median,3
OLGIATE COMASCO,CO,villa,135000,170000,2025S2,zone_median,3
OLGIATE COMASCO,CO,commercial,110000,180000,2025S2,zone_median,3
OLTRONA DI SAN MAMETTE,CO,apartment,110000,135000,2025S2,zone_median,1
OLTRONA DI SAN MAMETTE,CO,house,120000,170000,2025S2,zone_median,1
OLTRONA DI SAN MAMETTE,CO,villa,120000,170000,2025S2,zone_median,1
OLTRONA DI SAN MAMETTE,CO,commercial,80000,150000,2025S2,zone_median,1
ORSENIGO,CO,apartment,95000,140000,2025S2,zone_median,1
ORSENIGO,CO,house,110000,155000,2025S2,zone_median,1
ORSENIGO,CO,villa,110000,155000,2025S2,zone_median,1
ORSENIGO,CO,commercial,75000,115000,2025S2,zone_median,1
PEGLIO,CO,apartment,57000,85000,2025S2,zone_median,1
PEGLIO,CO,house,70000,100000,2025S2,zone_median,1
PEGLIO,CO,villa,70000,100000,2025S2,zone_median,1
PEGLIO,CO,commercial,80000,130000,2025S2,zone_median,1
PIANELLO DEL LARIO,CO,apartment,80000,120000,2025S2,zone_median,1
PIANELLO DEL LARIO,CO,house,105000,150000,2025S2,zone_median,1
PIANELLO DEL LARIO,CO,villa,105000,150000,2025S2,zone_median,1
PIANELLO DEL LARIO,CO,commercial,90000,140000,2025S2,zone_median,1
PIGRA,CO,apartment,70000,90000,2025S2,zone_median,1
PIGRA,CO,house,85000,110000,2025S2,zone_median,1
PIGRA,CO,villa,85000,110000,2025S2,zone_median,1
PLESIO,CO,apartment,80000,120000,2025S2,zone_median,1
PLESIO,CO,house,100000,145000,2025S2,zone_median,1
PLESIO,CO,villa,100000,145000,2025S2,zone_median,1
POGNANA LARIO,CO,apartment,110000,160000,2025S2,zone_median,1
POGNANA LARIO,CO,house,125000,185000,2025S2,zone_median,1
POGNANA LARIO,CO,villa,125000,185000,2025S2,zone_median,1
POGNANA LARIO,CO,commercial,70000,130000,2025S2,zone_median,1
PONNA,CO,apartment,70000,90000,2025S2,zone_median,1
PONNA,CO,house,85000,110000,2025S2,zone_median,1
PONNA,CO,villa,85000,110000,2025S2,zone_median,1
PONTE LAMBRO,CO,apartment,95000,140000,2025S2,zone_median,1
PONTE LAMBRO,CO,house,100000,140000,2025S2,zone_median,1
PONTE LAMBRO,CO,villa,100000,140000,2025S2,zone_median,1
PONTE LAMBRO,CO,commercial,80000,100000,2025S2,zone_median,1
PORLEZZA,CO,apartment,110000,160000,2025S2,zone_median,3
PORLEZZA,CO,house,130000,180000,2025S2,zone_median,2
PORLEZZA,CO,commercial,80000,120000,2025S2,zone_median,3
PORLEZZA,CO,villa,130000,180000,2025S2,zone_median,2
PROSERPIO,CO,apartment,90000,135000,2025S2,zone_median,1
PROSERPIO,CO,house,105000,145000,2025S2,zone_median,1
PROSERPIO,CO,villa,105000,145000,2025S2,zone_median,1
PROSERPIO,CO,commercial,75000,115000,2025S2,zone_median,1
PUSIANO,CO,apartment,110000,150000,2025S2,zone_median,1
PUSIANO,CO,house,140000,200000,2025S2,zone_median,1
PUSIANO,CO,villa,140000,200000,2025S2,zone_median,1
PUSIANO,CO,commercial,105000,140000,2025S2,zone_median,1
REZZAGO,CO,apartment,71000,105000,2025S2,zone_median,1
REZZAGO,CO,house,85000,120000,2025S2,zone_median,1
REZZAGO,CO,villa,85000,120000,2025S2,zone_median,1
REZZAGO,CO,commercial,70000,90000,2025S2,zone_median,1
VAL REZZO,CO,apartment,70000,90000,2025S2,zone_median,1
VAL REZZO,CO,house,85000,110000,2025S2,zone_median,1
VAL REZZO,CO,villa,85000,110000,2025S2,zone_median,1
RODERO,CO,apartment,100000,125000,2025S2,zone_median,1
RODERO,CO,house,100000,140000,2025S2,zone_median,1
RODERO,CO,villa,100000,140000,2025S2,zone_median,1
RODERO,CO,commercial,80000,120000,2025S2,zone_median,1
ROVELLASCA,CO,apartment,125000,170000,2025S2,zone_median,3
ROVELLASCA,CO,house,130000,170000,2025S2,zone_median,3
ROVELLASCA,CO,villa,130000,170000,2025S2,zone_median,3
ROVELLASCA,CO,commercial,115000,190000,2025S2,zone_median,2
ROVELLO PORRO,CO,apartment,110000,145000,2025S2,zone_median,1
ROVELLO PORRO,CO,house,115000,165000,2025S2,zone_median,1
ROVELLO PORRO,CO,villa,115000,165000,2025S2,zone_median,1
ROVELLO PORRO,CO,commercial,100000,170000,2025S2,zone_median,1
SALA COMACINA,CO,apartment,140000,200000,2025S2,zone_median,1
SALA COMACINA,CO,house,150000,220000,2025S2,zone_median,1
SALA COMACINA,CO,villa,150000,220000,2025S2,zone_median,1
SALA COMACINA,CO,commercial,100000,150000,2025S2,zone_median,1
S BARTOLOMEO V CAVARGNA,CO,apartment,70000,90000,2025S2,zone_median,1
S BARTOLOMEO V CAVARGNA,CO,house,85000,110000,2025S2,zone_median,1
S BARTOLOMEO V CAVARGNA,CO,villa,85000,110000,2025S2,zone_median,1
S BARTOLOMEO V CAVARGNA,CO,commercial,70000,100000,2025S2,zone_median,1
S FERMO DELLA BATTAGLIA,CO,apartment,115000,160000,2025S2,zone_median,3
S FERMO DELLA BATTAGLIA,CO,house,135000,180000,2025S2,zone_median,3
S FERMO DELLA BATTAGLIA,CO,villa,135000,180000,2025S2,zone_median,3
S FERMO DELLA BATTAGLIA,CO,commercial,110000,195000,2025S2,zone_median,2
S NAZZARO VAL CAVARGNA,CO,apartment,70000,90000,2025S2,zone_median,1
S NAZZARO VAL CAVARGNA,CO,house,85000,110000,2025S2,zone_median,1
S NAZZARO VAL CAVARGNA,CO,villa,85000,110000,2025S2,zone_median,1
S NAZZARO VAL CAVARGNA,CO,commercial,70000,100000,2025S2,zone_median,1
SCHIGNANO,CO,apartment,90000,115000,2025S2,zone_median,1
SCHIGNANO,CO,house,105000,140000,2025S2,zone_median,1
SCHIGNANO,CO,villa,105000,140000,2025S2,zone_median,1
SENNA COMASCO,CO,apartment,100000,140000,2025S2,zone_median,1
SENNA COMASCO,CO,house,120000,170000,2025S2,zone_median,1
SENNA COMASCO,CO,villa,120000,170000,2025S2,zone_median,1
SENNA COMASCO,CO,commercial,100000,150000,2025S2,zone_median,1
SORICO,CO,apartment,90000,120000,2025S2,zone_median,4
SORICO,CO,house,130000,180000,2025S2,zone_median,1
SORICO,CO,villa,130000,180000,2025S2,zone_median,1
SORICO,CO,commercial,110000,160000,2025S2,zone_median,1
SORMANO,CO,apartment,71000,105000,2025S2,zone_median,1
SORMANO,CO,house,85000,120000,2025S2,zone_median,1
SORMANO,CO,villa,85000,120000,2025S2,zone_median,1
SORMANO,CO,commercial,70000,90000,2025S2,zone_median,1
STAZZONA,CO,apartment,57000,85000,2025S2,zone_median,1
STAZZONA,CO,house,70000,100000,2025S2,zone_median,1
STAZZONA,CO,villa,70000,100000,2025S2,zone_median,1
STAZZONA,CO,commercial,80000,130000,2025S2,zone_median,1
TAVERNERIO,CO,apartment,105000,155000,2025S2,zone_median,1
TAVERNERIO,CO,house,125000,170000,2025S2,zone_median,1
TAVERNERIO,CO,villa,125000,170000,2025S2,zone_median,1
TAVERNERIO,CO,commercial,105000,140000,2025S2,zone_median,1
TORNO,CO,apartment,120000,160000,2025S2,zone_median,2
TORNO,CO,house,160000,230000,2025S2,zone_median,1
TORNO,CO,villa,160000,230000,2025S2,zone_median,1
TORNO,CO,commercial,80000,140000,2025S2,zone_median,1
TREZZONE,CO,apartment,57000,85000,2025S2,zone_median,1
TREZZONE,CO,house,70000,100000,2025S2,zone_median,1
TREZZONE,CO,villa,70000,100000,2025S2,zone_median,1
TREZZONE,CO,commercial,80000,130000,2025S2,zone_median,1
TURATE,CO,apartment,115000,142500,2025S2,zone_median,2
TURATE,CO,house,130000,165000,2025S2,zone_median,2
TURATE,CO,villa,130000,165000,2025S2,zone_median,2
TURATE,CO,commercial,110000,185000,2025S2,zone_median,2
VALBRONA,CO,apartment,80000,110000,2025S2,zone_median,1
VALBRONA,CO,house,95000,135000,2025S2,zone_median,1
VALBRONA,CO,villa,95000,135000,2025S2,zone_median,1
VALBRONA,CO,commercial,70000,100000,2025S2,zone_median,1
VALMOREA,CO,apartment,110000,140000,2025S2,zone_median,1
VALMOREA,CO,house,110000,165000,2025S2,zone_median,1
VALMOREA,CO,villa,110000,165000,2025S2,zone_median,1
VALMOREA,CO,commercial,85000,140000,2025S2,zone_median,1
VELESO,CO,apartment,71000,105000,2025S2,zone_median,1
VELESO,CO,house,85000,120000,2025S2,zone_median,1
VELESO,CO,villa,85000,120000,2025S2,zone_median,1
VELESO,CO,commercial,70000,90000,2025S2,zone_median,1
VENIANO,CO,apartment,120000,135000,2025S2,zone_median,1
VENIANO,CO,house,140000,200000,2025S2,zone_median,1
VENIANO,CO,villa,140000,200000,2025S2,zone_median,1
VENIANO,CO,commercial,90000,150000,2025S2,zone_median,1
VERCANA,CO,apartment,57000,85000,2025S2,zone_median,1
VERCANA,CO,house,70000,100000,2025S2,zone_median,1
VERCANA,CO,villa,70000,100000,2025S2,zone_median,1
VERCANA,CO,commercial,80000,130000,2025S2,zone_median,1
VERTEMATE CON MINOPRIO,CO,apartment,120000,160000,2025S2,zone_median,1
VERTEMATE CON MINOPRIO,CO,house,125000,170000,2025S2,zone_median,1
VERTEMATE CON MINOPRIO,CO,villa,125000,170000,2025S2,zone_median,1
VERTEMATE CON MINOPRIO,CO,commercial,85000,170000,2025S2,zone_median,1
VILLA GUARDIA,CO,apartment,130000,172500,2025S2,zone_median,2
VILLA GUARDIA,CO,house,140000,185000,2025S2,zone_median,3
VILLA GUARDIA,CO,villa,140000,185000,2025S2,zone_median,3
VILLA GUARDIA,CO,commercial,110000,220000,2025S2,zone_median,2
ZELBIO,CO,apartment,71000,105000,2025S2,zone_median,1
ZELBIO,CO,house,85000,120000,2025S2,zone_median,1
ZELBIO,CO,villa,85000,120000,2025S2,zone_median,1
ZELBIO,CO,commercial,70000,90000,2025S2,zone_median,1
SAN SIRO,CO,apartment,90000,130000,2025S2,zone_median,1
SAN SIRO,CO,house,105000,150000,2025S2,zone_median,1
SAN SIRO,CO,villa,105000,150000,2025S2,zone_median,1
SAN SIRO,CO,commercial,100000,150000,2025S2,zone_median,1
GRAVEDONA ED UNITI,CO,apartment,95000,140000,2025S2,zone_median,4
GRAVEDONA ED UNITI,CO,house,112500,157500,2025S2,zone_median,4
GRAVEDONA ED UNITI,CO,villa,112500,157500,2025S2,zone_median,4
GRAVEDONA ED UNITI,CO,commercial,100000,150000,2025S2,zone_median,3
TREMEZZINA,CO,apartment,140000,200000,2025S2,zone_median,3
TREMEZZINA,CO,house,200000,295000,2025S2,zone_median,2
TREMEZZINA,CO,villa,200000,295000,2025S2,zone_median,2
TREMEZZINA,CO,commercial,130000,180000,2025S2,zone_median,2
COLVERDE,CO,apartment,135000,155000,2025S2,zone_median,3
COLVERDE,CO,house,140000,170000,2025S2,zone_median,3
COLVERDE,CO,villa,140000,170000,2025S2,zone_median,3
COLVERDE,CO,commercial,100000,150000,2025S2,zone_median,3
ALTA VALLE INTELVI,CO,apartment,90000,115000,2025S2,zone_median,3
ALTA VALLE INTELVI,CO,house,105000,140000,2025S2,zone_median,3
ALTA VALLE INTELVI,CO,villa,105000,140000,2025S2,zone_median,3
ALTA VALLE INTELVI,CO,commercial,80000,120000,2025S2,zone_median,1
BELLAGIO,CO,apartment,120000,160000,2025S2,zone_median,3
BELLAGIO,CO,house,140000,200000,2025S2,zone_median,3
BELLAGIO,CO,villa,140000,200000,2025S2,zone_median,3
BELLAGIO,CO,commercial,110000,145000,2025S2,zone_median,2
CENTRO VALLE INTELVI,CO,apartment,95000,135000,2025S2,zone_median,4
CENTRO VALLE INTELVI,CO,house,110000,160000,2025S2,zone_median,3
CENTRO VALLE INTELVI,CO,villa,110000,160000,2025S2,zone_median,3
CENTRO VALLE INTELVI,CO,commercial,90000,140000,2025S2,zone_median,1
SOLBIATE CON CAGNO,CO,apartment,100000,130000,2025S2,zone_median,2
SOLBIATE CON CAGNO,CO,house,107500,147500,2025S2,zone_median,2
SOLBIATE CON CAGNO,CO,villa,107500,147500,2025S2,zone_median,2
SOLBIATE CON CAGNO,CO,commercial,95000,145000,2025S2,zone_median,2
UGGIATE CON RONAGO,CO,apartment,122500,172500,2025S2,zone_median,2
UGGIATE CON RONAGO,CO,house,110000,157500,2025S2,zone_median,2
UGGIATE CON RONAGO,CO,villa,110000,157500,2025S2,zone_median,2
UGGIATE CON RONAGO,CO,commercial,80000,140000,2025S2,zone_median,2
CREMONA,CR,apartment,97500,130000,2025S2,zone_median,14
CREMONA,CR,house,105000,140000,2025S2,zone_median,11
CREMONA,CR,commercial,65000,125000,2025S2,zone_median,8
CREMONA,CR,villa,105000,140000,2025S2,zone_median,11
ACQUANEGRA CREMONESE,CR,apartment,52500,75000,2025S2,zone_median,2
ACQUANEGRA CREMONESE,CR,house,75000,105000,2025S2,zone_median,1
ACQUANEGRA CREMONESE,CR,villa,75000,105000,2025S2,zone_median,1
ACQUANEGRA CREMONESE,CR,commercial,60000,105000,2025S2,zone_median,1
AGNADELLO,CR,apartment,77500,105000,2025S2,zone_median,2
AGNADELLO,CR,house,110000,140000,2025S2,zone_median,1
AGNADELLO,CR,villa,110000,140000,2025S2,zone_median,1
AGNADELLO,CR,commercial,75000,125000,2025S2,zone_median,1
ANNICCO,CR,apartment,47500,67500,2025S2,zone_median,2
ANNICCO,CR,house,70000,95000,2025S2,zone_median,1
ANNICCO,CR,villa,70000,95000,2025S2,zone_median,1
ANNICCO,CR,commercial,55000,80000,2025S2,zone_median,1
AZZANELLO,CR,apartment,47500,67500,2025S2,zone_median,2
AZZANELLO,CR,house,65000,95000,2025S2,zone_median,1
AZZANELLO,CR,villa,65000,95000,2025S2,zone_median,1
AZZANELLO,CR,commercial,50000,75000,2025S2,zone_median,1
BAGNOLO CREMASCO,CR,apartment,82500,105000,2025S2,zone_median,2
BAGNOLO CREMASCO,CR,house,100000,140000,2025S2,zone_median,1
BAGNOLO CREMASCO,CR,villa,100000,140000,2025S2,zone_median,1
BAGNOLO CREMASCO,CR,commercial,70000,125000,2025S2,zone_median,1
BONEMERSE,CR,apartment,70000,102500,2025S2,zone_median,2
BONEMERSE,CR,house,95000,135000,2025S2,zone_median,1
BONEMERSE,CR,villa,95000,135000,2025S2,zone_median,1
BONEMERSE,CR,commercial,60000,105000,2025S2,zone_median,1
BORDOLANO,CR,apartment,47500,67500,2025S2,zone_median,2
BORDOLANO,CR,house,65000,95000,2025S2,zone_median,1
BORDOLANO,CR,villa,65000,95000,2025S2,zone_median,1
BORDOLANO,CR,commercial,50000,75000,2025S2,zone_median,1
CASTELVERDE,CR,apartment,70000,100000,2025S2,zone_median,3
CASTELVERDE,CR,house,80000,120000,2025S2,zone_median,2
CASTELVERDE,CR,villa,80000,120000,2025S2,zone_median,2
CASTELVERDE,CR,commercial,65000,105000,2025S2,zone_median,2
CALVATONE,CR,apartment,47500,65000,2025S2,zone_median,2
CALVATONE,CR,house,60000,90000,2025S2,zone_median,1
CALVATONE,CR,villa,60000,90000,2025S2,zone_median,1
CALVATONE,CR,commercial,55000,80000,2025S2,zone_median,1
CAMISANO,CR,apartment,62500,90000,2025S2,zone_median,2
CAMISANO,CR,house,95000,130000,2025S2,zone_median,1
CAMISANO,CR,villa,95000,130000,2025S2,zone_median,1
CAMISANO,CR,commercial,80000,100000,2025S2,zone_median,1
CAMPAGNOLA CREMASCA,CR,apartment,75000,97500,2025S2,zone_median,2
CAMPAGNOLA CREMASCA,CR,house,100000,140000,2025S2,zone_median,1
CAMPAGNOLA CREMASCA,CR,villa,100000,140000,2025S2,zone_median,1
CAMPAGNOLA CREMASCA,CR,commercial,65000,90000,2025S2,zone_median,1
CAPERGNANICA,CR,apartment,67500,95000,2025S2,zone_median,2
CAPERGNANICA,CR,house,90000,125000,2025S2,zone_median,1
CAPERGNANICA,CR,villa,90000,125000,2025S2,zone_median,1
CAPERGNANICA,CR,commercial,80000,100000,2025S2,zone_median,1
CAPPELLA CANTONE,CR,apartment,47500,67500,2025S2,zone_median,2
CAPPELLA CANTONE,CR,house,70000,95000,2025S2,zone_median,1
CAPPELLA CANTONE,CR,villa,70000,95000,2025S2,zone_median,1
CAPPELLA CANTONE,CR,commercial,55000,80000,2025S2,zone_median,1
CAPPELLA DE` PICENARDI,CR,apartment,47500,65000,2025S2,zone_median,2
CAPPELLA DE` PICENARDI,CR,house,65000,90000,2025S2,zone_median,1
CAPPELLA DE` PICENARDI,CR,villa,65000,90000,2025S2,zone_median,1
CAPPELLA DE` PICENARDI,CR,commercial,50000,75000,2025S2,zone_median,1
CAPRALBA,CR,apartment,72500,97500,2025S2,zone_median,2
CAPRALBA,CR,house,85000,125000,2025S2,zone_median,1
CAPRALBA,CR,villa,85000,125000,2025S2,zone_median,1
CAPRALBA,CR,commercial,65000,90000,2025S2,zone_median,1
CASALBUTTANO ED UNITI,CR,apartment,50000,72500,2025S2,zone_median,2
CASALBUTTANO ED UNITI,CR,house,75000,110000,2025S2,zone_median,1
CASALBUTTANO ED UNITI,CR,villa,75000,110000,2025S2,zone_median,1
CASALBUTTANO ED UNITI,CR,commercial,60000,105000,2025S2,zone_median,1
CASALE CREM VIDOLASCO,CR,apartment,62500,90000,2025S2,zone_median,2
CASALE CREM VIDOLASCO,CR,house,95000,130000,2025S2,zone_median,1
CASALE CREM VIDOLASCO,CR,villa,95000,130000,2025S2,zone_median,1
CASALE CREM VIDOLASCO,CR,commercial,80000,100000,2025S2,zone_median,1
CASALETTO CEREDANO,CR,apartment,52500,77500,2025S2,zone_median,2
CASALETTO CEREDANO,CR,house,70000,105000,2025S2,zone_median,1
CASALETTO CEREDANO,CR,villa,70000,105000,2025S2,zone_median,1
CASALETTO CEREDANO,CR,commercial,65000,90000,2025S2,zone_median,1
CASALETTO DI SOPRA,CR,apartment,62500,90000,2025S2,zone_median,2
CASALETTO DI SOPRA,CR,house,95000,130000,2025S2,zone_median,1
CASALETTO DI SOPRA,CR,villa,95000,130000,2025S2,zone_median,1
CASALETTO DI SOPRA,CR,commercial,65000,90000,2025S2,zone_median,1
CASALETTO VAPRIO,CR,apartment,65000,85000,2025S2,zone_median,2
CASALETTO VAPRIO,CR,house,95000,130000,2025S2,zone_median,1
CASALETTO VAPRIO,CR,villa,95000,130000,2025S2,zone_median,1
CASALETTO VAPRIO,CR,commercial,70000,90000,2025S2,zone_median,1
CASALMAGGIORE,CR,apartment,70000,102500,2025S2,zone_median,6
CASALMAGGIORE,CR,house,95000,132500,2025S2,zone_median,4
CASALMAGGIORE,CR,villa,95000,132500,2025S2,zone_median,4
CASALMAGGIORE,CR,commercial,60000,100000,2025S2,zone_median,5
CASALMORANO,CR,apartment,47500,67500,2025S2,zone_median,2
CASALMORANO,CR,house,65000,95000,2025S2,zone_median,1
CASALMORANO,CR,villa,65000,95000,2025S2,zone_median,1
CASALMORANO,CR,commercial,50000,75000,2025S2,zone_median,1
POZZAGLIO ED UNITI,CR,apartment,47500,70000,2025S2,zone_median,2
POZZAGLIO ED UNITI,CR,house,70000,95000,2025S2,zone_median,1
POZZAGLIO ED UNITI,CR,villa,70000,95000,2025S2,zone_median,1
POZZAGLIO ED UNITI,CR,commercial,60000,105000,2025S2,zone_median,1
CASTELDIDONE,CR,apartment,45000,62500,2025S2,zone_median,2
CASTELDIDONE,CR,house,60000,90000,2025S2,zone_median,1
CASTELDIDONE,CR,villa,60000,90000,2025S2,zone_median,1
CASTELDIDONE,CR,commercial,45000,70000,2025S2,zone_median,1
CASTEL GABBIANO,CR,apartment,62500,90000,2025S2,zone_median,2
CASTEL GABBIANO,CR,house,90000,130000,2025S2,zone_median,1
CASTEL GABBIANO,CR,villa,90000,130000,2025S2,zone_median,1
CASTEL GABBIANO,CR,commercial,50000,70000,2025S2,zone_median,1
CASTELLEONE,CR,apartment,75000,112500,2025S2,zone_median,2
CASTELLEONE,CR,house,95000,130000,2025S2,zone_median,1
CASTELLEONE,CR,villa,95000,130000,2025S2,zone_median,1
CASTELLEONE,CR,commercial,70000,120000,2025S2,zone_median,1
CASTELVISCONTI,CR,apartment,47500,67500,2025S2,zone_median,2
CASTELVISCONTI,CR,house,65000,95000,2025S2,zone_median,1
CASTELVISCONTI,CR,villa,65000,95000,2025S2,zone_median,1
CASTELVISCONTI,CR,commercial,50000,75000,2025S2,zone_median,1
CELLA DATI,CR,apartment,47500,65000,2025S2,zone_median,2
CELLA DATI,CR,house,65000,90000,2025S2,zone_median,1
CELLA DATI,CR,villa,65000,90000,2025S2,zone_median,1
CELLA DATI,CR,commercial,50000,75000,2025S2,zone_median,1
CHIEVE,CR,apartment,67500,95000,2025S2,zone_median,2
CHIEVE,CR,house,90000,125000,2025S2,zone_median,1
CHIEVE,CR,villa,90000,125000,2025S2,zone_median,1
CHIEVE,CR,commercial,50000,70000,2025S2,zone_median,1
CICOGNOLO,CR,apartment,47500,65000,2025S2,zone_median,2
CICOGNOLO,CR,house,65000,90000,2025S2,zone_median,1
CICOGNOLO,CR,villa,65000,90000,2025S2,zone_median,1
CICOGNOLO,CR,commercial,50000,75000,2025S2,zone_median,1
CINGIA DE` BOTTI,CR,apartment,47500,67500,2025S2,zone_median,2
CINGIA DE` BOTTI,CR,house,65000,100000,2025S2,zone_median,1
CINGIA DE` BOTTI,CR,villa,65000,100000,2025S2,zone_median,1
CINGIA DE` BOTTI,CR,commercial,60000,105000,2025S2,zone_median,1
CORTE DE` CORTESI CON CIGNONE,CR,apartment,47500,72500,2025S2,zone_median,2
CORTE DE` CORTESI CON CIGNONE,CR,house,70000,95000,2025S2,zone_median,1
CORTE DE` CORTESI CON CIGNONE,CR,villa,70000,95000,2025S2,zone_median,1
CORTE DE` CORTESI CON CIGNONE,CR,commercial,60000,105000,2025S2,zone_median,1
CORTE DE` FRATI,CR,apartment,47500,65000,2025S2,zone_median,2
CORTE DE` FRATI,CR,house,65000,90000,2025S2,zone_median,1
CORTE DE` FRATI,CR,villa,65000,90000,2025S2,zone_median,1
CORTE DE` FRATI,CR,commercial,50000,75000,2025S2,zone_median,1
CREDERA RUBBIANO,CR,apartment,52500,80000,2025S2,zone_median,2
CREDERA RUBBIANO,CR,house,70000,105000,2025S2,zone_median,1
CREDERA RUBBIANO,CR,villa,70000,105000,2025S2,zone_median,1
CREDERA RUBBIANO,CR,commercial,50000,70000,2025S2,zone_median,1
CREMA,CR,apartment,107500,142500,2025S2,zone_median,10
CREMA,CR,house,110000,155000,2025S2,zone_median,8
CREMA,CR,commercial,80000,120000,2025S2,zone_median,8
CREMA,CR,villa,110000,155000,2025S2,zone_median,8
CREMOSANO,CR,apartment,82500,105000,2025S2,zone_median,2
CREMOSANO,CR,house,100000,140000,2025S2,zone_median,1
CREMOSANO,CR,villa,100000,140000,2025S2,zone_median,1
CREMOSANO,CR,commercial,65000,95000,2025S2,zone_median,1
CROTTA D`ADDA,CR,apartment,47500,65000,2025S2,zone_median,2
CROTTA D`ADDA,CR,house,65000,90000,2025S2,zone_median,1
CROTTA D`ADDA,CR,villa,65000,90000,2025S2,zone_median,1
CROTTA D`ADDA,CR,commercial,50000,75000,2025S2,zone_median,1
CUMIGNANO SUL NAVIGLIO,CR,apartment,47500,67500,2025S2,zone_median,2
CUMIGNANO SUL NAVIGLIO,CR,house,65000,95000,2025S2,zone_median,1
CUMIGNANO SUL NAVIGLIO,CR,villa,65000,95000,2025S2,zone_median,1
CUMIGNANO SUL NAVIGLIO,CR,commercial,50000,75000,2025S2,zone_median,1
DEROVERE,CR,apartment,47500,65000,2025S2,zone_median,2
DEROVERE,CR,house,65000,90000,2025S2,zone_median,1
DEROVERE,CR,villa,65000,90000,2025S2,zone_median,1
DEROVERE,CR,commercial,50000,75000,2025S2,zone_median,1
DOVERA,CR,apartment,70000,92500,2025S2,zone_median,2
DOVERA,CR,house,100000,150000,2025S2,zone_median,1
DOVERA,CR,villa,100000,150000,2025S2,zone_median,1
DOVERA,CR,commercial,70000,90000,2025S2,zone_median,1
FIESCO,CR,apartment,52500,80000,2025S2,zone_median,2
FIESCO,CR,house,70000,105000,2025S2,zone_median,1
FIESCO,CR,villa,70000,105000,2025S2,zone_median,1
FIESCO,CR,commercial,65000,90000,2025S2,zone_median,1
FORMIGARA,CR,apartment,47500,67500,2025S2,zone_median,2
FORMIGARA,CR,house,65000,95000,2025S2,zone_median,1
FORMIGARA,CR,villa,65000,95000,2025S2,zone_median,1
FORMIGARA,CR,commercial,50000,75000,2025S2,zone_median,1
GABBIONETA BINANUOVA,CR,apartment,55000,70000,2025S2,zone_median,3
GABBIONETA BINANUOVA,CR,house,65000,90000,2025S2,zone_median,1
GABBIONETA BINANUOVA,CR,villa,65000,90000,2025S2,zone_median,1
GABBIONETA BINANUOVA,CR,commercial,50000,75000,2025S2,zone_median,1
GADESCO PIEVE DELMONA,CR,apartment,62500,82500,2025S2,zone_median,2
GADESCO PIEVE DELMONA,CR,house,85000,105000,2025S2,zone_median,1
GADESCO PIEVE DELMONA,CR,villa,85000,105000,2025S2,zone_median,1
GADESCO PIEVE DELMONA,CR,commercial,65000,105000,2025S2,zone_median,1
GENIVOLTA,CR,apartment,47500,67500,2025S2,zone_median,2
GENIVOLTA,CR,house,75000,110000,2025S2,zone_median,1
GENIVOLTA,CR,villa,75000,110000,2025S2,zone_median,1
GENIVOLTA,CR,commercial,65000,100000,2025S2,zone_median,1
GERRE DE` CAPRIOLI,CR,apartment,47500,67500,2025S2,zone_median,2
GERRE DE` CAPRIOLI,CR,house,65000,90000,2025S2,zone_median,1
GERRE DE` CAPRIOLI,CR,villa,65000,90000,2025S2,zone_median,1
GERRE DE` CAPRIOLI,CR,commercial,50000,70000,2025S2,zone_median,1
GOMBITO,CR,apartment,47500,67500,2025S2,zone_median,2
GOMBITO,CR,house,65000,95000,2025S2,zone_median,1
GOMBITO,CR,villa,65000,95000,2025S2,zone_median,1
GOMBITO,CR,commercial,50000,75000,2025S2,zone_median,1
GRONTARDO,CR,apartment,47500,65000,2025S2,zone_median,2
GRONTARDO,CR,house,65000,90000,2025S2,zone_median,1
GRONTARDO,CR,villa,65000,90000,2025S2,zone_median,1
GRONTARDO,CR,commercial,50000,75000,2025S2,zone_median,1
GRUMELLO C ED UNITI,CR,apartment,50000,65000,2025S2,zone_median,2
GRUMELLO C ED UNITI,CR,house,65000,90000,2025S2,zone_median,1
GRUMELLO C ED UNITI,CR,villa,65000,90000,2025S2,zone_median,1
GRUMELLO C ED UNITI,CR,commercial,50000,75000,2025S2,zone_median,1
GUSSOLA,CR,apartment,42500,62500,2025S2,zone_median,2
GUSSOLA,CR,house,60000,90000,2025S2,zone_median,1
GUSSOLA,CR,villa,60000,90000,2025S2,zone_median,1
GUSSOLA,CR,commercial,50000,70000,2025S2,zone_median,1
ISOLA DOVARESE,CR,apartment,47500,65000,2025S2,zone_median,2
ISOLA DOVARESE,CR,house,65000,90000,2025S2,zone_median,1
ISOLA DOVARESE,CR,villa,65000,90000,2025S2,zone_median,1
ISOLA DOVARESE,CR,commercial,50000,75000,2025S2,zone_median,1
IZANO,CR,apartment,55000,82500,2025S2,zone_median,2
IZANO,CR,house,80000,110000,2025S2,zone_median,1
IZANO,CR,villa,80000,110000,2025S2,zone_median,1
IZANO,CR,commercial,50000,70000,2025S2,zone_median,1
MADIGNANO,CR,apartment,65000,92500,2025S2,zone_median,2
MADIGNANO,CR,house,90000,130000,2025S2,zone_median,1
MADIGNANO,CR,villa,90000,130000,2025S2,zone_median,1
MADIGNANO,CR,commercial,70000,90000,2025S2,zone_median,1
MALAGNINO,CR,apartment,65000,90000,2025S2,zone_median,2
MALAGNINO,CR,house,95000,125000,2025S2,zone_median,1
MALAGNINO,CR,villa,95000,125000,2025S2,zone_median,1
MALAGNINO,CR,commercial,60000,105000,2025S2,zone_median,1
MARTIGNANA DI PO,CR,apartment,40000,55000,2025S2,zone_median,3
MARTIGNANA DI PO,CR,house,60000,90000,2025S2,zone_median,1
MARTIGNANA DI PO,CR,villa,60000,90000,2025S2,zone_median,1
MARTIGNANA DI PO,CR,commercial,55000,80000,2025S2,zone_median,1
MONTE CREMASCO,CR,apartment,77500,102500,2025S2,zone_median,2
MONTE CREMASCO,CR,house,95000,130000,2025S2,zone_median,1
MONTE CREMASCO,CR,villa,95000,130000,2025S2,zone_median,1
MONTE CREMASCO,CR,commercial,70000,90000,2025S2,zone_median,1
MONTODINE,CR,apartment,55000,82500,2025S2,zone_median,2
MONTODINE,CR,house,80000,110000,2025S2,zone_median,1
MONTODINE,CR,villa,80000,110000,2025S2,zone_median,1
MONTODINE,CR,commercial,50000,70000,2025S2,zone_median,1
MOSCAZZANO,CR,apartment,52500,80000,2025S2,zone_median,2
MOSCAZZANO,CR,house,70000,105000,2025S2,zone_median,1
MOSCAZZANO,CR,villa,70000,105000,2025S2,zone_median,1
MOSCAZZANO,CR,commercial,70000,95000,2025S2,zone_median,1
MOTTA BALUFFI,CR,apartment,47500,65000,2025S2,zone_median,2
MOTTA BALUFFI,CR,house,65000,90000,2025S2,zone_median,1
MOTTA BALUFFI,CR,villa,65000,90000,2025S2,zone_median,1
MOTTA BALUFFI,CR,commercial,50000,75000,2025S2,zone_median,1
OFFANENGO,CR,apartment,82500,107500,2025S2,zone_median,2
OFFANENGO,CR,house,100000,130000,2025S2,zone_median,1
OFFANENGO,CR,villa,100000,130000,2025S2,zone_median,1
OFFANENGO,CR,commercial,80000,120000,2025S2,zone_median,1
OLMENETA,CR,apartment,47500,65000,2025S2,zone_median,2
OLMENETA,CR,house,65000,90000,2025S2,zone_median,1
OLMENETA,CR,villa,65000,90000,2025S2,zone_median,1
OLMENETA,CR,commercial,50000,75000,2025S2,zone_median,1
OSTIANO,CR,apartment,50000,70000,2025S2,zone_median,2
OSTIANO,CR,house,70000,100000,2025S2,zone_median,1
OSTIANO,CR,villa,70000,100000,2025S2,zone_median,1
OSTIANO,CR,commercial,60000,105000,2025S2,zone_median,1
PADERNO PONCHIELLI,CR,apartment,47500,65000,2025S2,zone_median,2
PADERNO PONCHIELLI,CR,house,65000,90000,2025S2,zone_median,1
PADERNO PONCHIELLI,CR,villa,65000,90000,2025S2,zone_median,1
PADERNO PONCHIELLI,CR,commercial,50000,75000,2025S2,zone_median,1
PALAZZO PIGNANO,CR,apartment,85000,105000,2025S2,zone_median,3
PALAZZO PIGNANO,CR,house,97500,145000,2025S2,zone_median,2
PALAZZO PIGNANO,CR,villa,97500,145000,2025S2,zone_median,2
PALAZZO PIGNANO,CR,commercial,70000,90000,2025S2,zone_median,2
PANDINO,CR,apartment,100000,135000,2025S2,zone_median,3
PANDINO,CR,house,110000,155000,2025S2,zone_median,1
PANDINO,CR,villa,110000,155000,2025S2,zone_median,1
PANDINO,CR,commercial,80000,125000,2025S2,zone_median,1
PERSICO DOSIMO,CR,apartment,65000,90000,2025S2,zone_median,2
PERSICO DOSIMO,CR,house,85000,115000,2025S2,zone_median,1
PERSICO DOSIMO,CR,villa,85000,115000,2025S2,zone_median,1
PERSICO DOSIMO,CR,commercial,60000,105000,2025S2,zone_median,1
PESCAROLO ED UNITI,CR,apartment,47500,65000,2025S2,zone_median,2
PESCAROLO ED UNITI,CR,house,65000,90000,2025S2,zone_median,1
PESCAROLO ED UNITI,CR,villa,65000,90000,2025S2,zone_median,1
PESCAROLO ED UNITI,CR,commercial,50000,75000,2025S2,zone_median,1
PESSINA CREMONESE,CR,apartment,47500,65000,2025S2,zone_median,2
PESSINA CREMONESE,CR,house,65000,90000,2025S2,zone_median,1
PESSINA CREMONESE,CR,villa,65000,90000,2025S2,zone_median,1
PESSINA CREMONESE,CR,commercial,50000,75000,2025S2,zone_median,1
PIANENGO,CR,apartment,82500,105000,2025S2,zone_median,2
PIANENGO,CR,house,100000,140000,2025S2,zone_median,1
PIANENGO,CR,villa,100000,140000,2025S2,zone_median,1
PIANENGO,CR,commercial,65000,90000,2025S2,zone_median,1
PIERANICA,CR,apartment,62500,90000,2025S2,zone_median,2
PIERANICA,CR,house,95000,130000,2025S2,zone_median,1
PIERANICA,CR,villa,95000,130000,2025S2,zone_median,1
PIERANICA,CR,commercial,50000,70000,2025S2,zone_median,1
PIADENA DRIZZONA,CR,apartment,55000,80000,2025S2,zone_median,3
PIADENA DRIZZONA,CR,house,65000,95000,2025S2,zone_median,2
PIADENA DRIZZONA,CR,villa,65000,95000,2025S2,zone_median,2
PIADENA DRIZZONA,CR,commercial,65000,100000,2025S2,zone_median,1
PIEVE D`OLMI,CR,apartment,47500,65000,2025S2,zone_median,2
PIEVE D`OLMI,CR,house,65000,90000,2025S2,zone_median,1
PIEVE D`OLMI,CR,villa,65000,90000,2025S2,zone_median,1
PIEVE D`OLMI,CR,commercial,50000,75000,2025S2,zone_median,1
PIEVE SAN GIACOMO,CR,apartment,50000,75000,2025S2,zone_median,2
PIEVE SAN GIACOMO,CR,house,75000,115000,2025S2,zone_median,1
PIEVE SAN GIACOMO,CR,villa,75000,115000,2025S2,zone_median,1
PIEVE SAN GIACOMO,CR,commercial,60000,105000,2025S2,zone_median,1
PIZZIGHETTONE,CR,apartment,60000,95000,2025S2,zone_median,3
PIZZIGHETTONE,CR,house,85000,115000,2025S2,zone_median,1
PIZZIGHETTONE,CR,villa,85000,115000,2025S2,zone_median,1
PIZZIGHETTONE,CR,commercial,60000,105000,2025S2,zone_median,1
QUINTANO,CR,apartment,62500,90000,2025S2,zone_median,2
QUINTANO,CR,house,95000,130000,2025S2,zone_median,1
QUINTANO,CR,villa,95000,130000,2025S2,zone_median,1
QUINTANO,CR,commercial,50000,70000,2025S2,zone_median,1
RICENGO,CR,apartment,70000,95000,2025S2,zone_median,2
RICENGO,CR,house,100000,140000,2025S2,zone_median,1
RICENGO,CR,villa,100000,140000,2025S2,zone_median,1
RICENGO,CR,commercial,50000,70000,2025S2,zone_median,1
RIPALTA ARPINA,CR,apartment,52500,80000,2025S2,zone_median,2
RIPALTA ARPINA,CR,house,70000,105000,2025S2,zone_median,1
RIPALTA ARPINA,CR,villa,70000,105000,2025S2,zone_median,1
RIPALTA ARPINA,CR,commercial,65000,90000,2025S2,zone_median,1
RIPALTA CREMASCA,CR,apartment,80000,115000,2025S2,zone_median,4
RIPALTA CREMASCA,CR,house,85000,130000,2025S2,zone_median,1
RIPALTA CREMASCA,CR,villa,85000,130000,2025S2,zone_median,1
RIPALTA CREMASCA,CR,commercial,65000,90000,2025S2,zone_median,1
RIPALTA GUERINA,CR,apartment,52500,80000,2025S2,zone_median,2
RIPALTA GUERINA,CR,house,70000,105000,2025S2,zone_median,1
RIPALTA GUERINA,CR,villa,70000,105000,2025S2,zone_median,1
RIPALTA GUERINA,CR,commercial,65000,90000,2025S2,zone_median,1
RIVAROLO DEL RE E UNITI,CR,apartment,42500,62500,2025S2,zone_median,2
RIVAROLO DEL RE E UNITI,CR,house,60000,95000,2025S2,zone_median,1
RIVAROLO DEL RE E UNITI,CR,villa,60000,95000,2025S2,zone_median,1
RIVAROLO DEL RE E UNITI,CR,commercial,50000,70000,2025S2,zone_median,1
RIVOLTA D`ADDA,CR,apartment,92500,127500,2025S2,zone_median,2
RIVOLTA D`ADDA,CR,house,135000,175000,2025S2,zone_median,1
RIVOLTA D`ADDA,CR,villa,135000,175000,2025S2,zone_median,1
RIVOLTA D`ADDA,CR,commercial,80000,135000,2025S2,zone_median,1
ROBECCO D`OGLIO,CR,apartment,47500,70000,2025S2,zone_median,2
ROBECCO D`OGLIO,CR,house,70000,95000,2025S2,zone_median,1
ROBECCO D`OGLIO,CR,villa,70000,95000,2025S2,zone_median,1
ROBECCO D`OGLIO,CR,commercial,60000,105000,2025S2,zone_median,1
ROMANENGO,CR,apartment,75000,100000,2025S2,zone_median,2
ROMANENGO,CR,house,100000,140000,2025S2,zone_median,1
ROMANENGO,CR,villa,100000,140000,2025S2,zone_median,1
ROMANENGO,CR,commercial,50000,70000,2025S2,zone_median,1
SALVIROLA,CR,apartment,52500,80000,2025S2,zone_median,2
SALVIROLA,CR,house,70000,105000,2025S2,zone_median,1
SALVIROLA,CR,villa,70000,105000,2025S2,zone_median,1
SALVIROLA,CR,commercial,50000,70000,2025S2,zone_median,1
SAN BASSANO,CR,apartment,47500,67500,2025S2,zone_median,2
SAN BASSANO,CR,house,65000,95000,2025S2,zone_median,1
SAN BASSANO,CR,villa,65000,95000,2025S2,zone_median,1
SAN BASSANO,CR,commercial,50000,75000,2025S2,zone_median,1
SAN DANIELE PO,CR,apartment,47500,65000,2025S2,zone_median,2
SAN DANIELE PO,CR,house,65000,90000,2025S2,zone_median,1
SAN DANIELE PO,CR,villa,65000,90000,2025S2,zone_median,1
SAN DANIELE PO,CR,commercial,50000,75000,2025S2,zone_median,1
SAN GIOVANNI IN CROCE,CR,apartment,50000,72500,2025S2,zone_median,2
SAN GIOVANNI IN CROCE,CR,house,60000,90000,2025S2,zone_median,1
SAN GIOVANNI IN CROCE,CR,villa,60000,90000,2025S2,zone_median,1
SAN GIOVANNI IN CROCE,CR,commercial,55000,80000,2025S2,zone_median,1
SAN MARTINO DEL LAGO,CR,apartment,37500,55000,2025S2,zone_median,2
SAN MARTINO DEL LAGO,CR,house,55000,80000,2025S2,zone_median,1
SAN MARTINO DEL LAGO,CR,villa,55000,80000,2025S2,zone_median,1
SAN MARTINO DEL LAGO,CR,commercial,45000,70000,2025S2,zone_median,1
SCANDOLARA RAVARA,CR,apartment,42500,62500,2025S2,zone_median,2
SCANDOLARA RAVARA,CR,house,60000,90000,2025S2,zone_median,1
SCANDOLARA RAVARA,CR,villa,60000,90000,2025S2,zone_median,1
SCANDOLARA RAVARA,CR,commercial,50000,70000,2025S2,zone_median,1
SCANDOLARA RIPA D`OGLIO,CR,apartment,47500,65000,2025S2,zone_median,2
SCANDOLARA RIPA D`OGLIO,CR,house,65000,90000,2025S2,zone_median,1
SCANDOLARA RIPA D`OGLIO,CR,villa,65000,90000,2025S2,zone_median,1
SCANDOLARA RIPA D`OGLIO,CR,commercial,50000,75000,2025S2,zone_median,1
SERGNANO,CR,apartment,72500,97500,2025S2,zone_median,2
SERGNANO,CR,house,80000,125000,2025S2,zone_median,1
SERGNANO,CR,villa,80000,125000,2025S2,zone_median,1
SERGNANO,CR,commercial,65000,90000,2025S2,zone_median,1
SESTO ED UNITI,CR,apartment,60000,85000,2025S2,zone_median,3
SESTO ED UNITI,CR,house,80000,110000,2025S2,zone_median,1
SESTO ED UNITI,CR,villa,80000,110000,2025S2,zone_median,1
SESTO ED UNITI,CR,commercial,60000,105000,2025S2,zone_median,1
SOLAROLO RAINERIO,CR,apartment,50000,72500,2025S2,zone_median,2
SOLAROLO RAINERIO,CR,house,60000,90000,2025S2,zone_median,1
SOLAROLO RAINERIO,CR,villa,60000,90000,2025S2,zone_median,1
SOLAROLO RAINERIO,CR,commercial,50000,70000,2025S2,zone_median,1
SONCINO,CR,apartment,65000,95000,2025S2,zone_median,3
SONCINO,CR,house,80000,120000,2025S2,zone_median,1
SONCINO,CR,villa,80000,120000,2025S2,zone_median,1
SONCINO,CR,commercial,70000,110000,2025S2,zone_median,1
SORESINA,CR,apartment,55000,75000,2025S2,zone_median,2
SORESINA,CR,house,70000,105000,2025S2,zone_median,1
SORESINA,CR,villa,70000,105000,2025S2,zone_median,1
SORESINA,CR,commercial,65000,110000,2025S2,zone_median,1
SOSPIRO,CR,apartment,60000,85000,2025S2,zone_median,2
SOSPIRO,CR,house,75000,115000,2025S2,zone_median,1
SOSPIRO,CR,villa,75000,115000,2025S2,zone_median,1
SOSPIRO,CR,commercial,60000,105000,2025S2,zone_median,1
SPINADESCO,CR,apartment,52500,72500,2025S2,zone_median,2
SPINADESCO,CR,house,75000,100000,2025S2,zone_median,1
SPINADESCO,CR,villa,75000,100000,2025S2,zone_median,1
SPINADESCO,CR,commercial,60000,105000,2025S2,zone_median,1
SPINEDA,CR,apartment,42500,57500,2025S2,zone_median,2
SPINEDA,CR,house,55000,80000,2025S2,zone_median,1
SPINEDA,CR,villa,55000,80000,2025S2,zone_median,1
SPINEDA,CR,commercial,45000,70000,2025S2,zone_median,1
SPINO D`ADDA,CR,apartment,87500,127500,2025S2,zone_median,2
SPINO D`ADDA,CR,house,125000,165000,2025S2,zone_median,1
SPINO D`ADDA,CR,villa,125000,165000,2025S2,zone_median,1
SPINO D`ADDA,CR,commercial,80000,125000,2025S2,zone_median,1
STAGNO LOMBARDO,CR,apartment,50000,70000,2025S2,zone_median,2
STAGNO LOMBARDO,CR,house,70000,95000,2025S2,zone_median,1
STAGNO LOMBARDO,CR,villa,70000,95000,2025S2,zone_median,1
STAGNO LOMBARDO,CR,commercial,60000,105000,2025S2,zone_median,1
TICENGO,CR,apartment,47500,67500,2025S2,zone_median,2
TICENGO,CR,house,65000,95000,2025S2,zone_median,1
TICENGO,CR,villa,65000,95000,2025S2,zone_median,1
TICENGO,CR,commercial,50000,75000,2025S2,zone_median,1
TORLINO VIMERCATI,CR,apartment,57500,85000,2025S2,zone_median,2
TORLINO VIMERCATI,CR,house,80000,120000,2025S2,zone_median,1
TORLINO VIMERCATI,CR,villa,80000,120000,2025S2,zone_median,1
TORLINO VIMERCATI,CR,commercial,50000,70000,2025S2,zone_median,1
TORNATA,CR,apartment,42500,62500,2025S2,zone_median,2
TORNATA,CR,house,60000,90000,2025S2,zone_median,1
TORNATA,CR,villa,60000,90000,2025S2,zone_median,1
TORNATA,CR,commercial,50000,70000,2025S2,zone_median,1
TORRE DE PICENARDI,CR,apartment,55000,70000,2025S2,zone_median,3
TORRE DE PICENARDI,CR,house,65000,90000,2025S2,zone_median,1
TORRE DE PICENARDI,CR,villa,65000,90000,2025S2,zone_median,1
TORRE DE PICENARDI,CR,commercial,50000,75000,2025S2,zone_median,1
TORRICELLA DEL PIZZO,CR,apartment,42500,57500,2025S2,zone_median,2
TORRICELLA DEL PIZZO,CR,house,55000,80000,2025S2,zone_median,1
TORRICELLA DEL PIZZO,CR,villa,55000,80000,2025S2,zone_median,1
TORRICELLA DEL PIZZO,CR,commercial,45000,70000,2025S2,zone_median,1
TRESCORE CREMASCO,CR,apartment,77500,100000,2025S2,zone_median,2
TRESCORE CREMASCO,CR,house,100000,140000,2025S2,zone_median,1
TRESCORE CREMASCO,CR,villa,100000,140000,2025S2,zone_median,1
TRESCORE CREMASCO,CR,commercial,65000,90000,2025S2,zone_median,1
TRIGOLO,CR,apartment,47500,67500,2025S2,zone_median,2
TRIGOLO,CR,house,65000,95000,2025S2,zone_median,1
TRIGOLO,CR,villa,65000,95000,2025S2,zone_median,1
TRIGOLO,CR,commercial,50000,75000,2025S2,zone_median,1
VAIANO CREMASCO,CR,apartment,65000,85000,2025S2,zone_median,3
VAIANO CREMASCO,CR,house,95000,130000,2025S2,zone_median,1
VAIANO CREMASCO,CR,villa,95000,130000,2025S2,zone_median,1
VAIANO CREMASCO,CR,commercial,70000,90000,2025S2,zone_median,1
VAILATE,CR,apartment,77500,105000,2025S2,zone_median,2
VAILATE,CR,house,100000,140000,2025S2,zone_median,1
VAILATE,CR,villa,100000,140000,2025S2,zone_median,1
VAILATE,CR,commercial,80000,120000,2025S2,zone_median,1
VESCOVATO,CR,apartment,52500,70000,2025S2,zone_median,2
VESCOVATO,CR,house,70000,100000,2025S2,zone_median,1
VESCOVATO,CR,villa,70000,100000,2025S2,zone_median,1
VESCOVATO,CR,commercial,60000,105000,2025S2,zone_median,1
VOLONGO,CR,apartment,47500,62500,2025S2,zone_median,2
VOLONGO,CR,house,65000,90000,2025S2,zone_median,1
VOLONGO,CR,villa,65000,90000,2025S2,zone_median,1
VOLONGO,CR,commercial,50000,75000,2025S2,zone_median,1
VOLTIDO,CR,apartment,42500,57500,2025S2,zone_median,2
VOLTIDO,CR,house,55000,80000,2025S2,zone_median,1
VOLTIDO,CR,villa,55000,80000,2025S2,zone_median,1
VOLTIDO,CR,commercial,45000,70000,2025S2,zone_median,1
CALOLZIOCORTE,LC,apartment,105000,140000,2025S2,zone_median,5
CALOLZIOCORTE,LC,house,110000,155000,2025S2,zone_median,5
CALOLZIOCORTE,LC,villa,110000,155000,2025S2,zone_median,5
CALOLZIOCORTE,LC,commercial,110000,145000,2025S2,zone_median,3
CARENNO,LC,apartment,100000,125000,2025S2,zone_median,2
CARENNO,LC,house,110000,130000,2025S2,zone_median,2
CARENNO,LC,villa,110000,130000,2025S2,zone_median,2
CARENNO,LC,commercial,100000,130000,2025S2,zone_median,1
ERVE,LC,apartment,98000,125000,2025S2,zone_median,1
ERVE,LC,house,105000,130000,2025S2,zone_median,1
ERVE,LC,villa,105000,130000,2025S2,zone_median,1
ERVE,LC,commercial,90000,120000,2025S2,zone_median,1
MONTE MARENZO,LC,apartment,100000,130000,2025S2,zone_median,3
MONTE MARENZO,LC,house,107500,130000,2025S2,zone_median,2
MONTE MARENZO,LC,villa,107500,130000,2025S2,zone_median,2
MONTE MARENZO,LC,commercial,110000,140000,2025S2,zone_median,1
VERCURAGO,LC,apartment,105000,135000,2025S2,zone_median,2
VERCURAGO,LC,house,115000,145000,2025S2,zone_median,2
VERCURAGO,LC,villa,115000,145000,2025S2,zone_median,2
VERCURAGO,LC,commercial,115000,150000,2025S2,zone_median,1
ABBADIA LARIANA,LC,apartment,120000,167500,2025S2,zone_median,2
ABBADIA LARIANA,LC,house,127500,180000,2025S2,zone_median,2
ABBADIA LARIANA,LC,villa,127500,180000,2025S2,zone_median,2
ABBADIA LARIANA,LC,commercial,120000,140000,2025S2,zone_median,1
AIRUNO,LC,apartment,100000,135000,2025S2,zone_median,1
AIRUNO,LC,house,110000,155000,2025S2,zone_median,1
AIRUNO,LC,villa,110000,155000,2025S2,zone_median,1
AIRUNO,LC,commercial,115000,135000,2025S2,zone_median,1
ANNONE DI BRIANZA,LC,apartment,100000,130000,2025S2,zone_median,1
ANNONE DI BRIANZA,LC,house,100000,140000,2025S2,zone_median,1
ANNONE DI BRIANZA,LC,villa,100000,140000,2025S2,zone_median,1
ANNONE DI BRIANZA,LC,commercial,100000,140000,2025S2,zone_median,1
BALLABIO,LC,apartment,112500,157500,2025S2,zone_median,2
BALLABIO,LC,house,125000,185000,2025S2,zone_median,2
BALLABIO,LC,villa,125000,185000,2025S2,zone_median,2
BALLABIO,LC,commercial,115000,160000,2025S2,zone_median,1
BARZAGO,LC,apartment,90000,125000,2025S2,zone_median,1
BARZAGO,LC,house,100000,140000,2025S2,zone_median,1
BARZAGO,LC,villa,100000,140000,2025S2,zone_median,1
BARZAGO,LC,commercial,90000,130000,2025S2,zone_median,1
BARZANO`,LC,apartment,105000,145000,2025S2,zone_median,1
BARZANO`,LC,house,110000,155000,2025S2,zone_median,1
BARZANO`,LC,villa,110000,155000,2025S2,zone_median,1
BARZANO`,LC,commercial,100000,145000,2025S2,zone_median,1
BARZIO,LC,apartment,117500,172500,2025S2,zone_median,2
BARZIO,LC,house,132500,195000,2025S2,zone_median,2
BARZIO,LC,villa,132500,195000,2025S2,zone_median,2
BARZIO,LC,commercial,135000,200000,2025S2,zone_median,1
BELLANO,LC,apartment,95000,140000,2025S2,zone_median,3
BELLANO,LC,house,105000,150000,2025S2,zone_median,3
BELLANO,LC,villa,105000,150000,2025S2,zone_median,3
BELLANO,LC,commercial,90000,125000,2025S2,zone_median,3
BOSISIO PARINI,LC,apartment,110000,145000,2025S2,zone_median,1
BOSISIO PARINI,LC,house,125000,160000,2025S2,zone_median,1
BOSISIO PARINI,LC,villa,125000,160000,2025S2,zone_median,1
BOSISIO PARINI,LC,commercial,110000,145000,2025S2,zone_median,1
BRIVIO,LC,apartment,110000,135000,2025S2,zone_median,1
BRIVIO,LC,house,120000,150000,2025S2,zone_median,1
BRIVIO,LC,villa,120000,150000,2025S2,zone_median,1
BRIVIO,LC,commercial,115000,170000,2025S2,zone_median,1
BULCIAGO,LC,apartment,100000,140000,2025S2,zone_median,1
BULCIAGO,LC,house,110000,150000,2025S2,zone_median,1
BULCIAGO,LC,villa,110000,150000,2025S2,zone_median,1
BULCIAGO,LC,commercial,95000,135000,2025S2,zone_median,1
CALCO,LC,apartment,100000,140000,2025S2,zone_median,2
CALCO,LC,house,110000,150000,2025S2,zone_median,2
CALCO,LC,villa,110000,150000,2025S2,zone_median,2
CALCO,LC,commercial,115000,142500,2025S2,zone_median,2
CASARGO,LC,apartment,95000,132500,2025S2,zone_median,2
CASARGO,LC,house,105000,145000,2025S2,zone_median,2
CASARGO,LC,villa,105000,145000,2025S2,zone_median,2
CASARGO,LC,commercial,115000,145000,2025S2,zone_median,1
CASATENOVO,LC,apartment,100000,140000,2025S2,zone_median,5
CASATENOVO,LC,house,110000,165000,2025S2,zone_median,5
CASATENOVO,LC,villa,110000,165000,2025S2,zone_median,5
CASATENOVO,LC,commercial,100000,140000,2025S2,zone_median,3
CASSAGO BRIANZA,LC,apartment,100000,140000,2025S2,zone_median,1
CASSAGO BRIANZA,LC,house,110000,150000,2025S2,zone_median,1
CASSAGO BRIANZA,LC,villa,110000,150000,2025S2,zone_median,1
CASSAGO BRIANZA,LC,commercial,100000,130000,2025S2,zone_median,1
CASSINA VALSASSINA,LC,apartment,120000,160000,2025S2,zone_median,1
CASSINA VALSASSINA,LC,house,130000,170000,2025S2,zone_median,1
CASSINA VALSASSINA,LC,villa,130000,170000,2025S2,zone_median,1
CASSINA VALSASSINA,LC,commercial,120000,165000,2025S2,zone_median,1
CASTELLO DI BRIANZA,LC,apartment,95000,120000,2025S2,zone_median,1
CASTELLO DI BRIANZA,LC,house,100000,135000,2025S2,zone_median,1
CASTELLO DI BRIANZA,LC,villa,100000,135000,2025S2,zone_median,1
CASTELLO DI BRIANZA,LC,commercial,80000,115000,2025S2,zone_median,1
CERNUSCO LOMBARDONE,LC,apartment,120000,160000,2025S2,zone_median,1
CERNUSCO LOMBARDONE,LC,house,120000,175000,2025S2,zone_median,1
CERNUSCO LOMBARDONE,LC,villa,120000,175000,2025S2,zone_median,1
CERNUSCO LOMBARDONE,LC,commercial,130000,155000,2025S2,zone_median,1
CESANA BRIANZA,LC,apartment,107500,135000,2025S2,zone_median,2
CESANA BRIANZA,LC,house,112500,145000,2025S2,zone_median,2
CESANA BRIANZA,LC,villa,112500,145000,2025S2,zone_median,2
CESANA BRIANZA,LC,commercial,110000,150000,2025S2,zone_median,1
CIVATE,LC,apartment,105000,137500,2025S2,zone_median,2
CIVATE,LC,house,122500,157500,2025S2,zone_median,2
CIVATE,LC,villa,122500,157500,2025S2,zone_median,2
CIVATE,LC,commercial,110000,150000,2025S2,zone_median,1
COLICO,LC,apartment,110000,155000,2025S2,zone_median,7
COLICO,LC,house,125000,185000,2025S2,zone_median,7
COLICO,LC,villa,125000,185000,2025S2,zone_median,7
COLICO,LC,commercial,115000,145000,2025S2,zone_median,5
COLLE BRIANZA,LC,apartment,100000,125000,2025S2,zone_median,1
COLLE BRIANZA,LC,house,115000,140000,2025S2,zone_median,1
COLLE BRIANZA,LC,villa,115000,140000,2025S2,zone_median,1
COLLE BRIANZA,LC,commercial,100000,130000,2025S2,zone_median,1
CORTENOVA,LC,apartment,100000,135000,2025S2,zone_median,1
CORTENOVA,LC,house,110000,150000,2025S2,zone_median,1
CORTENOVA,LC,villa,110000,150000,2025S2,zone_median,1
CORTENOVA,LC,commercial,115000,150000,2025S2,zone_median,1
COSTA MASNAGA,LC,apartment,110000,145000,2025S2,zone_median,1
COSTA MASNAGA,LC,house,120000,160000,2025S2,zone_median,1
COSTA MASNAGA,LC,villa,120000,160000,2025S2,zone_median,1
COSTA MASNAGA,LC,commercial,115000,155000,2025S2,zone_median,1
CRANDOLA VALSASSINA,LC,apartment,105000,135000,2025S2,zone_median,1
CRANDOLA VALSASSINA,LC,house,115000,145000,2025S2,zone_median,1
CRANDOLA VALSASSINA,LC,villa,115000,145000,2025S2,zone_median,1
CRANDOLA VALSASSINA,LC,commercial,105000,135000,2025S2,zone_median,1
CREMELLA,LC,apartment,100000,130000,2025S2,zone_median,1
CREMELLA,LC,house,110000,145000,2025S2,zone_median,1
CREMELLA,LC,villa,110000,145000,2025S2,zone_median,1
CREMELLA,LC,commercial,100000,145000,2025S2,zone_median,1
CREMENO,LC,apartment,120000,180000,2025S2,zone_median,1
CREMENO,LC,house,135000,195000,2025S2,zone_median,1
CREMENO,LC,villa,135000,195000,2025S2,zone_median,1
CREMENO,LC,commercial,120000,165000,2025S2,zone_median,1
DERVIO,LC,apartment,112500,160000,2025S2,zone_median,2
DERVIO,LC,house,122500,177500,2025S2,zone_median,2
DERVIO,LC,villa,122500,177500,2025S2,zone_median,2
DERVIO,LC,commercial,120000,175000,2025S2,zone_median,1
DOLZAGO,LC,apartment,100000,125000,2025S2,zone_median,1
DOLZAGO,LC,house,105000,140000,2025S2,zone_median,1
DOLZAGO,LC,villa,105000,140000,2025S2,zone_median,1
DOLZAGO,LC,commercial,100000,145000,2025S2,zone_median,1
DORIO,LC,apartment,100000,130000,2025S2,zone_median,2
DORIO,LC,house,105000,140000,2025S2,zone_median,2
DORIO,LC,villa,105000,140000,2025S2,zone_median,2
DORIO,LC,commercial,100000,125000,2025S2,zone_median,1
ELLO,LC,apartment,100000,120000,2025S2,zone_median,1
ELLO,LC,house,110000,135000,2025S2,zone_median,1
ELLO,LC,villa,110000,135000,2025S2,zone_median,1
ELLO,LC,commercial,100000,135000,2025S2,zone_median,1
ESINO LARIO,LC,apartment,97500,137500,2025S2,zone_median,2
ESINO LARIO,LC,house,110000,145000,2025S2,zone_median,2
ESINO LARIO,LC,villa,110000,145000,2025S2,zone_median,2
ESINO LARIO,LC,commercial,117500,145000,2025S2,zone_median,2
GALBIATE,LC,apartment,115000,147500,2025S2,zone_median,4
GALBIATE,LC,house,122500,175000,2025S2,zone_median,4
GALBIATE,LC,villa,122500,175000,2025S2,zone_median,4
GALBIATE,LC,commercial,100000,145000,2025S2,zone_median,3
GARBAGNATE MONASTERO,LC,apartment,105000,135000,2025S2,zone_median,2
GARBAGNATE MONASTERO,LC,house,110000,165000,2025S2,zone_median,2
GARBAGNATE MONASTERO,LC,villa,110000,165000,2025S2,zone_median,2
GARBAGNATE MONASTERO,LC,commercial,100000,130000,2025S2,zone_median,1
GARLATE,LC,apartment,101500,140000,2025S2,zone_median,2
GARLATE,LC,house,110000,152500,2025S2,zone_median,2
GARLATE,LC,villa,110000,152500,2025S2,zone_median,2
GARLATE,LC,commercial,115000,160000,2025S2,zone_median,1
IMBERSAGO,LC,apartment,110000,155000,2025S2,zone_median,1
IMBERSAGO,LC,house,115000,160000,2025S2,zone_median,1
IMBERSAGO,LC,villa,115000,160000,2025S2,zone_median,1
IMBERSAGO,LC,commercial,115000,160000,2025S2,zone_median,1
INTROBIO,LC,apartment,115000,145000,2025S2,zone_median,1
INTROBIO,LC,house,120000,160000,2025S2,zone_median,1
INTROBIO,LC,villa,120000,160000,2025S2,zone_median,1
INTROBIO,LC,commercial,105000,155000,2025S2,zone_median,1
LECCO,LC,apartment,125000,172500,2025S2,zone_median,12
LECCO,LC,house,140000,187500,2025S2,zone_median,12
LECCO,LC,villa,140000,187500,2025S2,zone_median,12
LECCO,LC,commercial,130000,170000,2025S2,zone_median,11
LIERNA,LC,apartment,130000,190000,2025S2,zone_median,2
LIERNA,LC,house,145000,202500,2025S2,zone_median,2
LIERNA,LC,villa,145000,202500,2025S2,zone_median,2
LIERNA,LC,commercial,115000,150000,2025S2,zone_median,1
LOMAGNA,LC,apartment,100000,140000,2025S2,zone_median,2
LOMAGNA,LC,house,110000,157500,2025S2,zone_median,2
LOMAGNA,LC,villa,110000,157500,2025S2,zone_median,2
LOMAGNA,LC,commercial,110000,145000,2025S2,zone_median,1
MALGRATE,LC,apartment,112500,160000,2025S2,zone_median,2
MALGRATE,LC,house,120000,177500,2025S2,zone_median,2
MALGRATE,LC,villa,120000,177500,2025S2,zone_median,2
MALGRATE,LC,commercial,130000,190000,2025S2,zone_median,1
MANDELLO DEL LARIO,LC,apartment,122500,165000,2025S2,zone_median,4
MANDELLO DEL LARIO,LC,house,135000,185000,2025S2,zone_median,4
MANDELLO DEL LARIO,LC,villa,135000,185000,2025S2,zone_median,4
MANDELLO DEL LARIO,LC,commercial,120000,160000,2025S2,zone_median,3
MARGNO,LC,apartment,97500,137500,2025S2,zone_median,2
MARGNO,LC,house,110000,152500,2025S2,zone_median,2
MARGNO,LC,villa,110000,152500,2025S2,zone_median,2
MARGNO,LC,commercial,95000,125000,2025S2,zone_median,2
MERATE,LC,apartment,117500,145000,2025S2,zone_median,4
MERATE,LC,house,132500,170000,2025S2,zone_median,4
MERATE,LC,villa,132500,170000,2025S2,zone_median,4
MERATE,LC,commercial,110000,147500,2025S2,zone_median,4
MISSAGLIA,LC,apartment,120000,165000,2025S2,zone_median,3
MISSAGLIA,LC,house,130000,185000,2025S2,zone_median,3
MISSAGLIA,LC,villa,130000,185000,2025S2,zone_median,3
MISSAGLIA,LC,commercial,115000,170000,2025S2,zone_median,2
MOGGIO,LC,apartment,120000,180000,2025S2,zone_median,1
MOGGIO,LC,house,135000,195000,2025S2,zone_median,1
MOGGIO,LC,villa,135000,195000,2025S2,zone_median,1
MOGGIO,LC,commercial,115000,160000,2025S2,zone_median,1
MOLTENO,LC,apartment,110000,145000,2025S2,zone_median,1
MOLTENO,LC,house,115000,160000,2025S2,zone_median,1
MOLTENO,LC,villa,115000,160000,2025S2,zone_median,1
MOLTENO,LC,commercial,105000,135000,2025S2,zone_median,1
MONTEVECCHIA,LC,apartment,115000,160000,2025S2,zone_median,1
MONTEVECCHIA,LC,house,120000,180000,2025S2,zone_median,1
MONTEVECCHIA,LC,villa,120000,180000,2025S2,zone_median,1
MONTEVECCHIA,LC,commercial,115000,180000,2025S2,zone_median,1
MONTICELLO BRIANZA,LC,apartment,107500,142500,2025S2,zone_median,2
MONTICELLO BRIANZA,LC,house,112500,150000,2025S2,zone_median,2
MONTICELLO BRIANZA,LC,villa,112500,150000,2025S2,zone_median,2
MONTICELLO BRIANZA,LC,commercial,100000,140000,2025S2,zone_median,1
MORTERONE,LC,apartment,75000,107500,2025S2,zone_median,2
MORTERONE,LC,house,75000,107500,2025S2,zone_median,2
MORTERONE,LC,commercial,75000,110000,2025S2,zone_median,1
NIBIONNO,LC,apartment,97500,135000,2025S2,zone_median,2
NIBIONNO,LC,house,105000,145000,2025S2,zone_median,2
NIBIONNO,LC,villa,105000,145000,2025S2,zone_median,2
NIBIONNO,LC,commercial,90000,130000,2025S2,zone_median,1
OGGIONO,LC,apartment,112500,162500,2025S2,zone_median,4
OGGIONO,LC,house,130000,177500,2025S2,zone_median,4
OGGIONO,LC,villa,130000,177500,2025S2,zone_median,4
OGGIONO,LC,commercial,120000,160000,2025S2,zone_median,3
OLGIATE MOLGORA,LC,apartment,100000,135000,2025S2,zone_median,3
OLGIATE MOLGORA,LC,house,105000,145000,2025S2,zone_median,3
OLGIATE MOLGORA,LC,villa,105000,145000,2025S2,zone_median,3
OLGIATE MOLGORA,LC,commercial,120000,180000,2025S2,zone_median,1
OLGINATE,LC,apartment,100000,130000,2025S2,zone_median,4
OLGINATE,LC,house,110000,140000,2025S2,zone_median,4
OLGINATE,LC,villa,110000,140000,2025S2,zone_median,4
OLGINATE,LC,commercial,115000,142500,2025S2,zone_median,2
OLIVETO LARIO,LC,apartment,105000,150000,2025S2,zone_median,3
OLIVETO LARIO,LC,house,110000,150000,2025S2,zone_median,3
OLIVETO LARIO,LC,villa,110000,150000,2025S2,zone_median,3
OLIVETO LARIO,LC,commercial,107500,137500,2025S2,zone_median,2
OSNAGO,LC,apartment,120000,157500,2025S2,zone_median,2
OSNAGO,LC,house,127500,167500,2025S2,zone_median,2
OSNAGO,LC,villa,127500,167500,2025S2,zone_median,2
OSNAGO,LC,commercial,115000,160000,2025S2,zone_median,1
PADERNO D`ADDA,LC,apartment,107500,150000,2025S2,zone_median,2
PADERNO D`ADDA,LC,house,117500,165000,2025S2,zone_median,2
PADERNO D`ADDA,LC,villa,117500,165000,2025S2,zone_median,2
PADERNO D`ADDA,LC,commercial,115000,160000,2025S2,zone_median,1
ROBBIATE,LC,apartment,102500,137500,2025S2,zone_median,4
ROBBIATE,LC,house,110000,152500,2025S2,zone_median,4
ROBBIATE,LC,villa,110000,152500,2025S2,zone_median,4
ROBBIATE,LC,commercial,115000,160000,2025S2,zone_median,1
PAGNONA,LC,apartment,80000,120000,2025S2,zone_median,1
PAGNONA,LC,house,85000,125000,2025S2,zone_median,1
PAGNONA,LC,villa,85000,125000,2025S2,zone_median,1
PAGNONA,LC,commercial,80000,120000,2025S2,zone_median,1
PARLASCO,LC,apartment,82500,117500,2025S2,zone_median,2
PARLASCO,LC,house,90000,125000,2025S2,zone_median,2
PARLASCO,LC,villa,90000,125000,2025S2,zone_median,2
PARLASCO,LC,commercial,80000,110000,2025S2,zone_median,1
PASTURO,LC,apartment,100000,135000,2025S2,zone_median,2
PASTURO,LC,house,107500,145000,2025S2,zone_median,2
PASTURO,LC,villa,107500,145000,2025S2,zone_median,2
PASTURO,LC,commercial,95000,135000,2025S2,zone_median,1
PERLEDO,LC,apartment,115000,155000,2025S2,zone_median,2
PERLEDO,LC,house,120000,170000,2025S2,zone_median,2
PERLEDO,LC,villa,120000,170000,2025S2,zone_median,2
PERLEDO,LC,commercial,100000,150000,2025S2,zone_median,1
PESCATE,LC,apartment,105000,140000,2025S2,zone_median,2
PESCATE,LC,house,110000,150000,2025S2,zone_median,2
PESCATE,LC,villa,110000,150000,2025S2,zone_median,2
PESCATE,LC,commercial,115000,160000,2025S2,zone_median,1
PREMANA,LC,apartment,97500,130000,2025S2,zone_median,2
PREMANA,LC,house,105000,140000,2025S2,zone_median,2
PREMANA,LC,villa,105000,140000,2025S2,zone_median,2
PREMANA,LC,commercial,100000,140000,2025S2,zone_median,1
PRIMALUNA,LC,apartment,95000,125000,2025S2,zone_median,3
PRIMALUNA,LC,house,100000,140000,2025S2,zone_median,3
PRIMALUNA,LC,villa,100000,140000,2025S2,zone_median,3
PRIMALUNA,LC,commercial,110000,145000,2025S2,zone_median,1
ROGENO,LC,apartment,100000,130000,2025S2,zone_median,3
ROGENO,LC,house,115000,140000,2025S2,zone_median,3
ROGENO,LC,villa,115000,140000,2025S2,zone_median,3
ROGENO,LC,commercial,100000,135000,2025S2,zone_median,1
SANTA MARIA HOE`,LC,apartment,100000,130000,2025S2,zone_median,2
SANTA MARIA HOE`,LC,house,117500,140000,2025S2,zone_median,2
SANTA MARIA HOE`,LC,villa,117500,140000,2025S2,zone_median,2
SANTA MARIA HOE`,LC,commercial,110000,150000,2025S2,zone_median,1
SIRONE,LC,apartment,110000,135000,2025S2,zone_median,1
SIRONE,LC,house,110000,165000,2025S2,zone_median,1
SIRONE,LC,villa,110000,165000,2025S2,zone_median,1
SIRONE,LC,commercial,105000,145000,2025S2,zone_median,1
SIRTORI,LC,apartment,97500,127500,2025S2,zone_median,2
SIRTORI,LC,house,100000,137500,2025S2,zone_median,2
SIRTORI,LC,villa,100000,137500,2025S2,zone_median,2
SIRTORI,LC,commercial,90000,125000,2025S2,zone_median,1
SUEGLIO,LC,apartment,85000,115000,2025S2,zone_median,2
SUEGLIO,LC,house,95000,132500,2025S2,zone_median,2
SUEGLIO,LC,villa,95000,132500,2025S2,zone_median,2
SUEGLIO,LC,commercial,100000,140000,2025S2,zone_median,1
SUELLO,LC,apartment,110000,140000,2025S2,zone_median,1
SUELLO,LC,house,115000,150000,2025S2,zone_median,1
SUELLO,LC,villa,115000,150000,2025S2,zone_median,1
SUELLO,LC,commercial,110000,130000,2025S2,zone_median,1
TACENO,LC,apartment,100000,130000,2025S2,zone_median,1
TACENO,LC,house,110000,140000,2025S2,zone_median,1
TACENO,LC,villa,110000,140000,2025S2,zone_median,1
TACENO,LC,commercial,90000,120000,2025S2,zone_median,1
VALGREGHENTINO,LC,apartment,98000,125000,2025S2,zone_median,1
VALGREGHENTINO,LC,house,110000,135000,2025S2,zone_median,1
VALGREGHENTINO,LC,villa,110000,135000,2025S2,zone_median,1
VALGREGHENTINO,LC,commercial,100000,125000,2025S2,zone_median,1
VALMADRERA,LC,apartment,110000,150000,2025S2,zone_median,4
VALMADRERA,LC,house,122500,165000,2025S2,zone_median,4
VALMADRERA,LC,villa,122500,165000,2025S2,zone_median,4
VALMADRERA,LC,commercial,125000,170000,2025S2,zone_median,2
VARENNA,LC,apartment,155000,215000,2025S2,zone_median,2
VARENNA,LC,house,185000,250000,2025S2,zone_median,2
VARENNA,LC,villa,185000,250000,2025S2,zone_median,2
VARENNA,LC,commercial,150000,220000,2025S2,zone_median,1
VIGANO`,LC,apartment,90000,125000,2025S2,zone_median,1
VIGANO`,LC,house,105000,135000,2025S2,zone_median,1
VIGANO`,LC,villa,105000,135000,2025S2,zone_median,1
VIGANO`,LC,commercial,85000,110000,2025S2,zone_median,1
LA VALLETTA BRIANZA,LC,apartment,107500,150000,2025S2,zone_median,2
LA VALLETTA BRIANZA,LC,house,117500,155000,2025S2,zone_median,2
LA VALLETTA BRIANZA,LC,villa,117500,155000,2025S2,zone_median,2
LA VALLETTA BRIANZA,LC,commercial,110000,160000,2025S2,zone_median,1
VALVARRONE,LC,apartment,90000,130000,2025S2,zone_median,4
VALVARRONE,LC,house,100000,142500,2025S2,zone_median,4
VALVARRONE,LC,villa,100000,142500,2025S2,zone_median,4
VALVARRONE,LC,commercial,95000,130000,2025S2,zone_median,3
VERDERIO,LC,apartment,102500,137500,2025S2,zone_median,2
VERDERIO,LC,house,110000,142500,2025S2,zone_median,2
VERDERIO,LC,villa,110000,142500,2025S2,zone_median,2
VERDERIO,LC,commercial,105000,140000,2025S2,zone_median,1
ABBADIA CERRETO,LO,apartment,88000,120000,2025S2,zone_median,2
ABBADIA CERRETO,LO,house,95000,135000,2025S2,zone_median,2
ABBADIA CERRETO,LO,villa,95000,135000,2025S2,zone_median,2
ABBADIA CERRETO,LO,commercial,59000,87000,2025S2,zone_median,2
BERTONICO,LO,apartment,84000,105000,2025S2,zone_median,2
BERTONICO,LO,house,80000,100000,2025S2,zone_median,2
BERTONICO,LO,villa,80000,100000,2025S2,zone_median,2
BERTONICO,LO,commercial,52000,70000,2025S2,zone_median,1
BOFFALORA D`ADDA,LO,apartment,100000,140000,2025S2,zone_median,2
BOFFALORA D`ADDA,LO,house,95000,135000,2025S2,zone_median,2
BOFFALORA D`ADDA,LO,villa,95000,135000,2025S2,zone_median,2
BOFFALORA D`ADDA,LO,commercial,61000,87000,2025S2,zone_median,1
BORGHETTO LODIGIANO,LO,apartment,96000,127500,2025S2,zone_median,2
BORGHETTO LODIGIANO,LO,house,95000,135000,2025S2,zone_median,2
BORGHETTO LODIGIANO,LO,villa,95000,135000,2025S2,zone_median,2
BORGHETTO LODIGIANO,LO,commercial,59000,87000,2025S2,zone_median,1
BORGO SAN GIOVANNI,LO,apartment,100000,130000,2025S2,zone_median,2
BORGO SAN GIOVANNI,LO,house,99000,135000,2025S2,zone_median,2
BORGO SAN GIOVANNI,LO,villa,99000,135000,2025S2,zone_median,2
BORGO SAN GIOVANNI,LO,commercial,61000,87000,2025S2,zone_median,1
BREMBIO,LO,apartment,84000,105000,2025S2,zone_median,2
BREMBIO,LO,house,90000,125000,2025S2,zone_median,2
BREMBIO,LO,villa,90000,125000,2025S2,zone_median,2
BREMBIO,LO,commercial,61000,87000,2025S2,zone_median,1
CASALETTO LODIGIANO,LO,apartment,100000,140000,2025S2,zone_median,3
CASALETTO LODIGIANO,LO,house,100000,135000,2025S2,zone_median,3
CASALETTO LODIGIANO,LO,villa,100000,135000,2025S2,zone_median,3
CASALETTO LODIGIANO,LO,commercial,59000,87000,2025S2,zone_median,3
CASALMAIOCCO,LO,apartment,105000,145000,2025S2,zone_median,2
CASALMAIOCCO,LO,house,100000,145000,2025S2,zone_median,1
CASALMAIOCCO,LO,villa,100000,145000,2025S2,zone_median,1
CASALMAIOCCO,LO,commercial,65000,100000,2025S2,zone_median,3
CASALPUSTERLENGO,LO,apartment,100000,125000,2025S2,zone_median,4
CASALPUSTERLENGO,LO,house,115000,160000,2025S2,zone_median,3
CASALPUSTERLENGO,LO,commercial,67000,87000,2025S2,zone_median,4
CASALPUSTERLENGO,LO,villa,115000,160000,2025S2,zone_median,3
CASELLE LURANI,LO,apartment,96000,130000,2025S2,zone_median,2
CASELLE LURANI,LO,house,99000,135000,2025S2,zone_median,2
CASELLE LURANI,LO,villa,99000,135000,2025S2,zone_median,2
CASELLE LURANI,LO,commercial,59000,87000,2025S2,zone_median,1
CASELLE LANDI,LO,apartment,72000,99000,2025S2,zone_median,2
CASELLE LANDI,LO,house,84000,100000,2025S2,zone_median,2
CASELLE LANDI,LO,villa,84000,100000,2025S2,zone_median,2
CASELLE LANDI,LO,commercial,49500,68000,2025S2,zone_median,2
CASTELNUOVO BOCCA ADDA,LO,apartment,69000,99000,2025S2,zone_median,2
CASTELNUOVO BOCCA ADDA,LO,house,84000,100000,2025S2,zone_median,2
CASTELNUOVO BOCCA ADDA,LO,villa,84000,100000,2025S2,zone_median,2
CASTELNUOVO BOCCA ADDA,LO,commercial,49500,68000,2025S2,zone_median,1
CASTIGLIONE D`ADDA,LO,apartment,79000,100000,2025S2,zone_median,2
CASTIGLIONE D`ADDA,LO,house,83000,115000,2025S2,zone_median,2
CASTIGLIONE D`ADDA,LO,villa,83000,115000,2025S2,zone_median,2
CASTIGLIONE D`ADDA,LO,commercial,53000,71000,2025S2,zone_median,1
CASTIRAGA VIDARDO,LO,apartment,89000,120000,2025S2,zone_median,2
CASTIRAGA VIDARDO,LO,house,92000,125000,2025S2,zone_median,2
CASTIRAGA VIDARDO,LO,villa,92000,125000,2025S2,zone_median,2
CASTIRAGA VIDARDO,LO,commercial,59000,87000,2025S2,zone_median,1
CAVENAGO D`ADDA,LO,apartment,89000,130000,2025S2,zone_median,2
CAVENAGO D`ADDA,LO,house,92000,125000,2025S2,zone_median,2
CAVENAGO D`ADDA,LO,villa,92000,125000,2025S2,zone_median,2
CAVENAGO D`ADDA,LO,commercial,59000,72000,2025S2,zone_median,1
CERVIGNANO D`ADDA,LO,apartment,92000,130000,2025S2,zone_median,2
CERVIGNANO D`ADDA,LO,house,87000,125000,2025S2,zone_median,2
CERVIGNANO D`ADDA,LO,villa,87000,125000,2025S2,zone_median,2
CERVIGNANO D`ADDA,LO,commercial,59000,87000,2025S2,zone_median,1
CODOGNO,LO,apartment,107500,150000,2025S2,zone_median,4
CODOGNO,LO,house,130000,172500,2025S2,zone_median,4
CODOGNO,LO,villa,130000,172500,2025S2,zone_median,4
CODOGNO,LO,commercial,79500,101000,2025S2,zone_median,4
COMAZZO,LO,apartment,125000,150000,2025S2,zone_median,3
COMAZZO,LO,house,145000,170000,2025S2,zone_median,3
COMAZZO,LO,villa,145000,170000,2025S2,zone_median,3
COMAZZO,LO,commercial,59000,87000,2025S2,zone_median,3
CORNEGLIANO LAUDENSE,LO,apartment,98000,130000,2025S2,zone_median,2
CORNEGLIANO LAUDENSE,LO,house,92000,135000,2025S2,zone_median,2
CORNEGLIANO LAUDENSE,LO,villa,92000,135000,2025S2,zone_median,2
CORNEGLIANO LAUDENSE,LO,commercial,68000,92000,2025S2,zone_median,2
CORNO GIOVINE,LO,apartment,65000,95000,2025S2,zone_median,2
CORNO GIOVINE,LO,house,80000,93000,2025S2,zone_median,2
CORNO GIOVINE,LO,villa,80000,93000,2025S2,zone_median,2
CORNO GIOVINE,LO,commercial,49500,68000,2025S2,zone_median,1
CORNOVECCHIO,LO,apartment,65000,95000,2025S2,zone_median,2
CORNOVECCHIO,LO,house,80000,93000,2025S2,zone_median,2
CORNOVECCHIO,LO,villa,80000,93000,2025S2,zone_median,2
CORNOVECCHIO,LO,commercial,52000,68000,2025S2,zone_median,1
CORTE PALASIO,LO,apartment,84000,110000,2025S2,zone_median,3
CORTE PALASIO,LO,house,85000,115000,2025S2,zone_median,3
CORTE PALASIO,LO,villa,85000,115000,2025S2,zone_median,3
CORTE PALASIO,LO,commercial,59000,87000,2025S2,zone_median,3
CRESPIATICA,LO,apartment,84000,110000,2025S2,zone_median,2
CRESPIATICA,LO,house,85000,100000,2025S2,zone_median,2
CRESPIATICA,LO,villa,85000,100000,2025S2,zone_median,2
CRESPIATICA,LO,commercial,59000,87000,2025S2,zone_median,1
FOMBIO,LO,apartment,71500,98000,2025S2,zone_median,2
FOMBIO,LO,house,80500,100000,2025S2,zone_median,2
FOMBIO,LO,villa,80500,100000,2025S2,zone_median,2
FOMBIO,LO,commercial,55500,70500,2025S2,zone_median,2
GALGAGNANO,LO,apartment,95000,115000,2025S2,zone_median,2
GALGAGNANO,LO,house,93000,115000,2025S2,zone_median,2
GALGAGNANO,LO,villa,93000,115000,2025S2,zone_median,2
GALGAGNANO,LO,commercial,63000,87000,2025S2,zone_median,1
GRAFFIGNANA,LO,apartment,95000,125000,2025S2,zone_median,2
GRAFFIGNANA,LO,house,98000,125000,2025S2,zone_median,2
GRAFFIGNANA,LO,villa,98000,125000,2025S2,zone_median,2
GRAFFIGNANA,LO,commercial,61000,87000,2025S2,zone_median,1
GUARDAMIGLIO,LO,apartment,76000,100000,2025S2,zone_median,2
GUARDAMIGLIO,LO,house,84000,99000,2025S2,zone_median,2
GUARDAMIGLIO,LO,villa,84000,99000,2025S2,zone_median,2
GUARDAMIGLIO,LO,commercial,56000,71000,2025S2,zone_median,2
LIVRAGA,LO,apartment,84000,100000,2025S2,zone_median,2
LIVRAGA,LO,house,89000,105000,2025S2,zone_median,2
LIVRAGA,LO,villa,89000,105000,2025S2,zone_median,2
LIVRAGA,LO,commercial,61000,87000,2025S2,zone_median,1
LODI,LO,apartment,160000,207500,2025S2,zone_median,6
LODI,LO,house,150000,200000,2025S2,zone_median,5
LODI,LO,commercial,82500,107500,2025S2,zone_median,6
LODI,LO,villa,150000,200000,2025S2,zone_median,5
LODI VECCHIO,LO,apartment,115000,155000,2025S2,zone_median,2
LODI VECCHIO,LO,house,110000,150000,2025S2,zone_median,2
LODI VECCHIO,LO,villa,110000,150000,2025S2,zone_median,2
LODI VECCHIO,LO,commercial,74000,100000,2025S2,zone_median,1
MACCASTORNA,LO,apartment,73000,105000,2025S2,zone_median,2
MACCASTORNA,LO,house,89500,100000,2025S2,zone_median,2
MACCASTORNA,LO,villa,89500,100000,2025S2,zone_median,2
MACCASTORNA,LO,commercial,50500,70500,2025S2,zone_median,2
MAIRAGO,LO,apartment,95000,125000,2025S2,zone_median,3
MAIRAGO,LO,house,89000,125000,2025S2,zone_median,3
MAIRAGO,LO,villa,89000,125000,2025S2,zone_median,3
MAIRAGO,LO,commercial,54000,72000,2025S2,zone_median,3
MALEO,LO,apartment,76000,105000,2025S2,zone_median,2
MALEO,LO,house,84000,100000,2025S2,zone_median,2
MALEO,LO,villa,84000,100000,2025S2,zone_median,2
MALEO,LO,commercial,53000,71000,2025S2,zone_median,1
MARUDO,LO,apartment,100000,130000,2025S2,zone_median,2
MARUDO,LO,house,100000,125000,2025S2,zone_median,2
MARUDO,LO,villa,100000,125000,2025S2,zone_median,2
MARUDO,LO,commercial,61000,87000,2025S2,zone_median,2
MASSALENGO,LO,apartment,100000,145000,2025S2,zone_median,2
MASSALENGO,LO,house,100000,135000,2025S2,zone_median,2
MASSALENGO,LO,villa,100000,135000,2025S2,zone_median,2
MASSALENGO,LO,commercial,56000,71000,2025S2,zone_median,1
MELETI,LO,apartment,76000,105000,2025S2,zone_median,2
MELETI,LO,house,89000,100000,2025S2,zone_median,2
MELETI,LO,villa,89000,100000,2025S2,zone_median,2
MELETI,LO,commercial,53000,70000,2025S2,zone_median,2
MERLINO,LO,apartment,100000,135000,2025S2,zone_median,2
MERLINO,LO,house,96000,135000,2025S2,zone_median,2
MERLINO,LO,villa,96000,135000,2025S2,zone_median,2
MERLINO,LO,commercial,61000,87000,2025S2,zone_median,2
TAVAZZANO VILLAVESCO,LO,apartment,127500,150000,2025S2,zone_median,2
TAVAZZANO VILLAVESCO,LO,house,135000,170000,2025S2,zone_median,2
TAVAZZANO VILLAVESCO,LO,villa,135000,170000,2025S2,zone_median,2
TAVAZZANO VILLAVESCO,LO,commercial,63000,92000,2025S2,zone_median,1
MONTANASO LOMBARDO,LO,apartment,110000,160000,2025S2,zone_median,2
MONTANASO LOMBARDO,LO,house,100000,145000,2025S2,zone_median,2
MONTANASO LOMBARDO,LO,villa,100000,145000,2025S2,zone_median,2
MONTANASO LOMBARDO,LO,commercial,68000,92000,2025S2,zone_median,1
MULAZZANO,LO,apartment,160000,205000,2025S2,zone_median,4
MULAZZANO,LO,house,145000,215000,2025S2,zone_median,4
MULAZZANO,LO,villa,145000,215000,2025S2,zone_median,4
MULAZZANO,LO,commercial,64000,92000,2025S2,zone_median,4
PIEVE FISSIRAGA,LO,apartment,100000,135000,2025S2,zone_median,3
PIEVE FISSIRAGA,LO,house,100000,135000,2025S2,zone_median,3
PIEVE FISSIRAGA,LO,villa,100000,135000,2025S2,zone_median,3
PIEVE FISSIRAGA,LO,commercial,64000,87000,2025S2,zone_median,3
ORIO LITTA,LO,apartment,76000,105000,2025S2,zone_median,2
ORIO LITTA,LO,house,89000,100000,2025S2,zone_median,2
ORIO LITTA,LO,villa,89000,100000,2025S2,zone_median,2
ORIO LITTA,LO,commercial,50000,70000,2025S2,zone_median,1
OSPEDALETTO LODIGIANO,LO,apartment,81000,105000,2025S2,zone_median,2
OSPEDALETTO LODIGIANO,LO,house,89000,115000,2025S2,zone_median,2
OSPEDALETTO LODIGIANO,LO,villa,89000,115000,2025S2,zone_median,2
OSPEDALETTO LODIGIANO,LO,commercial,56000,87000,2025S2,zone_median,2
OSSAGO LODIGIANO,LO,apartment,100000,125000,2025S2,zone_median,2
OSSAGO LODIGIANO,LO,house,100000,125000,2025S2,zone_median,2
OSSAGO LODIGIANO,LO,villa,100000,125000,2025S2,zone_median,2
OSSAGO LODIGIANO,LO,commercial,61000,87000,2025S2,zone_median,1
SALERANO SUL LAMBRO,LO,apartment,105000,145000,2025S2,zone_median,2
SALERANO SUL LAMBRO,LO,house,115000,135000,2025S2,zone_median,2
SALERANO SUL LAMBRO,LO,villa,115000,135000,2025S2,zone_median,2
SALERANO SUL LAMBRO,LO,commercial,61000,87000,2025S2,zone_median,1
SAN FIORANO,LO,apartment,81000,105000,2025S2,zone_median,2
SAN FIORANO,LO,house,89000,100000,2025S2,zone_median,2
SAN FIORANO,LO,villa,89000,100000,2025S2,zone_median,2
SAN FIORANO,LO,commercial,50000,70000,2025S2,zone_median,1
SAN MARTINO IN STRADA,LO,apartment,125000,175000,2025S2,zone_median,3
SAN MARTINO IN STRADA,LO,house,125000,180000,2025S2,zone_median,3
SAN MARTINO IN STRADA,LO,villa,125000,180000,2025S2,zone_median,3
SAN MARTINO IN STRADA,LO,commercial,68000,92000,2025S2,zone_median,2
SAN ROCCO AL PORTO,LO,apartment,102500,115000,2025S2,zone_median,2
SAN ROCCO AL PORTO,LO,house,100000,145000,2025S2,zone_median,2
SAN ROCCO AL PORTO,LO,villa,100000,145000,2025S2,zone_median,2
SAN ROCCO AL PORTO,LO,commercial,56000,71000,2025S2,zone_median,2
SANT`ANGELO LODIGIANO,LO,apartment,99000,135000,2025S2,zone_median,3
SANT`ANGELO LODIGIANO,LO,house,120000,160000,2025S2,zone_median,3
SANT`ANGELO LODIGIANO,LO,villa,120000,160000,2025S2,zone_median,3
SANT`ANGELO LODIGIANO,LO,commercial,92000,110000,2025S2,zone_median,3
SANTO STEFANO LODIGIANO,LO,apartment,72000,105000,2025S2,zone_median,2
SANTO STEFANO LODIGIANO,LO,house,89000,100000,2025S2,zone_median,2
SANTO STEFANO LODIGIANO,LO,villa,89000,100000,2025S2,zone_median,2
SANTO STEFANO LODIGIANO,LO,commercial,50000,70000,2025S2,zone_median,1
SECUGNAGO,LO,apartment,81000,105000,2025S2,zone_median,2
SECUGNAGO,LO,house,84000,100000,2025S2,zone_median,2
SECUGNAGO,LO,villa,84000,100000,2025S2,zone_median,2
SECUGNAGO,LO,commercial,63000,87000,2025S2,zone_median,1
SENNA LODIGIANA,LO,apartment,74000,105000,2025S2,zone_median,3
SENNA LODIGIANA,LO,house,90000,100000,2025S2,zone_median,3
SENNA LODIGIANA,LO,villa,90000,100000,2025S2,zone_median,3
SENNA LODIGIANA,LO,commercial,51000,71000,2025S2,zone_median,3
SOMAGLIA,LO,apartment,70000,94500,2025S2,zone_median,2
SOMAGLIA,LO,house,80000,93000,2025S2,zone_median,2
SOMAGLIA,LO,villa,80000,93000,2025S2,zone_median,2
SOMAGLIA,LO,commercial,50000,70000,2025S2,zone_median,2
SORDIO,LO,apartment,140000,187500,2025S2,zone_median,2
SORDIO,LO,house,145000,215000,2025S2,zone_median,2
SORDIO,LO,villa,145000,215000,2025S2,zone_median,2
SORDIO,LO,commercial,61000,87000,2025S2,zone_median,1
TERRANOVA PASSERINI,LO,apartment,88000,105000,2025S2,zone_median,2
TERRANOVA PASSERINI,LO,house,84000,100000,2025S2,zone_median,2
TERRANOVA PASSERINI,LO,villa,84000,100000,2025S2,zone_median,2
TERRANOVA PASSERINI,LO,commercial,56000,71000,2025S2,zone_median,1
TURANO LODIGIANO,LO,apartment,88000,105000,2025S2,zone_median,2
TURANO LODIGIANO,LO,house,84000,100000,2025S2,zone_median,2
TURANO LODIGIANO,LO,villa,84000,100000,2025S2,zone_median,2
TURANO LODIGIANO,LO,commercial,56000,71000,2025S2,zone_median,2
VALERA FRATTA,LO,apartment,100000,125000,2025S2,zone_median,2
VALERA FRATTA,LO,house,100000,135000,2025S2,zone_median,2
VALERA FRATTA,LO,villa,100000,135000,2025S2,zone_median,2
VALERA FRATTA,LO,commercial,61000,87000,2025S2,zone_median,1
VILLANOVA DEL SILLARO,LO,apartment,100000,135000,2025S2,zone_median,3
VILLANOVA DEL SILLARO,LO,house,100000,125000,2025S2,zone_median,3
VILLANOVA DEL SILLARO,LO,villa,100000,125000,2025S2,zone_median,3
VILLANOVA DEL SILLARO,LO,commercial,64000,87000,2025S2,zone_median,3
ZELO BUON PERSICO,LO,apartment,160000,192500,2025S2,zone_median,2
ZELO BUON PERSICO,LO,house,150000,215000,2025S2,zone_median,2
ZELO BUON PERSICO,LO,villa,150000,215000,2025S2,zone_median,2
ZELO BUON PERSICO,LO,commercial,70000,100000,2025S2,zone_median,2
CASTELGERUNDO,LO,apartment,91000,115000,2025S2,zone_median,3
CASTELGERUNDO,LO,house,89000,115000,2025S2,zone_median,3
CASTELGERUNDO,LO,villa,89000,115000,2025S2,zone_median,3
CASTELGERUNDO,LO,commercial,53000,68000,2025S2,zone_median,2
MILANO,MI,apartment,360000,445000,2025S2,zone_median,42
MILANO,MI,house,320000,460000,2025S2,zone_median,6
MILANO,MI,commercial,190000,310000,2025S2,zone_median,40
MILANO,MI,villa,320000,460000,2025S2,zone_median,6
ABBIATEGRASSO,MI,apartment,175000,225000,2025S2,zone_median,3
ABBIATEGRASSO,MI,house,147500,190000,2025S2,zone_median,2
ABBIATEGRASSO,MI,commercial,130000,185000,2025S2,zone_median,3
ABBIATEGRASSO,MI,villa,147500,190000,2025S2,zone_median,2
AGRATE BRIANZA,MI,apartment,165000,220000,2025S2,zone_median,2
AGRATE BRIANZA,MI,house,125000,160000,2025S2,zone_median,1
AGRATE BRIANZA,MI,commercial,120000,162500,2025S2,zone_median,2
AGRATE BRIANZA,MI,villa,125000,160000,2025S2,zone_median,1
AICURZIO,MI,apartment,155000,200000,2025S2,zone_median,1
AICURZIO,MI,house,125000,155000,2025S2,zone_median,1
AICURZIO,MI,villa,125000,155000,2025S2,zone_median,1
AICURZIO,MI,commercial,125000,150000,2025S2,zone_median,1
ALBAIRATE,MI,apartment,150000,195000,2025S2,zone_median,1
ALBAIRATE,MI,house,115000,155000,2025S2,zone_median,1
ALBAIRATE,MI,villa,115000,155000,2025S2,zone_median,1
ALBAIRATE,MI,commercial,80000,115000,2025S2,zone_median,1
ALBIATE,MI,apartment,105000,160000,2025S2,zone_median,1
ALBIATE,MI,house,130000,170000,2025S2,zone_median,1
ALBIATE,MI,villa,130000,170000,2025S2,zone_median,1
ALBIATE,MI,commercial,100000,155000,2025S2,zone_median,1
ARCONATE,MI,apartment,160000,200000,2025S2,zone_median,1
ARCONATE,MI,house,115000,145000,2025S2,zone_median,1
ARCONATE,MI,villa,115000,145000,2025S2,zone_median,1
ARCONATE,MI,commercial,105000,145000,2025S2,zone_median,1
ARCORE,MI,apartment,202500,260000,2025S2,zone_median,2
ARCORE,MI,house,130000,175000,2025S2,zone_median,1
ARCORE,MI,commercial,115000,160000,2025S2,zone_median,2
ARCORE,MI,villa,130000,175000,2025S2,zone_median,1
ARESE,MI,apartment,255000,320000,2025S2,zone_median,2
ARESE,MI,house,172500,260000,2025S2,zone_median,2
ARESE,MI,villa,172500,260000,2025S2,zone_median,2
ARESE,MI,commercial,147500,197500,2025S2,zone_median,2
ARLUNO,MI,apartment,195000,240000,2025S2,zone_median,1
ARLUNO,MI,house,195000,240000,2025S2,zone_median,1
ARLUNO,MI,commercial,100000,150000,2025S2,zone_median,1
ASSAGO,MI,apartment,260000,385000,2025S2,zone_median,2
ASSAGO,MI,house,182500,235000,2025S2,zone_median,2
ASSAGO,MI,villa,182500,235000,2025S2,zone_median,2
ASSAGO,MI,commercial,140000,190000,2025S2,zone_median,2
BARANZATE,MI,apartment,137500,167500,2025S2,zone_median,2
BARANZATE,MI,house,145000,165000,2025S2,zone_median,2
BARANZATE,MI,villa,145000,165000,2025S2,zone_median,2
BARANZATE,MI,commercial,105000,132500,2025S2,zone_median,2
BAREGGIO,MI,apartment,177500,235000,2025S2,zone_median,2
BAREGGIO,MI,house,150000,175000,2025S2,zone_median,1
BAREGGIO,MI,commercial,122500,157500,2025S2,zone_median,2
BAREGGIO,MI,villa,150000,175000,2025S2,zone_median,1
BARLASSINA,MI,apartment,160000,205000,2025S2,zone_median,1
BARLASSINA,MI,house,140000,170000,2025S2,zone_median,1
BARLASSINA,MI,villa,140000,170000,2025S2,zone_median,1
BARLASSINA,MI,commercial,120000,180000,2025S2,zone_median,1
BASIANO,MI,apartment,165000,205000,2025S2,zone_median,1
BASIANO,MI,house,130000,175000,2025S2,zone_median,1
BASIANO,MI,villa,130000,175000,2025S2,zone_median,1
BASIANO,MI,commercial,115000,130000,2025S2,zone_median,1
BASIGLIO,MI,apartment,270000,380000,2025S2,zone_median,1
BASIGLIO,MI,house,180000,265000,2025S2,zone_median,1
BASIGLIO,MI,villa,180000,265000,2025S2,zone_median,1
BASIGLIO,MI,commercial,180000,245000,2025S2,zone_median,1
BELLINZAGO LOMBARDO,MI,apartment,170000,210000,2025S2,zone_median,1
BELLINZAGO LOMBARDO,MI,house,130000,150000,2025S2,zone_median,1
BELLINZAGO LOMBARDO,MI,villa,130000,150000,2025S2,zone_median,1
BELLINZAGO LOMBARDO,MI,commercial,95000,135000,2025S2,zone_median,1
BELLUSCO,MI,apartment,170000,225000,2025S2,zone_median,1
BELLUSCO,MI,house,120000,160000,2025S2,zone_median,1
BELLUSCO,MI,villa,120000,160000,2025S2,zone_median,1
BELLUSCO,MI,commercial,110000,160000,2025S2,zone_median,1
BERNAREGGIO,MI,apartment,175000,227500,2025S2,zone_median,2
BERNAREGGIO,MI,house,125000,170000,2025S2,zone_median,1
BERNAREGGIO,MI,commercial,102500,152500,2025S2,zone_median,2
BERNAREGGIO,MI,villa,125000,170000,2025S2,zone_median,1
BERNATE TICINO,MI,apartment,140000,195000,2025S2,zone_median,1
BERNATE TICINO,MI,house,95000,140000,2025S2,zone_median,1
BERNATE TICINO,MI,villa,95000,140000,2025S2,zone_median,1
BERNATE TICINO,MI,commercial,110000,140000,2025S2,zone_median,1
BESANA IN BRIANZA,MI,apartment,115000,150000,2025S2,zone_median,2
BESANA IN BRIANZA,MI,house,125000,147500,2025S2,zone_median,2
BESANA IN BRIANZA,MI,villa,125000,147500,2025S2,zone_median,2
BESANA IN BRIANZA,MI,commercial,115000,150000,2025S2,zone_median,2
BESATE,MI,apartment,85000,115000,2025S2,zone_median,1
BESATE,MI,house,95000,130000,2025S2,zone_median,1
BESATE,MI,villa,95000,130000,2025S2,zone_median,1
BESATE,MI,commercial,85000,130000,2025S2,zone_median,1
BIASSONO,MI,apartment,190000,250000,2025S2,zone_median,2
BIASSONO,MI,house,142500,165000,2025S2,zone_median,2
BIASSONO,MI,villa,142500,165000,2025S2,zone_median,2
BIASSONO,MI,commercial,107500,152500,2025S2,zone_median,2
BINASCO,MI,apartment,140000,167500,2025S2,zone_median,2
BINASCO,MI,house,142500,155000,2025S2,zone_median,2
BINASCO,MI,villa,142500,155000,2025S2,zone_median,2
BINASCO,MI,commercial,115000,142500,2025S2,zone_median,2
BOFFALORA SOPRA TICINO,MI,apartment,145000,190000,2025S2,zone_median,1
BOFFALORA SOPRA TICINO,MI,house,110000,140000,2025S2,zone_median,1
BOFFALORA SOPRA TICINO,MI,villa,110000,140000,2025S2,zone_median,1
BOFFALORA SOPRA TICINO,MI,commercial,110000,140000,2025S2,zone_median,1
BOLLATE,MI,apartment,210000,250000,2025S2,zone_median,3
BOLLATE,MI,house,142500,185000,2025S2,zone_median,2
BOLLATE,MI,commercial,105000,155000,2025S2,zone_median,3
BOLLATE,MI,villa,142500,185000,2025S2,zone_median,2
BOVISIO MASCIAGO,MI,apartment,170000,220000,2025S2,zone_median,3
BOVISIO MASCIAGO,MI,house,130000,155000,2025S2,zone_median,3
BOVISIO MASCIAGO,MI,villa,130000,155000,2025S2,zone_median,3
BOVISIO MASCIAGO,MI,commercial,85000,140000,2025S2,zone_median,3
BRESSO,MI,apartment,237500,290000,2025S2,zone_median,2
BRESSO,MI,house,160000,215000,2025S2,zone_median,1
BRESSO,MI,commercial,132500,185000,2025S2,zone_median,2
BRESSO,MI,villa,160000,215000,2025S2,zone_median,1
BRIOSCO,MI,apartment,110000,145000,2025S2,zone_median,1
BRIOSCO,MI,house,110000,150000,2025S2,zone_median,1
BRIOSCO,MI,villa,110000,150000,2025S2,zone_median,1
BRIOSCO,MI,commercial,95000,135000,2025S2,zone_median,1
BRUGHERIO,MI,apartment,202500,247500,2025S2,zone_median,2
BRUGHERIO,MI,house,167500,205000,2025S2,zone_median,2
BRUGHERIO,MI,villa,167500,205000,2025S2,zone_median,2
BRUGHERIO,MI,commercial,135000,210000,2025S2,zone_median,2
BUBBIANO,MI,apartment,145000,180000,2025S2,zone_median,1
BUBBIANO,MI,house,100000,130000,2025S2,zone_median,1
BUBBIANO,MI,villa,100000,130000,2025S2,zone_median,1
BUBBIANO,MI,commercial,95000,125000,2025S2,zone_median,1
BUCCINASCO,MI,apartment,257500,340000,2025S2,zone_median,2
BUCCINASCO,MI,house,187500,250000,2025S2,zone_median,2
BUCCINASCO,MI,villa,187500,250000,2025S2,zone_median,2
BUCCINASCO,MI,commercial,117500,167500,2025S2,zone_median,2
BURAGO DI MOLGORA,MI,apartment,170000,210000,2025S2,zone_median,1
BURAGO DI MOLGORA,MI,house,145000,165000,2025S2,zone_median,1
BURAGO DI MOLGORA,MI,villa,145000,165000,2025S2,zone_median,1
BURAGO DI MOLGORA,MI,commercial,120000,150000,2025S2,zone_median,1
BUSCATE,MI,apartment,130000,170000,2025S2,zone_median,1
BUSCATE,MI,house,90000,135000,2025S2,zone_median,1
BUSCATE,MI,villa,90000,135000,2025S2,zone_median,1
BUSCATE,MI,commercial,100000,140000,2025S2,zone_median,1
BUSNAGO,MI,apartment,185000,210000,2025S2,zone_median,1
BUSNAGO,MI,house,115000,150000,2025S2,zone_median,1
BUSNAGO,MI,villa,115000,150000,2025S2,zone_median,1
BUSNAGO,MI,commercial,90000,130000,2025S2,zone_median,1
BUSSERO,MI,apartment,190000,255000,2025S2,zone_median,1
BUSSERO,MI,house,160000,190000,2025S2,zone_median,1
BUSSERO,MI,villa,160000,190000,2025S2,zone_median,1
BUSSERO,MI,commercial,110000,155000,2025S2,zone_median,1
BUSTO GAROLFO,MI,apartment,137500,157500,2025S2,zone_median,2
BUSTO GAROLFO,MI,house,120000,152500,2025S2,zone_median,2
BUSTO GAROLFO,MI,villa,120000,152500,2025S2,zone_median,2
BUSTO GAROLFO,MI,commercial,105000,135000,2025S2,zone_median,2
CALVIGNASCO,MI,apartment,120000,145000,2025S2,zone_median,1
CALVIGNASCO,MI,house,110000,135000,2025S2,zone_median,1
CALVIGNASCO,MI,villa,110000,135000,2025S2,zone_median,1
CALVIGNASCO,MI,commercial,90000,130000,2025S2,zone_median,1
CAMBIAGO,MI,apartment,127500,160000,2025S2,zone_median,2
CAMBIAGO,MI,house,127500,160000,2025S2,zone_median,2
CAMBIAGO,MI,villa,127500,160000,2025S2,zone_median,2
CAMBIAGO,MI,commercial,95000,125000,2025S2,zone_median,2
CAMPARADA,MI,apartment,140000,155000,2025S2,zone_median,1
CAMPARADA,MI,house,135000,165000,2025S2,zone_median,1
CAMPARADA,MI,villa,135000,165000,2025S2,zone_median,1
CAMPARADA,MI,commercial,110000,140000,2025S2,zone_median,1
CANEGRATE,MI,apartment,167500,222500,2025S2,zone_median,2
CANEGRATE,MI,house,117500,155000,2025S2,zone_median,2
CANEGRATE,MI,villa,117500,155000,2025S2,zone_median,2
CANEGRATE,MI,commercial,87500,137500,2025S2,zone_median,2
CAPONAGO,MI,apartment,170000,215000,2025S2,zone_median,1
CAPONAGO,MI,house,140000,175000,2025S2,zone_median,1
CAPONAGO,MI,villa,140000,175000,2025S2,zone_median,1
CAPONAGO,MI,commercial,120000,160000,2025S2,zone_median,1
CARATE BRIANZA,MI,apartment,192500,247500,2025S2,zone_median,2
CARATE BRIANZA,MI,house,160000,187500,2025S2,zone_median,2
CARATE BRIANZA,MI,villa,160000,187500,2025S2,zone_median,2
CARATE BRIANZA,MI,commercial,110000,162500,2025S2,zone_median,2
CARNATE,MI,apartment,165000,200000,2025S2,zone_median,1
CARNATE,MI,house,130000,170000,2025S2,zone_median,1
CARNATE,MI,villa,130000,170000,2025S2,zone_median,1
CARNATE,MI,commercial,75000,125000,2025S2,zone_median,1
CARPIANO,MI,apartment,150000,185000,2025S2,zone_median,1
CARPIANO,MI,house,165000,215000,2025S2,zone_median,1
CARPIANO,MI,villa,165000,215000,2025S2,zone_median,1
CARPIANO,MI,commercial,100000,135000,2025S2,zone_median,1
CARUGATE,MI,apartment,220000,287500,2025S2,zone_median,2
CARUGATE,MI,house,180000,225000,2025S2,zone_median,1
CARUGATE,MI,commercial,105000,152500,2025S2,zone_median,2
CARUGATE,MI,villa,180000,225000,2025S2,zone_median,1
CASARILE,MI,apartment,130000,160000,2025S2,zone_median,1
CASARILE,MI,house,115000,155000,2025S2,zone_median,1
CASARILE,MI,villa,115000,155000,2025S2,zone_median,1
CASARILE,MI,commercial,95000,135000,2025S2,zone_median,1
CASOREZZO,MI,apartment,150000,200000,2025S2,zone_median,1
CASOREZZO,MI,house,155000,210000,2025S2,zone_median,1
CASOREZZO,MI,villa,155000,210000,2025S2,zone_median,1
CASOREZZO,MI,commercial,90000,130000,2025S2,zone_median,1
CASSANO D`ADDA,MI,apartment,190000,280000,2025S2,zone_median,1
CASSANO D`ADDA,MI,house,135000,180000,2025S2,zone_median,1
CASSANO D`ADDA,MI,villa,135000,180000,2025S2,zone_median,1
CASSANO D`ADDA,MI,commercial,70000,130000,2025S2,zone_median,1
PERO,MI,apartment,170000,230000,2025S2,zone_median,2
PERO,MI,house,152500,215000,2025S2,zone_median,2
PERO,MI,villa,152500,215000,2025S2,zone_median,2
PERO,MI,commercial,125000,190000,2025S2,zone_median,2
CASSINA DE`PECCHI,MI,apartment,195000,240000,2025S2,zone_median,1
CASSINA DE`PECCHI,MI,house,145000,185000,2025S2,zone_median,1
CASSINA DE`PECCHI,MI,villa,145000,185000,2025S2,zone_median,1
CASSINA DE`PECCHI,MI,commercial,150000,210000,2025S2,zone_median,1
CASSINETTA DI LUGAGNANO,MI,apartment,150000,185000,2025S2,zone_median,1
CASSINETTA DI LUGAGNANO,MI,house,100000,150000,2025S2,zone_median,1
CASSINETTA DI LUGAGNANO,MI,villa,100000,150000,2025S2,zone_median,1
CASSINETTA DI LUGAGNANO,MI,commercial,100000,140000,2025S2,zone_median,1
CASTANO PRIMO,MI,apartment,105000,132500,2025S2,zone_median,2
CASTANO PRIMO,MI,house,110000,140000,2025S2,zone_median,2
CASTANO PRIMO,MI,villa,110000,140000,2025S2,zone_median,2
CASTANO PRIMO,MI,commercial,95000,137500,2025S2,zone_median,2
CAVENAGO DI BRIANZA,MI,apartment,140000,175000,2025S2,zone_median,1
CAVENAGO DI BRIANZA,MI,house,115000,135000,2025S2,zone_median,1
CAVENAGO DI BRIANZA,MI,villa,115000,135000,2025S2,zone_median,1
CAVENAGO DI BRIANZA,MI,commercial,100000,135000,2025S2,zone_median,1
CERIANO LAGHETTO,MI,apartment,110000,150000,2025S2,zone_median,3
CERIANO LAGHETTO,MI,house,105000,125000,2025S2,zone_median,3
CERIANO LAGHETTO,MI,villa,105000,125000,2025S2,zone_median,3
CERIANO LAGHETTO,MI,commercial,95000,120000,2025S2,zone_median,3
CERNUSCO SUL NAVIGLIO,MI,apartment,222500,300000,2025S2,zone_median,2
CERNUSCO SUL NAVIGLIO,MI,house,190000,255000,2025S2,zone_median,2
CERNUSCO SUL NAVIGLIO,MI,villa,190000,255000,2025S2,zone_median,2
CERNUSCO SUL NAVIGLIO,MI,commercial,152500,237500,2025S2,zone_median,2
CERRO AL LAMBRO,MI,apartment,125000,160000,2025S2,zone_median,1
CERRO AL LAMBRO,MI,house,130000,160000,2025S2,zone_median,1
CERRO AL LAMBRO,MI,villa,130000,160000,2025S2,zone_median,1
CERRO AL LAMBRO,MI,commercial,95000,115000,2025S2,zone_median,1
CERRO MAGGIORE,MI,apartment,125000,167500,2025S2,zone_median,2
CERRO MAGGIORE,MI,house,115000,160000,2025S2,zone_median,2
CERRO MAGGIORE,MI,villa,115000,160000,2025S2,zone_median,2
CERRO MAGGIORE,MI,commercial,95000,127500,2025S2,zone_median,2
CESANO BOSCONE,MI,apartment,175000,215000,2025S2,zone_median,2
CESANO BOSCONE,MI,house,175000,200000,2025S2,zone_median,2
CESANO BOSCONE,MI,villa,175000,200000,2025S2,zone_median,2
CESANO BOSCONE,MI,commercial,102500,157500,2025S2,zone_median,2
CESANO MADERNO,MI,apartment,162500,202500,2025S2,zone_median,2
CESANO MADERNO,MI,house,145000,185000,2025S2,zone_median,2
CESANO MADERNO,MI,villa,145000,185000,2025S2,zone_median,2
CESANO MADERNO,MI,commercial,117500,185000,2025S2,zone_median,2
CESATE,MI,apartment,120000,175000,2025S2,zone_median,1
CESATE,MI,house,140000,180000,2025S2,zone_median,1
CESATE,MI,villa,140000,180000,2025S2,zone_median,1
CESATE,MI,commercial,75000,135000,2025S2,zone_median,1
CINISELLO BALSAMO,MI,apartment,175000,225000,2025S2,zone_median,2
CINISELLO BALSAMO,MI,house,160000,210000,2025S2,zone_median,2
CINISELLO BALSAMO,MI,villa,160000,210000,2025S2,zone_median,2
CINISELLO BALSAMO,MI,commercial,87500,142500,2025S2,zone_median,2
CISLIANO,MI,apartment,145000,180000,2025S2,zone_median,1
CISLIANO,MI,house,135000,170000,2025S2,zone_median,1
CISLIANO,MI,villa,135000,170000,2025S2,zone_median,1
CISLIANO,MI,commercial,90000,125000,2025S2,zone_median,1
COGLIATE,MI,apartment,97500,130000,2025S2,zone_median,2
COGLIATE,MI,house,125000,162500,2025S2,zone_median,2
COGLIATE,MI,villa,125000,162500,2025S2,zone_median,2
COGLIATE,MI,commercial,100000,140000,2025S2,zone_median,2
COLOGNO MONZESE,MI,apartment,182500,247500,2025S2,zone_median,2
COLOGNO MONZESE,MI,house,152500,205000,2025S2,zone_median,2
COLOGNO MONZESE,MI,villa,152500,205000,2025S2,zone_median,2
COLOGNO MONZESE,MI,commercial,107500,167500,2025S2,zone_median,2
COLTURANO,MI,apartment,112500,145000,2025S2,zone_median,2
COLTURANO,MI,house,112500,137500,2025S2,zone_median,2
COLTURANO,MI,villa,112500,137500,2025S2,zone_median,2
COLTURANO,MI,commercial,95000,135000,2025S2,zone_median,2
CONCOREZZO,MI,apartment,145000,185000,2025S2,zone_median,2
CONCOREZZO,MI,house,140000,180000,2025S2,zone_median,1
CONCOREZZO,MI,commercial,132500,182500,2025S2,zone_median,2
CONCOREZZO,MI,villa,140000,180000,2025S2,zone_median,1
CORBETTA,MI,apartment,135000,160000,2025S2,zone_median,3
CORBETTA,MI,house,125000,165000,2025S2,zone_median,3
CORBETTA,MI,villa,125000,165000,2025S2,zone_median,3
CORBETTA,MI,commercial,85000,150000,2025S2,zone_median,3
CORMANO,MI,apartment,167500,220000,2025S2,zone_median,2
CORMANO,MI,house,145000,190000,2025S2,zone_median,1
CORMANO,MI,commercial,125000,192500,2025S2,zone_median,2
CORMANO,MI,villa,145000,190000,2025S2,zone_median,1
CORNAREDO,MI,apartment,177500,237500,2025S2,zone_median,2
CORNAREDO,MI,house,152500,192500,2025S2,zone_median,2
CORNAREDO,MI,villa,152500,192500,2025S2,zone_median,2
CORNAREDO,MI,commercial,120000,180000,2025S2,zone_median,2
CORNATE D`ADDA,MI,apartment,117500,150000,2025S2,zone_median,2
CORNATE D`ADDA,MI,house,132500,152500,2025S2,zone_median,2
CORNATE D`ADDA,MI,villa,132500,152500,2025S2,zone_median,2
CORNATE D`ADDA,MI,commercial,85000,117500,2025S2,zone_median,2
MORIMONDO,MI,apartment,95000,130000,2025S2,zone_median,1
MORIMONDO,MI,house,110000,140000,2025S2,zone_median,1
MORIMONDO,MI,villa,110000,140000,2025S2,zone_median,1
MORIMONDO,MI,commercial,90000,130000,2025S2,zone_median,1
CORREZZANA,MI,apartment,125000,165000,2025S2,zone_median,1
CORREZZANA,MI,house,130000,170000,2025S2,zone_median,1
CORREZZANA,MI,villa,130000,170000,2025S2,zone_median,1
CORREZZANA,MI,commercial,100000,135000,2025S2,zone_median,1
CORSICO,MI,apartment,207500,270000,2025S2,zone_median,2
CORSICO,MI,house,170000,235000,2025S2,zone_median,1
CORSICO,MI,commercial,125000,192500,2025S2,zone_median,2
CORSICO,MI,villa,170000,235000,2025S2,zone_median,1
CUGGIONO,MI,apartment,100000,135000,2025S2,zone_median,1
CUGGIONO,MI,house,105000,130000,2025S2,zone_median,1
CUGGIONO,MI,villa,105000,130000,2025S2,zone_median,1
CUGGIONO,MI,commercial,85000,130000,2025S2,zone_median,1
CUSAGO,MI,apartment,175000,245000,2025S2,zone_median,1
CUSAGO,MI,house,150000,220000,2025S2,zone_median,1
CUSAGO,MI,villa,150000,220000,2025S2,zone_median,1
CUSAGO,MI,commercial,140000,205000,2025S2,zone_median,1
CUSANO MILANINO,MI,apartment,187500,242500,2025S2,zone_median,2
CUSANO MILANINO,MI,house,175000,230000,2025S2,zone_median,2
CUSANO MILANINO,MI,villa,175000,230000,2025S2,zone_median,2
CUSANO MILANINO,MI,commercial,130000,215000,2025S2,zone_median,2
DAIRAGO,MI,apartment,155000,190000,2025S2,zone_median,1
DAIRAGO,MI,house,120000,160000,2025S2,zone_median,1
DAIRAGO,MI,villa,120000,160000,2025S2,zone_median,1
DAIRAGO,MI,commercial,105000,150000,2025S2,zone_median,1
DESIO,MI,apartment,160000,212500,2025S2,zone_median,2
DESIO,MI,house,150000,182500,2025S2,zone_median,2
DESIO,MI,villa,150000,182500,2025S2,zone_median,2
DESIO,MI,commercial,97500,165000,2025S2,zone_median,2
DRESANO,MI,apartment,125000,160000,2025S2,zone_median,1
DRESANO,MI,house,130000,160000,2025S2,zone_median,1
DRESANO,MI,villa,130000,160000,2025S2,zone_median,1
DRESANO,MI,commercial,120000,160000,2025S2,zone_median,1
GAGGIANO,MI,apartment,160000,195000,2025S2,zone_median,1
GAGGIANO,MI,house,170000,200000,2025S2,zone_median,1
GAGGIANO,MI,villa,170000,200000,2025S2,zone_median,1
GAGGIANO,MI,commercial,105000,180000,2025S2,zone_median,1
GARBAGNATE MILANESE,MI,apartment,135000,190000,2025S2,zone_median,2
GARBAGNATE MILANESE,MI,house,145000,182500,2025S2,zone_median,2
GARBAGNATE MILANESE,MI,villa,145000,182500,2025S2,zone_median,2
GARBAGNATE MILANESE,MI,commercial,107500,187500,2025S2,zone_median,2
GESSATE,MI,apartment,170000,215000,2025S2,zone_median,1
GESSATE,MI,house,150000,195000,2025S2,zone_median,1
GESSATE,MI,villa,150000,195000,2025S2,zone_median,1
GESSATE,MI,commercial,125000,160000,2025S2,zone_median,1
GIUSSANO,MI,apartment,135000,190000,2025S2,zone_median,2
GIUSSANO,MI,house,135000,170000,2025S2,zone_median,2
GIUSSANO,MI,villa,135000,170000,2025S2,zone_median,2
GIUSSANO,MI,commercial,97500,160000,2025S2,zone_median,2
GORGONZOLA,MI,apartment,167500,210000,2025S2,zone_median,2
GORGONZOLA,MI,house,160000,215000,2025S2,zone_median,1
GORGONZOLA,MI,commercial,125000,192500,2025S2,zone_median,2
GORGONZOLA,MI,villa,160000,215000,2025S2,zone_median,1
GREZZAGO,MI,apartment,125000,160000,2025S2,zone_median,1
GREZZAGO,MI,house,110000,155000,2025S2,zone_median,1
GREZZAGO,MI,villa,110000,155000,2025S2,zone_median,1
GREZZAGO,MI,commercial,100000,140000,2025S2,zone_median,1
GUDO VISCONTI,MI,apartment,110000,140000,2025S2,zone_median,1
GUDO VISCONTI,MI,house,125000,150000,2025S2,zone_median,1
GUDO VISCONTI,MI,villa,125000,150000,2025S2,zone_median,1
GUDO VISCONTI,MI,commercial,100000,130000,2025S2,zone_median,1
INVERUNO,MI,apartment,120000,145000,2025S2,zone_median,3
INVERUNO,MI,house,102500,137500,2025S2,zone_median,2
INVERUNO,MI,commercial,100000,125000,2025S2,zone_median,3
INVERUNO,MI,villa,102500,137500,2025S2,zone_median,2
INZAGO,MI,apartment,165000,215000,2025S2,zone_median,1
INZAGO,MI,house,150000,205000,2025S2,zone_median,1
INZAGO,MI,villa,150000,205000,2025S2,zone_median,1
INZAGO,MI,commercial,100000,130000,2025S2,zone_median,1
LACCHIARELLA,MI,apartment,130000,170000,2025S2,zone_median,1
LACCHIARELLA,MI,house,135000,170000,2025S2,zone_median,1
LACCHIARELLA,MI,villa,135000,170000,2025S2,zone_median,1
LACCHIARELLA,MI,commercial,135000,190000,2025S2,zone_median,1
LAINATE,MI,apartment,177500,220000,2025S2,zone_median,2
LAINATE,MI,house,147500,187500,2025S2,zone_median,2
LAINATE,MI,villa,147500,187500,2025S2,zone_median,2
LAINATE,MI,commercial,115000,200000,2025S2,zone_median,2
LAZZATE,MI,apartment,115000,165000,2025S2,zone_median,1
LAZZATE,MI,house,130000,165000,2025S2,zone_median,1
LAZZATE,MI,villa,130000,165000,2025S2,zone_median,1
LAZZATE,MI,commercial,90000,150000,2025S2,zone_median,1
LEGNANO,MI,apartment,130000,180000,2025S2,zone_median,4
LEGNANO,MI,house,140000,175000,2025S2,zone_median,4
LEGNANO,MI,villa,140000,175000,2025S2,zone_median,4
LEGNANO,MI,commercial,110000,172500,2025S2,zone_median,4
LENTATE SUL SEVESO,MI,apartment,102500,147500,2025S2,zone_median,2
LENTATE SUL SEVESO,MI,house,130000,160000,2025S2,zone_median,2
LENTATE SUL SEVESO,MI,villa,130000,160000,2025S2,zone_median,2
LENTATE SUL SEVESO,MI,commercial,92500,145000,2025S2,zone_median,2
LESMO,MI,apartment,140000,180000,2025S2,zone_median,1
LESMO,MI,house,180000,235000,2025S2,zone_median,1
LESMO,MI,villa,180000,235000,2025S2,zone_median,1
LESMO,MI,commercial,120000,170000,2025S2,zone_median,1
LIMBIATE,MI,apartment,162500,220000,2025S2,zone_median,2
LIMBIATE,MI,house,172500,202500,2025S2,zone_median,2
LIMBIATE,MI,villa,172500,202500,2025S2,zone_median,2
LIMBIATE,MI,commercial,85000,145000,2025S2,zone_median,2
LISCATE,MI,apartment,175000,210000,2025S2,zone_median,1
LISCATE,MI,house,180000,215000,2025S2,zone_median,1
LISCATE,MI,villa,180000,215000,2025S2,zone_median,1
LISCATE,MI,commercial,110000,145000,2025S2,zone_median,1
LISSONE,MI,apartment,205000,280000,2025S2,zone_median,3
LISSONE,MI,house,200000,245000,2025S2,zone_median,3
LISSONE,MI,villa,200000,245000,2025S2,zone_median,3
LISSONE,MI,commercial,110000,160000,2025S2,zone_median,3
LOCATE DI TRIULZI,MI,apartment,205000,250000,2025S2,zone_median,1
LOCATE DI TRIULZI,MI,house,185000,225000,2025S2,zone_median,1
LOCATE DI TRIULZI,MI,villa,185000,225000,2025S2,zone_median,1
LOCATE DI TRIULZI,MI,commercial,145000,210000,2025S2,zone_median,1
MACHERIO,MI,apartment,180000,235000,2025S2,zone_median,1
MACHERIO,MI,house,185000,240000,2025S2,zone_median,1
MACHERIO,MI,villa,185000,240000,2025S2,zone_median,1
MACHERIO,MI,commercial,95000,140000,2025S2,zone_median,1
MAGENTA,MI,apartment,137500,187500,2025S2,zone_median,4
MAGENTA,MI,house,125000,165000,2025S2,zone_median,3
MAGENTA,MI,commercial,105000,147500,2025S2,zone_median,4
MAGENTA,MI,villa,125000,165000,2025S2,zone_median,3
MAGNAGO,MI,apartment,160000,205000,2025S2,zone_median,1
MAGNAGO,MI,house,155000,220000,2025S2,zone_median,1
MAGNAGO,MI,villa,155000,220000,2025S2,zone_median,1
MAGNAGO,MI,commercial,110000,150000,2025S2,zone_median,1
MARCALLO CON CASONE,MI,apartment,155000,195000,2025S2,zone_median,3
MARCALLO CON CASONE,MI,house,155000,190000,2025S2,zone_median,3
MARCALLO CON CASONE,MI,villa,155000,190000,2025S2,zone_median,3
MARCALLO CON CASONE,MI,commercial,85000,140000,2025S2,zone_median,3
MASATE,MI,apartment,160000,200000,2025S2,zone_median,1
MASATE,MI,house,155000,205000,2025S2,zone_median,1
MASATE,MI,villa,155000,205000,2025S2,zone_median,1
MASATE,MI,commercial,95000,130000,2025S2,zone_median,1
MEDA,MI,apartment,137500,180000,2025S2,zone_median,2
MEDA,MI,house,120000,162500,2025S2,zone_median,2
MEDA,MI,villa,120000,162500,2025S2,zone_median,2
MEDA,MI,commercial,105000,152500,2025S2,zone_median,2
MEDIGLIA,MI,apartment,127500,155000,2025S2,zone_median,4
MEDIGLIA,MI,house,122500,147500,2025S2,zone_median,4
MEDIGLIA,MI,villa,122500,147500,2025S2,zone_median,4
MEDIGLIA,MI,commercial,75000,117500,2025S2,zone_median,4
MELEGNANO,MI,apartment,160000,205000,2025S2,zone_median,2
MELEGNANO,MI,house,190000,250000,2025S2,zone_median,1
MELEGNANO,MI,commercial,117500,187500,2025S2,zone_median,2
MELEGNANO,MI,villa,190000,250000,2025S2,zone_median,1
MELZO,MI,apartment,180000,240000,2025S2,zone_median,1
MELZO,MI,house,180000,240000,2025S2,zone_median,1
MELZO,MI,commercial,125000,210000,2025S2,zone_median,1
MESERO,MI,apartment,115000,145000,2025S2,zone_median,1
MESERO,MI,house,110000,135000,2025S2,zone_median,1
MESERO,MI,villa,110000,135000,2025S2,zone_median,1
MESERO,MI,commercial,90000,135000,2025S2,zone_median,1
MEZZAGO,MI,apartment,120000,150000,2025S2,zone_median,1
MEZZAGO,MI,house,135000,165000,2025S2,zone_median,1
MEZZAGO,MI,villa,135000,165000,2025S2,zone_median,1
MEZZAGO,MI,commercial,120000,135000,2025S2,zone_median,1
MISINTO,MI,apartment,120000,170000,2025S2,zone_median,1
MISINTO,MI,house,130000,180000,2025S2,zone_median,1
MISINTO,MI,villa,130000,180000,2025S2,zone_median,1
MISINTO,MI,commercial,100000,130000,2025S2,zone_median,1
MONZA,MI,apartment,200000,280000,2025S2,zone_median,9
MONZA,MI,house,187500,250000,2025S2,zone_median,8
MONZA,MI,villa,187500,250000,2025S2,zone_median,8
MONZA,MI,commercial,120000,200000,2025S2,zone_median,9
MOTTA VISCONTI,MI,apartment,100000,140000,2025S2,zone_median,1
MOTTA VISCONTI,MI,house,120000,155000,2025S2,zone_median,1
MOTTA VISCONTI,MI,villa,120000,155000,2025S2,zone_median,1
MOTTA VISCONTI,MI,commercial,70000,125000,2025S2,zone_median,1
MUGGIO`,MI,apartment,160000,190000,2025S2,zone_median,2
MUGGIO`,MI,house,142500,190000,2025S2,zone_median,2
MUGGIO`,MI,villa,142500,190000,2025S2,zone_median,2
MUGGIO`,MI,commercial,105000,160000,2025S2,zone_median,2
NERVIANO,MI,apartment,122500,155000,2025S2,zone_median,2
NERVIANO,MI,house,122500,157500,2025S2,zone_median,2
NERVIANO,MI,villa,122500,157500,2025S2,zone_median,2
NERVIANO,MI,commercial,95000,147500,2025S2,zone_median,2
NOSATE,MI,apartment,90000,125000,2025S2,zone_median,1
NOSATE,MI,house,90000,145000,2025S2,zone_median,1
NOSATE,MI,villa,90000,145000,2025S2,zone_median,1
NOSATE,MI,commercial,120000,150000,2025S2,zone_median,1
NOVA MILANESE,MI,apartment,137500,185000,2025S2,zone_median,2
NOVA MILANESE,MI,house,140000,187500,2025S2,zone_median,2
NOVA MILANESE,MI,villa,140000,187500,2025S2,zone_median,2
NOVA MILANESE,MI,commercial,95000,165000,2025S2,zone_median,2
NOVATE MILANESE,MI,apartment,175000,232500,2025S2,zone_median,2
NOVATE MILANESE,MI,house,170000,215000,2025S2,zone_median,1
NOVATE MILANESE,MI,commercial,122500,175000,2025S2,zone_median,2
NOVATE MILANESE,MI,villa,170000,215000,2025S2,zone_median,1
NOVIGLIO,MI,apartment,90000,110000,2025S2,zone_median,3
NOVIGLIO,MI,house,105000,130000,2025S2,zone_median,3
NOVIGLIO,MI,villa,105000,130000,2025S2,zone_median,3
NOVIGLIO,MI,commercial,90000,125000,2025S2,zone_median,3
OPERA,MI,apartment,160000,220000,2025S2,zone_median,2
OPERA,MI,house,180000,212500,2025S2,zone_median,2
OPERA,MI,villa,180000,212500,2025S2,zone_median,2
OPERA,MI,commercial,120000,177500,2025S2,zone_median,2
ORNAGO,MI,apartment,140000,170000,2025S2,zone_median,1
ORNAGO,MI,house,115000,140000,2025S2,zone_median,1
ORNAGO,MI,villa,115000,140000,2025S2,zone_median,1
ORNAGO,MI,commercial,80000,110000,2025S2,zone_median,1
OSSONA,MI,apartment,85000,130000,2025S2,zone_median,1
OSSONA,MI,house,100000,145000,2025S2,zone_median,1
OSSONA,MI,villa,100000,145000,2025S2,zone_median,1
OSSONA,MI,commercial,110000,145000,2025S2,zone_median,1
OZZERO,MI,apartment,135000,165000,2025S2,zone_median,1
OZZERO,MI,house,135000,170000,2025S2,zone_median,1
OZZERO,MI,villa,135000,170000,2025S2,zone_median,1
OZZERO,MI,commercial,95000,125000,2025S2,zone_median,1
PADERNO DUGNANO,MI,apartment,202500,252500,2025S2,zone_median,2
PADERNO DUGNANO,MI,house,160000,205000,2025S2,zone_median,1
PADERNO DUGNANO,MI,commercial,110000,170000,2025S2,zone_median,2
PADERNO DUGNANO,MI,villa,160000,205000,2025S2,zone_median,1
PANTIGLIATE,MI,apartment,175000,230000,2025S2,zone_median,1
PANTIGLIATE,MI,house,180000,220000,2025S2,zone_median,1
PANTIGLIATE,MI,villa,180000,220000,2025S2,zone_median,1
PANTIGLIATE,MI,commercial,85000,150000,2025S2,zone_median,1
PARABIAGO,MI,apartment,195000,230000,2025S2,zone_median,3
PARABIAGO,MI,house,180000,240000,2025S2,zone_median,3
PARABIAGO,MI,villa,180000,240000,2025S2,zone_median,3
PARABIAGO,MI,commercial,100000,135000,2025S2,zone_median,3
PAULLO,MI,apartment,180000,240000,2025S2,zone_median,1
PAULLO,MI,house,180000,240000,2025S2,zone_median,1
PAULLO,MI,commercial,115000,175000,2025S2,zone_median,1
PESCHIERA BORROMEO,MI,apartment,185000,225000,2025S2,zone_median,3
PESCHIERA BORROMEO,MI,house,157500,197500,2025S2,zone_median,2
PESCHIERA BORROMEO,MI,commercial,100000,140000,2025S2,zone_median,3
PESCHIERA BORROMEO,MI,villa,157500,197500,2025S2,zone_median,2
PESSANO CON BORNAGO,MI,apartment,160000,210000,2025S2,zone_median,1
PESSANO CON BORNAGO,MI,house,135000,175000,2025S2,zone_median,1
PESSANO CON BORNAGO,MI,villa,135000,175000,2025S2,zone_median,1
PESSANO CON BORNAGO,MI,commercial,95000,160000,2025S2,zone_median,1
PIEVE EMANUELE,MI,apartment,142500,190000,2025S2,zone_median,2
PIEVE EMANUELE,MI,house,157500,182500,2025S2,zone_median,2
PIEVE EMANUELE,MI,villa,157500,182500,2025S2,zone_median,2
PIEVE EMANUELE,MI,commercial,82500,137500,2025S2,zone_median,2
PIOLTELLO,MI,apartment,185000,240000,2025S2,zone_median,3
PIOLTELLO,MI,house,145000,190000,2025S2,zone_median,1
PIOLTELLO,MI,commercial,100000,180000,2025S2,zone_median,3
PIOLTELLO,MI,villa,145000,190000,2025S2,zone_median,1
POGLIANO MILANESE,MI,apartment,120000,162500,2025S2,zone_median,2
POGLIANO MILANESE,MI,house,122500,160000,2025S2,zone_median,2
POGLIANO MILANESE,MI,villa,122500,160000,2025S2,zone_median,2
POGLIANO MILANESE,MI,commercial,112500,150000,2025S2,zone_median,2
POZZO D`ADDA,MI,apartment,130000,160000,2025S2,zone_median,2
POZZO D`ADDA,MI,house,115000,155000,2025S2,zone_median,2
POZZO D`ADDA,MI,villa,115000,155000,2025S2,zone_median,2
POZZO D`ADDA,MI,commercial,92500,122500,2025S2,zone_median,2
POZZUOLO MARTESANA,MI,apartment,187500,222500,2025S2,zone_median,2
POZZUOLO MARTESANA,MI,house,145000,170000,2025S2,zone_median,2
POZZUOLO MARTESANA,MI,villa,145000,170000,2025S2,zone_median,2
POZZUOLO MARTESANA,MI,commercial,115000,152500,2025S2,zone_median,2
PREGNANA MILANESE,MI,apartment,135000,172500,2025S2,zone_median,2
PREGNANA MILANESE,MI,house,130000,167500,2025S2,zone_median,2
PREGNANA MILANESE,MI,villa,130000,167500,2025S2,zone_median,2
PREGNANA MILANESE,MI,commercial,82500,122500,2025S2,zone_median,2
RENATE,MI,apartment,85000,135000,2025S2,zone_median,1
RENATE,MI,house,100000,155000,2025S2,zone_median,1
RENATE,MI,villa,100000,155000,2025S2,zone_median,1
RENATE,MI,commercial,85000,140000,2025S2,zone_median,1
RESCALDINA,MI,apartment,110000,155000,2025S2,zone_median,2
RESCALDINA,MI,house,117500,157500,2025S2,zone_median,2
RESCALDINA,MI,villa,117500,157500,2025S2,zone_median,2
RESCALDINA,MI,commercial,105000,145000,2025S2,zone_median,2
RHO,MI,apartment,182500,230000,2025S2,zone_median,2
RHO,MI,house,150000,180000,2025S2,zone_median,1
RHO,MI,commercial,140000,220000,2025S2,zone_median,2
RHO,MI,villa,150000,180000,2025S2,zone_median,1
ROBECCHETTO CON INDUNO,MI,apartment,95000,130000,2025S2,zone_median,1
ROBECCHETTO CON INDUNO,MI,house,100000,130000,2025S2,zone_median,1
ROBECCHETTO CON INDUNO,MI,villa,100000,130000,2025S2,zone_median,1
ROBECCHETTO CON INDUNO,MI,commercial,105000,145000,2025S2,zone_median,1
ROBECCO SUL NAVIGLIO,MI,apartment,90000,130000,2025S2,zone_median,3
ROBECCO SUL NAVIGLIO,MI,house,100000,130000,2025S2,zone_median,3
ROBECCO SUL NAVIGLIO,MI,villa,100000,130000,2025S2,zone_median,3
ROBECCO SUL NAVIGLIO,MI,commercial,90000,115000,2025S2,zone_median,3
RODANO,MI,apartment,145000,180000,2025S2,zone_median,2
RODANO,MI,house,127500,160000,2025S2,zone_median,2
RODANO,MI,villa,127500,160000,2025S2,zone_median,2
RODANO,MI,commercial,90000,122500,2025S2,zone_median,2
RONCELLO,MI,apartment,135000,175000,2025S2,zone_median,1
RONCELLO,MI,house,135000,170000,2025S2,zone_median,1
RONCELLO,MI,villa,135000,170000,2025S2,zone_median,1
RONCELLO,MI,commercial,105000,140000,2025S2,zone_median,1
RONCO BRIANTINO,MI,apartment,145000,175000,2025S2,zone_median,1
RONCO BRIANTINO,MI,house,135000,160000,2025S2,zone_median,1
RONCO BRIANTINO,MI,villa,135000,160000,2025S2,zone_median,1
RONCO BRIANTINO,MI,commercial,105000,140000,2025S2,zone_median,1
ROSATE,MI,apartment,130000,170000,2025S2,zone_median,1
ROSATE,MI,house,115000,150000,2025S2,zone_median,1
ROSATE,MI,villa,115000,150000,2025S2,zone_median,1
ROSATE,MI,commercial,90000,130000,2025S2,zone_median,1
ROZZANO,MI,apartment,200000,245000,2025S2,zone_median,2
ROZZANO,MI,house,172500,215000,2025S2,zone_median,2
ROZZANO,MI,villa,172500,215000,2025S2,zone_median,2
ROZZANO,MI,commercial,122500,172500,2025S2,zone_median,2
SAN COLOMBANO AL LAMBRO,MI,apartment,85000,110000,2025S2,zone_median,1
SAN COLOMBANO AL LAMBRO,MI,house,75000,110000,2025S2,zone_median,1
SAN COLOMBANO AL LAMBRO,MI,villa,75000,110000,2025S2,zone_median,1
SAN COLOMBANO AL LAMBRO,MI,commercial,100000,140000,2025S2,zone_median,1
SAN DONATO MILANESE,MI,apartment,195000,270000,2025S2,zone_median,2
SAN DONATO MILANESE,MI,house,187500,275000,2025S2,zone_median,2
SAN DONATO MILANESE,MI,villa,187500,275000,2025S2,zone_median,2
SAN DONATO MILANESE,MI,commercial,145000,217500,2025S2,zone_median,2
SAN GIORGIO SU LEGNANO,MI,apartment,100000,150000,2025S2,zone_median,1
SAN GIORGIO SU LEGNANO,MI,house,115000,150000,2025S2,zone_median,1
SAN GIORGIO SU LEGNANO,MI,villa,115000,150000,2025S2,zone_median,1
SAN GIORGIO SU LEGNANO,MI,commercial,90000,145000,2025S2,zone_median,1
SAN GIULIANO MILANESE,MI,apartment,177500,237500,2025S2,zone_median,2
SAN GIULIANO MILANESE,MI,house,170000,227500,2025S2,zone_median,2
SAN GIULIANO MILANESE,MI,villa,170000,227500,2025S2,zone_median,2
SAN GIULIANO MILANESE,MI,commercial,85000,140000,2025S2,zone_median,2
SANTO STEFANO TICINO,MI,apartment,130000,165000,2025S2,zone_median,1
SANTO STEFANO TICINO,MI,house,120000,150000,2025S2,zone_median,1
SANTO STEFANO TICINO,MI,villa,120000,150000,2025S2,zone_median,1
SANTO STEFANO TICINO,MI,commercial,90000,140000,2025S2,zone_median,1
SAN VITTORE OLONA,MI,apartment,130000,175000,2025S2,zone_median,1
SAN VITTORE OLONA,MI,house,125000,160000,2025S2,zone_median,1
SAN VITTORE OLONA,MI,villa,125000,160000,2025S2,zone_median,1
SAN VITTORE OLONA,MI,commercial,95000,160000,2025S2,zone_median,1
SAN ZENONE AL LAMBRO,MI,apartment,115000,145000,2025S2,zone_median,2
SAN ZENONE AL LAMBRO,MI,house,115000,145000,2025S2,zone_median,2
SAN ZENONE AL LAMBRO,MI,villa,115000,145000,2025S2,zone_median,2
SAN ZENONE AL LAMBRO,MI,commercial,100000,132500,2025S2,zone_median,2
SEDRIANO,MI,apartment,120000,175000,2025S2,zone_median,1
SEDRIANO,MI,house,130000,175000,2025S2,zone_median,1
SEDRIANO,MI,villa,130000,175000,2025S2,zone_median,1
SEDRIANO,MI,commercial,80000,140000,2025S2,zone_median,1
SEGRATE,MI,apartment,240000,340000,2025S2,zone_median,5
SEGRATE,MI,house,197500,267500,2025S2,zone_median,4
SEGRATE,MI,villa,197500,267500,2025S2,zone_median,4
SEGRATE,MI,commercial,115000,165000,2025S2,zone_median,5
SENAGO,MI,apartment,120000,170000,2025S2,zone_median,2
SENAGO,MI,house,135000,167500,2025S2,zone_median,2
SENAGO,MI,villa,135000,167500,2025S2,zone_median,2
SENAGO,MI,commercial,110000,162500,2025S2,zone_median,2
SEREGNO,MI,apartment,182500,242500,2025S2,zone_median,2
SEREGNO,MI,house,147500,210000,2025S2,zone_median,2
SEREGNO,MI,villa,147500,210000,2025S2,zone_median,2
SEREGNO,MI,commercial,110000,177500,2025S2,zone_median,2
SESTO SAN GIOVANNI,MI,apartment,212500,280000,2025S2,zone_median,2
SESTO SAN GIOVANNI,MI,house,170000,235000,2025S2,zone_median,1
SESTO SAN GIOVANNI,MI,commercial,125000,200000,2025S2,zone_median,2
SESTO SAN GIOVANNI,MI,villa,170000,235000,2025S2,zone_median,1
SETTALA,MI,apartment,145000,175000,2025S2,zone_median,1
SETTALA,MI,house,155000,185000,2025S2,zone_median,1
SETTALA,MI,villa,155000,185000,2025S2,zone_median,1
SETTALA,MI,commercial,110000,145000,2025S2,zone_median,1
SETTIMO MILANESE,MI,apartment,232500,290000,2025S2,zone_median,2
SETTIMO MILANESE,MI,house,152500,207500,2025S2,zone_median,2
SETTIMO MILANESE,MI,villa,152500,207500,2025S2,zone_median,2
SETTIMO MILANESE,MI,commercial,120000,187500,2025S2,zone_median,2
SEVESO,MI,apartment,112500,162500,2025S2,zone_median,2
SEVESO,MI,house,125000,167500,2025S2,zone_median,2
SEVESO,MI,villa,125000,167500,2025S2,zone_median,2
SEVESO,MI,commercial,122500,155000,2025S2,zone_median,2
SOLARO,MI,apartment,140000,175000,2025S2,zone_median,2
SOLARO,MI,house,130000,165000,2025S2,zone_median,2
SOLARO,MI,villa,130000,165000,2025S2,zone_median,2
SOLARO,MI,commercial,97500,132500,2025S2,zone_median,2
SOVICO,MI,apartment,130000,175000,2025S2,zone_median,1
SOVICO,MI,house,135000,175000,2025S2,zone_median,1
SOVICO,MI,villa,135000,175000,2025S2,zone_median,1
SOVICO,MI,commercial,95000,140000,2025S2,zone_median,1
SULBIATE,MI,apartment,130000,155000,2025S2,zone_median,1
SULBIATE,MI,house,120000,150000,2025S2,zone_median,1
SULBIATE,MI,villa,120000,150000,2025S2,zone_median,1
SULBIATE,MI,commercial,110000,130000,2025S2,zone_median,1
TREZZANO ROSA,MI,apartment,135000,175000,2025S2,zone_median,1
TREZZANO ROSA,MI,house,140000,155000,2025S2,zone_median,1
TREZZANO ROSA,MI,villa,140000,155000,2025S2,zone_median,1
TREZZANO ROSA,MI,commercial,100000,135000,2025S2,zone_median,1
TREZZANO SUL NAVIGLIO,MI,apartment,145000,190000,2025S2,zone_median,2
TREZZANO SUL NAVIGLIO,MI,house,137500,170000,2025S2,zone_median,2
TREZZANO SUL NAVIGLIO,MI,villa,137500,170000,2025S2,zone_median,2
TREZZANO SUL NAVIGLIO,MI,commercial,107500,165000,2025S2,zone_median,2
TREZZO SULL`ADDA,MI,apartment,130000,170000,2025S2,zone_median,1
TREZZO SULL`ADDA,MI,house,130000,170000,2025S2,zone_median,1
TREZZO SULL`ADDA,MI,commercial,100000,160000,2025S2,zone_median,1
TRIBIANO,MI,apartment,155000,175000,2025S2,zone_median,1
TRIBIANO,MI,house,120000,165000,2025S2,zone_median,1
TRIBIANO,MI,villa,120000,165000,2025S2,zone_median,1
TRIBIANO,MI,commercial,95000,130000,2025S2,zone_median,1
TRIUGGIO,MI,apartment,117500,160000,2025S2,zone_median,2
TRIUGGIO,MI,house,120000,162500,2025S2,zone_median,2
TRIUGGIO,MI,villa,120000,162500,2025S2,zone_median,2
TRIUGGIO,MI,commercial,105000,132500,2025S2,zone_median,2
TRUCCAZZANO,MI,apartment,120000,155000,2025S2,zone_median,2
TRUCCAZZANO,MI,house,115000,145000,2025S2,zone_median,2
TRUCCAZZANO,MI,villa,115000,145000,2025S2,zone_median,2
TRUCCAZZANO,MI,commercial,100000,140000,2025S2,zone_median,2
TURBIGO,MI,apartment,80000,115000,2025S2,zone_median,1
TURBIGO,MI,house,90000,115000,2025S2,zone_median,1
TURBIGO,MI,villa,90000,115000,2025S2,zone_median,1
TURBIGO,MI,commercial,100000,135000,2025S2,zone_median,1
USMATE VELATE,MI,apartment,135000,185000,2025S2,zone_median,1
USMATE VELATE,MI,house,130000,170000,2025S2,zone_median,1
USMATE VELATE,MI,villa,130000,170000,2025S2,zone_median,1
USMATE VELATE,MI,commercial,90000,150000,2025S2,zone_median,1
VANZAGHELLO,MI,apartment,95000,135000,2025S2,zone_median,1
VANZAGHELLO,MI,house,110000,140000,2025S2,zone_median,1
VANZAGHELLO,MI,villa,110000,140000,2025S2,zone_median,1
VANZAGHELLO,MI,commercial,100000,150000,2025S2,zone_median,1
VANZAGO,MI,apartment,135000,165000,2025S2,zone_median,2
VANZAGO,MI,house,127500,157500,2025S2,zone_median,2
VANZAGO,MI,villa,127500,157500,2025S2,zone_median,2
VANZAGO,MI,commercial,97500,142500,2025S2,zone_median,2
VAPRIO D`ADDA,MI,apartment,125000,155000,2025S2,zone_median,1
VAPRIO D`ADDA,MI,house,110000,165000,2025S2,zone_median,1
VAPRIO D`ADDA,MI,villa,110000,165000,2025S2,zone_median,1
VAPRIO D`ADDA,MI,commercial,100000,130000,2025S2,zone_median,1
VAREDO,MI,apartment,140000,190000,2025S2,zone_median,2
VAREDO,MI,house,142500,182500,2025S2,zone_median,2
VAREDO,MI,villa,142500,182500,2025S2,zone_median,2
VAREDO,MI,commercial,102500,162500,2025S2,zone_median,2
VEDANO AL LAMBRO,MI,apartment,170000,220000,2025S2,zone_median,1
VEDANO AL LAMBRO,MI,house,140000,195000,2025S2,zone_median,1
VEDANO AL LAMBRO,MI,villa,140000,195000,2025S2,zone_median,1
VEDANO AL LAMBRO,MI,commercial,145000,175000,2025S2,zone_median,1
VEDUGGIO CON COLZANO,MI,apartment,95000,125000,2025S2,zone_median,1
VEDUGGIO CON COLZANO,MI,house,105000,140000,2025S2,zone_median,1
VEDUGGIO CON COLZANO,MI,villa,105000,140000,2025S2,zone_median,1
VEDUGGIO CON COLZANO,MI,commercial,105000,140000,2025S2,zone_median,1
VERANO BRIANZA,MI,apartment,147500,195000,2025S2,zone_median,2
VERANO BRIANZA,MI,house,162500,217500,2025S2,zone_median,2
VERANO BRIANZA,MI,villa,162500,217500,2025S2,zone_median,2
VERANO BRIANZA,MI,commercial,112500,150000,2025S2,zone_median,2
VERNATE,MI,apartment,137500,160000,2025S2,zone_median,4
VERNATE,MI,house,145000,170000,2025S2,zone_median,4
VERNATE,MI,villa,145000,170000,2025S2,zone_median,4
VERNATE,MI,commercial,90000,130000,2025S2,zone_median,4
VIGNATE,MI,apartment,215000,290000,2025S2,zone_median,1
VIGNATE,MI,house,190000,235000,2025S2,zone_median,1
VIGNATE,MI,villa,190000,235000,2025S2,zone_median,1
VIGNATE,MI,commercial,110000,155000,2025S2,zone_median,1
VILLA CORTESE,MI,apartment,155000,210000,2025S2,zone_median,1
VILLA CORTESE,MI,house,150000,195000,2025S2,zone_median,1
VILLA CORTESE,MI,villa,150000,195000,2025S2,zone_median,1
VILLA CORTESE,MI,commercial,85000,140000,2025S2,zone_median,1
VILLASANTA,MI,apartment,220000,277500,2025S2,zone_median,2
VILLASANTA,MI,house,192500,242500,2025S2,zone_median,2
VILLASANTA,MI,villa,192500,242500,2025S2,zone_median,2
VILLASANTA,MI,commercial,120000,165000,2025S2,zone_median,2
VIMERCATE,MI,apartment,245000,320000,2025S2,zone_median,3
VIMERCATE,MI,house,235000,250000,2025S2,zone_median,3
VIMERCATE,MI,villa,235000,250000,2025S2,zone_median,3
VIMERCATE,MI,commercial,175000,240000,2025S2,zone_median,3
VIMODRONE,MI,apartment,180000,242500,2025S2,zone_median,2
VIMODRONE,MI,house,150000,207500,2025S2,zone_median,2
VIMODRONE,MI,villa,150000,207500,2025S2,zone_median,2
VIMODRONE,MI,commercial,95000,150000,2025S2,zone_median,2
VITTUONE,MI,apartment,170000,220000,2025S2,zone_median,1
VITTUONE,MI,house,165000,200000,2025S2,zone_median,1
VITTUONE,MI,villa,165000,200000,2025S2,zone_median,1
VITTUONE,MI,commercial,100000,150000,2025S2,zone_median,1
VIZZOLO PREDABISSI,MI,apartment,155000,200000,2025S2,zone_median,1
VIZZOLO PREDABISSI,MI,house,165000,200000,2025S2,zone_median,1
VIZZOLO PREDABISSI,MI,villa,165000,200000,2025S2,zone_median,1
VIZZOLO PREDABISSI,MI,commercial,105000,155000,2025S2,zone_median,1
VERMEZZO CON ZELO,MI,apartment,120000,155000,2025S2,zone_median,1
VERMEZZO CON ZELO,MI,house,110000,165000,2025S2,zone_median,1
VERMEZZO CON ZELO,MI,villa,110000,165000,2025S2,zone_median,1
VERMEZZO CON ZELO,MI,commercial,95000,135000,2025S2,zone_median,1
ZIBIDO SAN GIACOMO,MI,apartment,195000,250000,2025S2,zone_median,1
ZIBIDO SAN GIACOMO,MI,house,180000,215000,2025S2,zone_median,1
ZIBIDO SAN GIACOMO,MI,villa,180000,215000,2025S2,zone_median,1
ZIBIDO SAN GIACOMO,MI,commercial,75000,110000,2025S2,zone_median,1
MANTOVA,MN,apartment,90000,120000,2025S2,zone_median,13
MANTOVA,MN,house,100000,120000,2025S2,zone_median,11
MANTOVA,MN,commercial,70000,110000,2025S2,zone_median,11
MANTOVA,MN,villa,100000,120000,2025S2,zone_median,11
ACQUANEGRA SUL CHIESE,MN,apartment,50000,70000,2025S2,zone_median,3
ACQUANEGRA SUL CHIESE,MN,house,60000,90000,2025S2,zone_median,1
ACQUANEGRA SUL CHIESE,MN,villa,60000,90000,2025S2,zone_median,1
ACQUANEGRA SUL CHIESE,MN,commercial,50000,85000,2025S2,zone_median,1
ASOLA,MN,apartment,55000,75000,2025S2,zone_median,3
ASOLA,MN,house,77500,115000,2025S2,zone_median,2
ASOLA,MN,villa,77500,115000,2025S2,zone_median,2
ASOLA,MN,commercial,60000,95000,2025S2,zone_median,1
BAGNOLO SAN VITO,MN,apartment,60000,85000,2025S2,zone_median,2
BAGNOLO SAN VITO,MN,house,75000,115000,2025S2,zone_median,1
BAGNOLO SAN VITO,MN,villa,75000,115000,2025S2,zone_median,1
BAGNOLO SAN VITO,MN,commercial,60000,100000,2025S2,zone_median,1
MOTTEGGIANA,MN,apartment,55000,70000,2025S2,zone_median,3
MOTTEGGIANA,MN,house,62500,90000,2025S2,zone_median,2
MOTTEGGIANA,MN,villa,62500,90000,2025S2,zone_median,2
MOTTEGGIANA,MN,commercial,50000,80000,2025S2,zone_median,1
BOZZOLO,MN,apartment,60000,80000,2025S2,zone_median,3
BOZZOLO,MN,house,70000,100000,2025S2,zone_median,1
BOZZOLO,MN,commercial,55000,87500,2025S2,zone_median,2
BOZZOLO,MN,villa,70000,100000,2025S2,zone_median,1
CANNETO SULL`OGLIO,MN,apartment,50000,70000,2025S2,zone_median,2
CANNETO SULL`OGLIO,MN,house,65000,95000,2025S2,zone_median,1
CANNETO SULL`OGLIO,MN,villa,65000,95000,2025S2,zone_median,1
CANNETO SULL`OGLIO,MN,commercial,50000,85000,2025S2,zone_median,1
CASALMORO,MN,apartment,50000,67500,2025S2,zone_median,2
CASALMORO,MN,house,70000,100000,2025S2,zone_median,1
CASALMORO,MN,villa,70000,100000,2025S2,zone_median,1
CASALMORO,MN,commercial,50000,85000,2025S2,zone_median,1
CASALOLDO,MN,apartment,50000,70000,2025S2,zone_median,2
CASALOLDO,MN,house,70000,105000,2025S2,zone_median,1
CASALOLDO,MN,villa,70000,105000,2025S2,zone_median,1
CASALOLDO,MN,commercial,55000,85000,2025S2,zone_median,1
CASALROMANO,MN,apartment,50000,70000,2025S2,zone_median,3
CASALROMANO,MN,house,65000,95000,2025S2,zone_median,1
CASALROMANO,MN,villa,65000,95000,2025S2,zone_median,1
CASALROMANO,MN,commercial,50000,85000,2025S2,zone_median,1
CASTELBELFORTE,MN,apartment,50000,70000,2025S2,zone_median,2
CASTELBELFORTE,MN,house,70000,105000,2025S2,zone_median,1
CASTELBELFORTE,MN,villa,70000,105000,2025S2,zone_median,1
CASTELBELFORTE,MN,commercial,60000,90000,2025S2,zone_median,1
CASTEL D`ARIO,MN,apartment,50000,70000,2025S2,zone_median,2
CASTEL D`ARIO,MN,house,70000,105000,2025S2,zone_median,1
CASTEL D`ARIO,MN,villa,70000,105000,2025S2,zone_median,1
CASTEL D`ARIO,MN,commercial,60000,90000,2025S2,zone_median,1
CASTEL GOFFREDO,MN,apartment,72500,95000,2025S2,zone_median,2
CASTEL GOFFREDO,MN,house,100000,140000,2025S2,zone_median,1
CASTEL GOFFREDO,MN,villa,100000,140000,2025S2,zone_median,1
CASTEL GOFFREDO,MN,commercial,60000,90000,2025S2,zone_median,1
CASTELLUCCHIO,MN,apartment,50000,67500,2025S2,zone_median,4
CASTELLUCCHIO,MN,house,75000,110000,2025S2,zone_median,1
CASTELLUCCHIO,MN,villa,75000,110000,2025S2,zone_median,1
CASTELLUCCHIO,MN,commercial,50000,70000,2025S2,zone_median,3
CASTIGLIONE D STIVIERE,MN,apartment,90000,122500,2025S2,zone_median,6
CASTIGLIONE D STIVIERE,MN,house,95000,125000,2025S2,zone_median,6
CASTIGLIONE D STIVIERE,MN,villa,95000,125000,2025S2,zone_median,6
CASTIGLIONE D STIVIERE,MN,commercial,72500,125000,2025S2,zone_median,2
CAVRIANA,MN,apartment,65000,100000,2025S2,zone_median,3
CAVRIANA,MN,house,80000,117500,2025S2,zone_median,2
CAVRIANA,MN,villa,80000,117500,2025S2,zone_median,2
CAVRIANA,MN,commercial,65000,95000,2025S2,zone_median,1
CERESARA,MN,apartment,50000,70000,2025S2,zone_median,2
CERESARA,MN,house,70000,105000,2025S2,zone_median,1
CERESARA,MN,villa,70000,105000,2025S2,zone_median,1
CERESARA,MN,commercial,50000,85000,2025S2,zone_median,1
COMMESSAGGIO,MN,apartment,45000,62500,2025S2,zone_median,2
COMMESSAGGIO,MN,house,55000,85000,2025S2,zone_median,1
COMMESSAGGIO,MN,villa,55000,85000,2025S2,zone_median,1
COMMESSAGGIO,MN,commercial,50000,80000,2025S2,zone_median,1
CURTATONE,MN,apartment,72500,97500,2025S2,zone_median,4
CURTATONE,MN,house,85000,115000,2025S2,zone_median,4
CURTATONE,MN,villa,85000,115000,2025S2,zone_median,4
CURTATONE,MN,commercial,70000,105000,2025S2,zone_median,3
DOSOLO,MN,apartment,55000,70000,2025S2,zone_median,4
DOSOLO,MN,house,60000,90000,2025S2,zone_median,3
DOSOLO,MN,villa,60000,90000,2025S2,zone_median,3
DOSOLO,MN,commercial,55000,85000,2025S2,zone_median,1
GAZOLDO DEGLI IPPOLITI,MN,apartment,52500,75000,2025S2,zone_median,2
GAZOLDO DEGLI IPPOLITI,MN,house,70000,105000,2025S2,zone_median,1
GAZOLDO DEGLI IPPOLITI,MN,villa,70000,105000,2025S2,zone_median,1
GAZOLDO DEGLI IPPOLITI,MN,commercial,55000,90000,2025S2,zone_median,1
GAZZUOLO,MN,apartment,50000,70000,2025S2,zone_median,3
GAZZUOLO,MN,house,55000,82500,2025S2,zone_median,2
GAZZUOLO,MN,villa,55000,82500,2025S2,zone_median,2
GAZZUOLO,MN,commercial,50000,85000,2025S2,zone_median,2
GOITO,MN,apartment,60000,80000,2025S2,zone_median,3
GOITO,MN,house,70000,100000,2025S2,zone_median,2
GOITO,MN,villa,70000,100000,2025S2,zone_median,2
GOITO,MN,commercial,65000,100000,2025S2,zone_median,1
GONZAGA,MN,apartment,55000,77500,2025S2,zone_median,4
GONZAGA,MN,house,75000,105000,2025S2,zone_median,3
GONZAGA,MN,villa,75000,105000,2025S2,zone_median,3
GONZAGA,MN,commercial,57500,87500,2025S2,zone_median,2
GUIDIZZOLO,MN,apartment,57500,82500,2025S2,zone_median,2
GUIDIZZOLO,MN,house,75000,115000,2025S2,zone_median,1
GUIDIZZOLO,MN,villa,75000,115000,2025S2,zone_median,1
GUIDIZZOLO,MN,commercial,60000,90000,2025S2,zone_median,1
MAGNACAVALLO,MN,apartment,40000,55000,2025S2,zone_median,2
MAGNACAVALLO,MN,house,50000,75000,2025S2,zone_median,1
MAGNACAVALLO,MN,villa,50000,75000,2025S2,zone_median,1
MAGNACAVALLO,MN,commercial,45000,70000,2025S2,zone_median,1
MARCARIA,MN,apartment,50000,62500,2025S2,zone_median,8
MARCARIA,MN,house,67500,97500,2025S2,zone_median,2
MARCARIA,MN,villa,67500,97500,2025S2,zone_median,2
MARCARIA,MN,commercial,50000,70000,2025S2,zone_median,7
MARIANA MANTOVANA,MN,apartment,45000,62500,2025S2,zone_median,2
MARIANA MANTOVANA,MN,house,55000,90000,2025S2,zone_median,1
MARIANA MANTOVANA,MN,villa,55000,90000,2025S2,zone_median,1
MARIANA MANTOVANA,MN,commercial,45000,70000,2025S2,zone_median,1
MARMIROLO,MN,apartment,62500,82500,2025S2,zone_median,4
MARMIROLO,MN,house,80000,115000,2025S2,zone_median,3
MARMIROLO,MN,villa,80000,115000,2025S2,zone_median,3
MARMIROLO,MN,commercial,62500,92500,2025S2,zone_median,2
MEDOLE,MN,apartment,55000,77500,2025S2,zone_median,2
MEDOLE,MN,house,75000,110000,2025S2,zone_median,1
MEDOLE,MN,villa,75000,110000,2025S2,zone_median,1
MEDOLE,MN,commercial,60000,90000,2025S2,zone_median,1
MOGLIA,MN,apartment,50000,75000,2025S2,zone_median,3
MOGLIA,MN,house,72500,100000,2025S2,zone_median,2
MOGLIA,MN,villa,72500,100000,2025S2,zone_median,2
MOGLIA,MN,commercial,55000,90000,2025S2,zone_median,1
MONZAMBANO,MN,apartment,80000,120000,2025S2,zone_median,3
MONZAMBANO,MN,house,82500,122500,2025S2,zone_median,2
MONZAMBANO,MN,villa,82500,122500,2025S2,zone_median,2
MONZAMBANO,MN,commercial,65000,95000,2025S2,zone_median,1
OSTIGLIA,MN,apartment,45000,65000,2025S2,zone_median,3
OSTIGLIA,MN,house,62500,92500,2025S2,zone_median,2
OSTIGLIA,MN,villa,62500,92500,2025S2,zone_median,2
OSTIGLIA,MN,commercial,50000,75000,2025S2,zone_median,1
PEGOGNAGA,MN,apartment,55000,75000,2025S2,zone_median,3
PEGOGNAGA,MN,house,72500,105000,2025S2,zone_median,2
PEGOGNAGA,MN,villa,72500,105000,2025S2,zone_median,2
PEGOGNAGA,MN,commercial,60000,90000,2025S2,zone_median,1
PIUBEGA,MN,apartment,50000,70000,2025S2,zone_median,3
PIUBEGA,MN,house,55000,85000,2025S2,zone_median,2
PIUBEGA,MN,villa,55000,85000,2025S2,zone_median,2
PIUBEGA,MN,commercial,50000,85000,2025S2,zone_median,1
POGGIO RUSCO,MN,apartment,40000,55000,2025S2,zone_median,3
POGGIO RUSCO,MN,house,85000,125000,2025S2,zone_median,1
POGGIO RUSCO,MN,villa,85000,125000,2025S2,zone_median,1
POGGIO RUSCO,MN,commercial,60000,100000,2025S2,zone_median,1
POMPONESCO,MN,apartment,47500,65000,2025S2,zone_median,2
POMPONESCO,MN,house,65000,100000,2025S2,zone_median,1
POMPONESCO,MN,villa,65000,100000,2025S2,zone_median,1
POMPONESCO,MN,commercial,55000,85000,2025S2,zone_median,1
PONTI SUL MINCIO,MN,apartment,90000,135000,2025S2,zone_median,2
PONTI SUL MINCIO,MN,house,95000,137500,2025S2,zone_median,2
PONTI SUL MINCIO,MN,villa,95000,137500,2025S2,zone_median,2
PONTI SUL MINCIO,MN,commercial,65000,100000,2025S2,zone_median,1
PORTO MANTOVANO,MN,apartment,50000,65000,2025S2,zone_median,5
PORTO MANTOVANO,MN,house,60000,75000,2025S2,zone_median,5
PORTO MANTOVANO,MN,villa,60000,75000,2025S2,zone_median,5
PORTO MANTOVANO,MN,commercial,62500,95000,2025S2,zone_median,2
QUINGENTOLE,MN,apartment,40000,60000,2025S2,zone_median,2
QUINGENTOLE,MN,house,60000,85000,2025S2,zone_median,1
QUINGENTOLE,MN,villa,60000,85000,2025S2,zone_median,1
QUINGENTOLE,MN,commercial,45000,70000,2025S2,zone_median,1
QUISTELLO,MN,apartment,52500,75000,2025S2,zone_median,2
QUISTELLO,MN,house,70000,105000,2025S2,zone_median,1
QUISTELLO,MN,villa,70000,105000,2025S2,zone_median,1
QUISTELLO,MN,commercial,60000,90000,2025S2,zone_median,1
REDONDESCO,MN,apartment,45000,62500,2025S2,zone_median,2
REDONDESCO,MN,house,55000,90000,2025S2,zone_median,1
REDONDESCO,MN,villa,55000,90000,2025S2,zone_median,1
REDONDESCO,MN,commercial,45000,70000,2025S2,zone_median,1
RIVAROLO MANTOVANO,MN,apartment,55000,75000,2025S2,zone_median,3
RIVAROLO MANTOVANO,MN,house,60000,95000,2025S2,zone_median,1
RIVAROLO MANTOVANO,MN,commercial,50000,80000,2025S2,zone_median,1
RIVAROLO MANTOVANO,MN,villa,60000,95000,2025S2,zone_median,1
RODIGO,MN,apartment,60000,80000,2025S2,zone_median,3
RODIGO,MN,house,67500,105000,2025S2,zone_median,2
RODIGO,MN,villa,67500,105000,2025S2,zone_median,2
RODIGO,MN,commercial,55000,87500,2025S2,zone_median,2
RONCOFERRARO,MN,apartment,55000,75000,2025S2,zone_median,8
RONCOFERRARO,MN,house,60000,95000,2025S2,zone_median,7
RONCOFERRARO,MN,villa,60000,95000,2025S2,zone_median,7
RONCOFERRARO,MN,commercial,50000,80000,2025S2,zone_median,5
ROVERBELLA,MN,apartment,50000,75000,2025S2,zone_median,4
ROVERBELLA,MN,house,60000,95000,2025S2,zone_median,3
ROVERBELLA,MN,villa,60000,95000,2025S2,zone_median,3
ROVERBELLA,MN,commercial,60000,85000,2025S2,zone_median,3
SABBIONETA,MN,apartment,60000,87500,2025S2,zone_median,4
SABBIONETA,MN,house,70000,105000,2025S2,zone_median,2
SABBIONETA,MN,commercial,60000,110000,2025S2,zone_median,1
SABBIONETA,MN,villa,70000,105000,2025S2,zone_median,2
SAN BENEDETTO PO,MN,apartment,62500,92500,2025S2,zone_median,4
SAN BENEDETTO PO,MN,house,70000,105000,2025S2,zone_median,3
SAN BENEDETTO PO,MN,villa,70000,105000,2025S2,zone_median,3
SAN BENEDETTO PO,MN,commercial,60000,90000,2025S2,zone_median,1
SAN GIACOMO D SEGNATE,MN,apartment,40000,57500,2025S2,zone_median,2
SAN GIACOMO D SEGNATE,MN,house,60000,90000,2025S2,zone_median,1
SAN GIACOMO D SEGNATE,MN,villa,60000,90000,2025S2,zone_median,1
SAN GIACOMO D SEGNATE,MN,commercial,45000,70000,2025S2,zone_median,1
SAN GIORGIO DI MANTOVA,MN,apartment,100000,125000,2025S2,zone_median,5
SAN GIORGIO DI MANTOVA,MN,house,72500,102500,2025S2,zone_median,4
SAN GIORGIO DI MANTOVA,MN,villa,72500,102500,2025S2,zone_median,4
SAN GIORGIO DI MANTOVA,MN,commercial,60000,90000,2025S2,zone_median,3
SAN GIOVANNI DEL DOSSO,MN,apartment,40000,57500,2025S2,zone_median,2
SAN GIOVANNI DEL DOSSO,MN,house,60000,90000,2025S2,zone_median,1
SAN GIOVANNI DEL DOSSO,MN,villa,60000,90000,2025S2,zone_median,1
SAN GIOVANNI DEL DOSSO,MN,commercial,45000,70000,2025S2,zone_median,1
SAN MARTINO DALL`ARGINE,MN,apartment,45000,67500,2025S2,zone_median,2
SAN MARTINO DALL`ARGINE,MN,house,60000,90000,2025S2,zone_median,1
SAN MARTINO DALL`ARGINE,MN,villa,60000,90000,2025S2,zone_median,1
SAN MARTINO DALL`ARGINE,MN,commercial,55000,85000,2025S2,zone_median,1
SCHIVENOGLIA,MN,apartment,40000,57500,2025S2,zone_median,2
SCHIVENOGLIA,MN,house,60000,90000,2025S2,zone_median,1
SCHIVENOGLIA,MN,villa,60000,90000,2025S2,zone_median,1
SCHIVENOGLIA,MN,commercial,45000,70000,2025S2,zone_median,1
SERMIDE,MN,apartment,42500,60000,2025S2,zone_median,4
SERMIDE,MN,house,50000,75000,2025S2,zone_median,3
SERMIDE,MN,villa,50000,75000,2025S2,zone_median,3
SERMIDE,MN,commercial,47500,82500,2025S2,zone_median,2
SERRAVALLE A PO,MN,apartment,45000,65000,2025S2,zone_median,3
SERRAVALLE A PO,MN,house,55000,85000,2025S2,zone_median,2
SERRAVALLE A PO,MN,villa,55000,85000,2025S2,zone_median,2
SERRAVALLE A PO,MN,commercial,45000,70000,2025S2,zone_median,2
SOLFERINO,MN,apartment,70000,100000,2025S2,zone_median,3
SOLFERINO,MN,house,77500,115000,2025S2,zone_median,2
SOLFERINO,MN,villa,77500,115000,2025S2,zone_median,2
SOLFERINO,MN,commercial,65000,95000,2025S2,zone_median,1
SUSTINENTE,MN,apartment,45000,60000,2025S2,zone_median,2
SUSTINENTE,MN,house,60000,90000,2025S2,zone_median,1
SUSTINENTE,MN,villa,60000,90000,2025S2,zone_median,1
SUSTINENTE,MN,commercial,45000,70000,2025S2,zone_median,1
SUZZARA,MN,apartment,60000,82500,2025S2,zone_median,6
SUZZARA,MN,house,70000,105000,2025S2,zone_median,5
SUZZARA,MN,villa,70000,105000,2025S2,zone_median,5
SUZZARA,MN,commercial,45000,67500,2025S2,zone_median,4
VIADANA,MN,apartment,85000,115000,2025S2,zone_median,3
VIADANA,MN,house,90000,120000,2025S2,zone_median,3
VIADANA,MN,villa,90000,120000,2025S2,zone_median,3
VIADANA,MN,commercial,60000,115000,2025S2,zone_median,2
VILLIMPENTA,MN,apartment,47500,70000,2025S2,zone_median,2
VILLIMPENTA,MN,house,65000,100000,2025S2,zone_median,1
VILLIMPENTA,MN,villa,65000,100000,2025S2,zone_median,1
VILLIMPENTA,MN,commercial,55000,85000,2025S2,zone_median,1
VOLTA MANTOVANA,MN,apartment,65000,100000,2025S2,zone_median,3
VOLTA MANTOVANA,MN,house,75000,105000,2025S2,zone_median,3
VOLTA MANTOVANA,MN,villa,75000,105000,2025S2,zone_median,3
VOLTA MANTOVANA,MN,commercial,65000,95000,2025S2,zone_median,2
BORGO VIRGILIO,MN,apartment,57500,80000,2025S2,zone_median,4
BORGO VIRGILIO,MN,house,62500,92500,2025S2,zone_median,4
BORGO VIRGILIO,MN,villa,62500,92500,2025S2,zone_median,4
BORGO VIRGILIO,MN,commercial,65000,100000,2025S2,zone_median,2
BORGO MANTOVANO,MN,apartment,55000,80000,2025S2,zone_median,5
BORGO MANTOVANO,MN,house,62500,97500,2025S2,zone_median,4
BORGO MANTOVANO,MN,villa,62500,97500,2025S2,zone_median,4
BORGO MANTOVANO,MN,commercial,45000,70000,2025S2,zone_median,3
BORGOCARBONARA,MN,apartment,40000,60000,2025S2,zone_median,3
BORGOCARBONARA,MN,house,50000,75000,2025S2,zone_median,2
BORGOCARBONARA,MN,villa,50000,75000,2025S2,zone_median,2
BORGOCARBONARA,MN,commercial,45000,70000,2025S2,zone_median,2
PAVIA,PV,apartment,150000,195000,2025S2,zone_median,7
PAVIA,PV,house,160000,180000,2025S2,zone_median,6
PAVIA,PV,commercial,92000,127500,2025S2,zone_median,6
PAVIA,PV,villa,160000,180000,2025S2,zone_median,6
ALAGNA,PV,apartment,78000,88000,2025S2,zone_median,1
ALAGNA,PV,house,76000,86000,2025S2,zone_median,1
ALAGNA,PV,villa,76000,86000,2025S2,zone_median,1
ALBONESE,PV,apartment,78000,88000,2025S2,zone_median,1
ALBONESE,PV,house,76000,86000,2025S2,zone_median,1
ALBONESE,PV,villa,76000,86000,2025S2,zone_median,1
ALBUZZANO,PV,apartment,85000,97000,2025S2,zone_median,1
ALBUZZANO,PV,house,84000,99000,2025S2,zone_median,2
ALBUZZANO,PV,villa,84000,99000,2025S2,zone_median,2
ALBUZZANO,PV,commercial,66000,73000,2025S2,zone_median,1
ARENA PO,PV,apartment,82000,110000,2025S2,zone_median,1
ARENA PO,PV,house,77000,87000,2025S2,zone_median,1
ARENA PO,PV,villa,77000,87000,2025S2,zone_median,1
BADIA PAVESE,PV,apartment,79000,93000,2025S2,zone_median,1
BADIA PAVESE,PV,house,77000,87000,2025S2,zone_median,1
BADIA PAVESE,PV,villa,77000,87000,2025S2,zone_median,1
BAGNARIA,PV,apartment,73000,77000,2025S2,zone_median,1
BAGNARIA,PV,house,77000,87000,2025S2,zone_median,1
BAGNARIA,PV,commercial,71000,85000,2025S2,zone_median,1
BAGNARIA,PV,villa,77000,87000,2025S2,zone_median,1
BARBIANELLO,PV,apartment,77000,91000,2025S2,zone_median,1
BARBIANELLO,PV,house,77000,87000,2025S2,zone_median,1
BARBIANELLO,PV,villa,77000,87000,2025S2,zone_median,1
BASCAPE,PV,apartment,80000,96000,2025S2,zone_median,1
BASCAPE,PV,house,77000,87000,2025S2,zone_median,1
BASCAPE,PV,commercial,87000,120000,2025S2,zone_median,1
BASCAPE,PV,villa,77000,87000,2025S2,zone_median,1
BASTIDA PANCARANA,PV,apartment,75000,82000,2025S2,zone_median,1
BASTIDA PANCARANA,PV,house,77000,87000,2025S2,zone_median,1
BASTIDA PANCARANA,PV,villa,77000,87000,2025S2,zone_median,1
BATTUDA,PV,apartment,90000,99000,2025S2,zone_median,1
BATTUDA,PV,house,78000,88000,2025S2,zone_median,1
BATTUDA,PV,commercial,87000,110000,2025S2,zone_median,1
BATTUDA,PV,villa,78000,88000,2025S2,zone_median,1
BELGIOIOSO,PV,apartment,96000,125000,2025S2,zone_median,1
BELGIOIOSO,PV,house,77000,87000,2025S2,zone_median,1
BELGIOIOSO,PV,commercial,110000,120000,2025S2,zone_median,1
BELGIOIOSO,PV,villa,77000,87000,2025S2,zone_median,1
BEREGUARDO,PV,apartment,100000,120000,2025S2,zone_median,1
BEREGUARDO,PV,house,99500,114500,2025S2,zone_median,2
BEREGUARDO,PV,villa,99500,114500,2025S2,zone_median,2
BEREGUARDO,PV,commercial,89000,120000,2025S2,zone_median,1
BORGARELLO,PV,apartment,100000,120000,2025S2,zone_median,1
BORGARELLO,PV,house,96500,114000,2025S2,zone_median,2
BORGARELLO,PV,villa,96500,114000,2025S2,zone_median,2
BORGARELLO,PV,commercial,100000,130000,2025S2,zone_median,1
SUARDI,PV,apartment,73000,78000,2025S2,zone_median,1
SUARDI,PV,house,76000,86000,2025S2,zone_median,1
SUARDI,PV,villa,76000,86000,2025S2,zone_median,1
BORGO PRIOLO,PV,apartment,77000,96000,2025S2,zone_median,2
BORGO PRIOLO,PV,house,77000,87000,2025S2,zone_median,1
BORGO PRIOLO,PV,villa,77000,87000,2025S2,zone_median,1
BORGORATTO MORMOROLO,PV,apartment,73000,82000,2025S2,zone_median,1
BORGORATTO MORMOROLO,PV,house,77000,87000,2025S2,zone_median,1
BORGORATTO MORMOROLO,PV,villa,77000,87000,2025S2,zone_median,1
BORGO SAN SIRO,PV,apartment,78000,88000,2025S2,zone_median,2
BORGO SAN SIRO,PV,house,76000,86000,2025S2,zone_median,1
BORGO SAN SIRO,PV,commercial,73000,87000,2025S2,zone_median,1
BORGO SAN SIRO,PV,villa,76000,86000,2025S2,zone_median,1
BORNASCO,PV,apartment,89000,110000,2025S2,zone_median,2
BORNASCO,PV,house,77000,87000,2025S2,zone_median,1
BORNASCO,PV,commercial,77500,94500,2025S2,zone_median,2
BORNASCO,PV,villa,77000,87000,2025S2,zone_median,1
BOSNASCO,PV,apartment,82000,91000,2025S2,zone_median,1
BOSNASCO,PV,house,77000,87000,2025S2,zone_median,1
BOSNASCO,PV,villa,77000,87000,2025S2,zone_median,1
BRALLO DI PREGOLA,PV,apartment,75000,82000,2025S2,zone_median,1
BRALLO DI PREGOLA,PV,house,77000,87000,2025S2,zone_median,1
BRALLO DI PREGOLA,PV,villa,77000,87000,2025S2,zone_median,1
BREME,PV,apartment,73000,78000,2025S2,zone_median,1
BREME,PV,house,76000,86000,2025S2,zone_median,1
BREME,PV,villa,76000,86000,2025S2,zone_median,1
BRESSANA BOTTARONE,PV,apartment,79000,89000,2025S2,zone_median,1
BRESSANA BOTTARONE,PV,house,78500,91000,2025S2,zone_median,2
BRESSANA BOTTARONE,PV,villa,78500,91000,2025S2,zone_median,2
BRESSANA BOTTARONE,PV,commercial,98000,120000,2025S2,zone_median,1
BRONI,PV,apartment,99000,120000,2025S2,zone_median,1
BRONI,PV,house,77000,87000,2025S2,zone_median,1
BRONI,PV,commercial,110000,130000,2025S2,zone_median,1
BRONI,PV,villa,77000,87000,2025S2,zone_median,1
LUNGAVILLA,PV,apartment,82000,94000,2025S2,zone_median,1
LUNGAVILLA,PV,house,77000,87000,2025S2,zone_median,1
LUNGAVILLA,PV,villa,77000,87000,2025S2,zone_median,1
CALVIGNANO,PV,apartment,75000,82000,2025S2,zone_median,1
CALVIGNANO,PV,house,77000,87000,2025S2,zone_median,1
CALVIGNANO,PV,villa,77000,87000,2025S2,zone_median,1
CAMPOSPINOSO,PV,apartment,73000,77000,2025S2,zone_median,1
CAMPOSPINOSO,PV,house,77000,87000,2025S2,zone_median,1
CAMPOSPINOSO,PV,villa,77000,87000,2025S2,zone_median,1
CANDIA LOMELLINA,PV,apartment,78000,88000,2025S2,zone_median,1
CANDIA LOMELLINA,PV,house,76000,86000,2025S2,zone_median,1
CANDIA LOMELLINA,PV,commercial,69000,83000,2025S2,zone_median,1
CANDIA LOMELLINA,PV,villa,76000,86000,2025S2,zone_median,1
CANNETO PAVESE,PV,apartment,75000,82000,2025S2,zone_median,1
CANNETO PAVESE,PV,house,77000,87000,2025S2,zone_median,1
CANNETO PAVESE,PV,villa,77000,87000,2025S2,zone_median,1
CARBONARA AL TICINO,PV,apartment,86000,98000,2025S2,zone_median,1
CARBONARA AL TICINO,PV,house,79000,89000,2025S2,zone_median,1
CARBONARA AL TICINO,PV,commercial,73000,79000,2025S2,zone_median,1
CARBONARA AL TICINO,PV,villa,79000,89000,2025S2,zone_median,1
CURA CARPIGNANO,PV,apartment,110000,140000,2025S2,zone_median,1
CURA CARPIGNANO,PV,house,84000,103500,2025S2,zone_median,2
CURA CARPIGNANO,PV,villa,84000,103500,2025S2,zone_median,2
CURA CARPIGNANO,PV,commercial,94000,110000,2025S2,zone_median,1
CASANOVA LONATI,PV,apartment,73000,77000,2025S2,zone_median,1
CASANOVA LONATI,PV,house,77000,87000,2025S2,zone_median,1
CASANOVA LONATI,PV,villa,77000,87000,2025S2,zone_median,1
CASATISMA,PV,apartment,75000,82000,2025S2,zone_median,1
CASATISMA,PV,house,77000,87000,2025S2,zone_median,1
CASATISMA,PV,villa,77000,87000,2025S2,zone_median,1
CASEI GEROLA,PV,apartment,84000,91000,2025S2,zone_median,1
CASEI GEROLA,PV,house,77000,87000,2025S2,zone_median,1
CASEI GEROLA,PV,commercial,79000,98000,2025S2,zone_median,1
CASEI GEROLA,PV,villa,77000,87000,2025S2,zone_median,1
CASORATE PRIMO,PV,apartment,130000,150000,2025S2,zone_median,1
CASORATE PRIMO,PV,house,78000,88000,2025S2,zone_median,1
CASORATE PRIMO,PV,commercial,110000,145000,2025S2,zone_median,1
CASORATE PRIMO,PV,villa,78000,88000,2025S2,zone_median,1
CASSOLNOVO,PV,apartment,78000,93000,2025S2,zone_median,1
CASSOLNOVO,PV,house,77000,92500,2025S2,zone_median,2
CASSOLNOVO,PV,villa,77000,92500,2025S2,zone_median,2
CASSOLNOVO,PV,commercial,120000,130000,2025S2,zone_median,1
CASTANA,PV,apartment,75000,82000,2025S2,zone_median,1
CASTANA,PV,house,77000,87000,2025S2,zone_median,1
CASTANA,PV,villa,77000,87000,2025S2,zone_median,1
CASTEGGIO,PV,apartment,91000,110000,2025S2,zone_median,1
CASTEGGIO,PV,house,76000,86000,2025S2,zone_median,1
CASTEGGIO,PV,commercial,98000,130000,2025S2,zone_median,1
CASTEGGIO,PV,villa,76000,86000,2025S2,zone_median,1
CASTELLETTO BRANDUZZO,PV,apartment,75000,82000,2025S2,zone_median,1
CASTELLETTO BRANDUZZO,PV,house,77000,87000,2025S2,zone_median,1
CASTELLETTO BRANDUZZO,PV,villa,77000,87000,2025S2,zone_median,1
CASTELLO D`AGOGNA,PV,apartment,73000,78000,2025S2,zone_median,1
CASTELLO D`AGOGNA,PV,house,76000,86000,2025S2,zone_median,1
CASTELLO D`AGOGNA,PV,villa,76000,86000,2025S2,zone_median,1
CASTELNOVETTO,PV,apartment,73000,78000,2025S2,zone_median,1
CASTELNOVETTO,PV,house,76000,86000,2025S2,zone_median,1
CASTELNOVETTO,PV,villa,76000,86000,2025S2,zone_median,1
CAVA MANARA,PV,apartment,100500,127500,2025S2,zone_median,2
CAVA MANARA,PV,house,96000,125000,2025S2,zone_median,3
CAVA MANARA,PV,villa,96000,125000,2025S2,zone_median,3
CAVA MANARA,PV,commercial,82000,120000,2025S2,zone_median,2
CECIMA,PV,apartment,73000,87000,2025S2,zone_median,1
CECIMA,PV,house,77000,87000,2025S2,zone_median,1
CECIMA,PV,commercial,68000,85000,2025S2,zone_median,1
CECIMA,PV,villa,77000,87000,2025S2,zone_median,1
CERANOVA,PV,apartment,79000,93000,2025S2,zone_median,1
CERANOVA,PV,house,77000,87000,2025S2,zone_median,1
CERANOVA,PV,commercial,73000,83000,2025S2,zone_median,1
CERANOVA,PV,villa,77000,87000,2025S2,zone_median,1
CERETTO LOMELLINA,PV,apartment,73000,78000,2025S2,zone_median,1
CERETTO LOMELLINA,PV,house,76000,86000,2025S2,zone_median,1
CERETTO LOMELLINA,PV,villa,76000,86000,2025S2,zone_median,1
CERGNAGO,PV,apartment,73000,78000,2025S2,zone_median,1
CERGNAGO,PV,house,76000,86000,2025S2,zone_median,1
CERGNAGO,PV,villa,76000,86000,2025S2,zone_median,1
CERTOSA DI PAVIA,PV,apartment,100000,140000,2025S2,zone_median,1
CERTOSA DI PAVIA,PV,house,88500,96500,2025S2,zone_median,2
CERTOSA DI PAVIA,PV,villa,88500,96500,2025S2,zone_median,2
CERTOSA DI PAVIA,PV,commercial,100000,130000,2025S2,zone_median,1
CERVESINA,PV,apartment,77000,87000,2025S2,zone_median,1
CERVESINA,PV,house,77000,87000,2025S2,zone_median,1
CERVESINA,PV,villa,77000,87000,2025S2,zone_median,1
CHIGNOLO PO,PV,apartment,110000,120000,2025S2,zone_median,1
CHIGNOLO PO,PV,house,77000,87000,2025S2,zone_median,1
CHIGNOLO PO,PV,commercial,98000,120000,2025S2,zone_median,1
CHIGNOLO PO,PV,villa,77000,87000,2025S2,zone_median,1
CIGOGNOLA,PV,apartment,82000,96000,2025S2,zone_median,1
CIGOGNOLA,PV,house,77000,87000,2025S2,zone_median,1
CIGOGNOLA,PV,villa,77000,87000,2025S2,zone_median,1
CILAVEGNA,PV,apartment,84000,98000,2025S2,zone_median,1
CILAVEGNA,PV,house,76000,86000,2025S2,zone_median,1
CILAVEGNA,PV,commercial,98000,110000,2025S2,zone_median,1
CILAVEGNA,PV,villa,76000,86000,2025S2,zone_median,1
CODEVILLA,PV,apartment,71000,80000,2025S2,zone_median,1
CODEVILLA,PV,house,77000,87000,2025S2,zone_median,1
CODEVILLA,PV,villa,77000,87000,2025S2,zone_median,1
COLLI VERDI,PV,apartment,74000,82000,2025S2,zone_median,4
COLLI VERDI,PV,house,77000,87000,2025S2,zone_median,2
COLLI VERDI,PV,villa,77000,87000,2025S2,zone_median,2
CONFIENZA,PV,apartment,73000,78000,2025S2,zone_median,1
CONFIENZA,PV,house,76000,86000,2025S2,zone_median,1
CONFIENZA,PV,villa,76000,86000,2025S2,zone_median,1
COPIANO,PV,apartment,84000,93000,2025S2,zone_median,1
COPIANO,PV,house,77000,87000,2025S2,zone_median,1
COPIANO,PV,commercial,83000,98000,2025S2,zone_median,1
COPIANO,PV,villa,77000,87000,2025S2,zone_median,1
CORANA,PV,apartment,73000,77000,2025S2,zone_median,1
CORANA,PV,house,76000,82000,2025S2,zone_median,2
CORANA,PV,villa,76000,82000,2025S2,zone_median,2
CORNALE E BASTIDA,PV,apartment,77500,84000,2025S2,zone_median,2
CORNALE E BASTIDA,PV,house,77000,87000,2025S2,zone_median,1
CORNALE E BASTIDA,PV,commercial,74000,98000,2025S2,zone_median,2
CORNALE E BASTIDA,PV,villa,77000,87000,2025S2,zone_median,1
CORTEOLONA E GENZONE,PV,apartment,86000,93000,2025S2,zone_median,2
CORTEOLONA E GENZONE,PV,house,81000,90000,2025S2,zone_median,1
CORTEOLONA E GENZONE,PV,commercial,74000,88000,2025S2,zone_median,2
CORTEOLONA E GENZONE,PV,villa,81000,90000,2025S2,zone_median,1
CORVINO SAN QUIRICO,PV,apartment,75000,91000,2025S2,zone_median,1
CORVINO SAN QUIRICO,PV,house,77000,87000,2025S2,zone_median,1
CORVINO SAN QUIRICO,PV,villa,77000,87000,2025S2,zone_median,1
COSTA DEI NOBILI,PV,apartment,79000,96000,2025S2,zone_median,1
COSTA DEI NOBILI,PV,house,77000,87000,2025S2,zone_median,1
COSTA DEI NOBILI,PV,commercial,73000,98000,2025S2,zone_median,1
COSTA DEI NOBILI,PV,villa,77000,87000,2025S2,zone_median,1
COZZO,PV,apartment,78000,88000,2025S2,zone_median,1
COZZO,PV,house,76000,86000,2025S2,zone_median,1
COZZO,PV,commercial,69000,83000,2025S2,zone_median,1
COZZO,PV,villa,76000,86000,2025S2,zone_median,1
DORNO,PV,apartment,83000,88000,2025S2,zone_median,1
DORNO,PV,house,76000,86000,2025S2,zone_median,1
DORNO,PV,commercial,79000,98000,2025S2,zone_median,1
DORNO,PV,villa,76000,86000,2025S2,zone_median,1
FERRERA ERBOGNONE,PV,apartment,73000,83000,2025S2,zone_median,1
FERRERA ERBOGNONE,PV,house,76000,86000,2025S2,zone_median,1
FERRERA ERBOGNONE,PV,commercial,73000,87000,2025S2,zone_median,1
FERRERA ERBOGNONE,PV,villa,76000,86000,2025S2,zone_median,1
FILIGHERA,PV,apartment,79000,96000,2025S2,zone_median,1
FILIGHERA,PV,house,77000,87000,2025S2,zone_median,1
FILIGHERA,PV,commercial,73000,98000,2025S2,zone_median,1
FILIGHERA,PV,villa,77000,87000,2025S2,zone_median,1
FORTUNAGO,PV,apartment,82000,91000,2025S2,zone_median,1
FORTUNAGO,PV,house,77000,87000,2025S2,zone_median,1
FORTUNAGO,PV,villa,77000,87000,2025S2,zone_median,1
FRASCAROLO,PV,apartment,78000,88000,2025S2,zone_median,1
FRASCAROLO,PV,house,76000,86000,2025S2,zone_median,1
FRASCAROLO,PV,commercial,69000,83000,2025S2,zone_median,1
FRASCAROLO,PV,villa,76000,86000,2025S2,zone_median,1
GALLIAVOLA,PV,apartment,73000,78000,2025S2,zone_median,1
GALLIAVOLA,PV,house,76000,86000,2025S2,zone_median,1
GALLIAVOLA,PV,commercial,69000,83000,2025S2,zone_median,1
GALLIAVOLA,PV,villa,76000,86000,2025S2,zone_median,1
GAMBARANA,PV,apartment,73000,78000,2025S2,zone_median,1
GAMBARANA,PV,house,76000,86000,2025S2,zone_median,1
GAMBARANA,PV,villa,76000,86000,2025S2,zone_median,1
GAMBOLO,PV,apartment,91000,110000,2025S2,zone_median,1
GAMBOLO,PV,house,78000,98000,2025S2,zone_median,2
GAMBOLO,PV,commercial,110000,130000,2025S2,zone_median,1
GAMBOLO,PV,villa,78000,98000,2025S2,zone_median,2
GARLASCO,PV,apartment,81000,110000,2025S2,zone_median,1
GARLASCO,PV,house,79000,99000,2025S2,zone_median,3
GARLASCO,PV,villa,79000,99000,2025S2,zone_median,3
GARLASCO,PV,commercial,130000,145000,2025S2,zone_median,1
GERENZAGO,PV,apartment,89000,98000,2025S2,zone_median,1
GERENZAGO,PV,house,77000,87000,2025S2,zone_median,1
GERENZAGO,PV,commercial,73000,87000,2025S2,zone_median,1
GERENZAGO,PV,villa,77000,87000,2025S2,zone_median,1
GIUSSAGO,PV,apartment,98000,120000,2025S2,zone_median,2
GIUSSAGO,PV,house,88500,104500,2025S2,zone_median,2
GIUSSAGO,PV,villa,88500,104500,2025S2,zone_median,2
GIUSSAGO,PV,commercial,110000,130000,2025S2,zone_median,1
GODIASCO,PV,apartment,110500,120000,2025S2,zone_median,2
GODIASCO,PV,house,109000,126500,2025S2,zone_median,2
GODIASCO,PV,commercial,96500,129000,2025S2,zone_median,2
GODIASCO,PV,villa,109000,126500,2025S2,zone_median,2
GOLFERENZO,PV,apartment,82000,94000,2025S2,zone_median,1
GOLFERENZO,PV,house,77000,87000,2025S2,zone_median,1
GOLFERENZO,PV,commercial,65000,85000,2025S2,zone_median,1
GOLFERENZO,PV,villa,77000,87000,2025S2,zone_median,1
GRAVELLONA,PV,apartment,84000,110000,2025S2,zone_median,1
GRAVELLONA,PV,house,77000,87000,2025S2,zone_median,1
GRAVELLONA,PV,commercial,110000,120000,2025S2,zone_median,1
GRAVELLONA,PV,villa,77000,87000,2025S2,zone_median,1
GROPELLO CAIROLI,PV,apartment,75000,85000,2025S2,zone_median,1
GROPELLO CAIROLI,PV,house,77000,87000,2025S2,zone_median,1
GROPELLO CAIROLI,PV,commercial,77000,98000,2025S2,zone_median,1
GROPELLO CAIROLI,PV,villa,77000,87000,2025S2,zone_median,1
SIZIANO,PV,apartment,125000,150000,2025S2,zone_median,1
SIZIANO,PV,house,117000,132500,2025S2,zone_median,2
SIZIANO,PV,villa,117000,132500,2025S2,zone_median,2
SIZIANO,PV,commercial,165000,185000,2025S2,zone_median,1
INVERNO E MONTELEONE,PV,apartment,84000,95500,2025S2,zone_median,2
INVERNO E MONTELEONE,PV,house,77000,87000,2025S2,zone_median,1
INVERNO E MONTELEONE,PV,commercial,73000,87000,2025S2,zone_median,1
INVERNO E MONTELEONE,PV,villa,77000,87000,2025S2,zone_median,1
LANDRIANO,PV,apartment,110000,135000,2025S2,zone_median,1
LANDRIANO,PV,house,88500,104000,2025S2,zone_median,2
LANDRIANO,PV,villa,88500,104000,2025S2,zone_median,2
LANDRIANO,PV,commercial,94000,130000,2025S2,zone_median,1
LANGOSCO,PV,apartment,73000,78000,2025S2,zone_median,1
LANGOSCO,PV,house,76000,86000,2025S2,zone_median,1
LANGOSCO,PV,villa,76000,86000,2025S2,zone_median,1
LARDIRAGO,PV,apartment,87000,94000,2025S2,zone_median,1
LARDIRAGO,PV,house,77000,87000,2025S2,zone_median,1
LARDIRAGO,PV,commercial,78000,98000,2025S2,zone_median,1
LARDIRAGO,PV,villa,77000,87000,2025S2,zone_median,1
LINAROLO,PV,apartment,96000,120000,2025S2,zone_median,1
LINAROLO,PV,house,86500,103500,2025S2,zone_median,2
LINAROLO,PV,villa,86500,103500,2025S2,zone_median,2
LINAROLO,PV,commercial,83000,110000,2025S2,zone_median,1
LIRIO,PV,apartment,75000,82000,2025S2,zone_median,1
LIRIO,PV,house,77000,87000,2025S2,zone_median,1
LIRIO,PV,villa,77000,87000,2025S2,zone_median,1
LOMELLO,PV,apartment,88000,110000,2025S2,zone_median,1
LOMELLO,PV,house,82000,98000,2025S2,zone_median,2
LOMELLO,PV,villa,82000,98000,2025S2,zone_median,2
LOMELLO,PV,commercial,75000,87000,2025S2,zone_median,1
MAGHERNO,PV,apartment,84000,93000,2025S2,zone_median,1
MAGHERNO,PV,house,77000,87000,2025S2,zone_median,1
MAGHERNO,PV,commercial,76000,87000,2025S2,zone_median,1
MAGHERNO,PV,villa,77000,87000,2025S2,zone_median,1
MARCIGNAGO,PV,apartment,90000,99000,2025S2,zone_median,1
MARCIGNAGO,PV,house,78000,88000,2025S2,zone_median,1
MARCIGNAGO,PV,commercial,89000,110000,2025S2,zone_median,1
MARCIGNAGO,PV,villa,78000,88000,2025S2,zone_median,1
MARZANO,PV,apartment,79000,93000,2025S2,zone_median,1
MARZANO,PV,house,77000,87000,2025S2,zone_median,1
MARZANO,PV,commercial,73000,83000,2025S2,zone_median,1
MARZANO,PV,villa,77000,87000,2025S2,zone_median,1
MEDE,PV,apartment,88000,103500,2025S2,zone_median,2
MEDE,PV,house,82000,103000,2025S2,zone_median,2
MEDE,PV,villa,82000,103000,2025S2,zone_median,2
MEDE,PV,commercial,76000,110000,2025S2,zone_median,1
MENCONICO,PV,apartment,77000,94000,2025S2,zone_median,1
MENCONICO,PV,house,77000,87000,2025S2,zone_median,1
MENCONICO,PV,villa,77000,87000,2025S2,zone_median,1
MEZZANA BIGLI,PV,apartment,73000,78000,2025S2,zone_median,1
MEZZANA BIGLI,PV,house,76000,86000,2025S2,zone_median,1
MEZZANA BIGLI,PV,villa,76000,86000,2025S2,zone_median,1
MEZZANA RABATTONE,PV,apartment,76000,89000,2025S2,zone_median,1
MEZZANA RABATTONE,PV,house,77000,87000,2025S2,zone_median,1
MEZZANA RABATTONE,PV,villa,77000,87000,2025S2,zone_median,1
MEZZANINO,PV,apartment,77000,91000,2025S2,zone_median,1
MEZZANINO,PV,house,77000,87000,2025S2,zone_median,1
MEZZANINO,PV,villa,77000,87000,2025S2,zone_median,1
MIRADOLO TERME,PV,apartment,110000,120000,2025S2,zone_median,1
MIRADOLO TERME,PV,house,99000,109000,2025S2,zone_median,2
MIRADOLO TERME,PV,villa,99000,109000,2025S2,zone_median,2
MIRADOLO TERME,PV,commercial,98000,120000,2025S2,zone_median,1
MONTALTO PAVESE,PV,apartment,75000,82000,2025S2,zone_median,1
MONTALTO PAVESE,PV,house,77000,87000,2025S2,zone_median,1
MONTALTO PAVESE,PV,villa,77000,87000,2025S2,zone_median,1
MONTEBELLO BATTAGLIA,PV,apartment,77000,91000,2025S2,zone_median,1
MONTEBELLO BATTAGLIA,PV,house,77000,87000,2025S2,zone_median,1
MONTEBELLO BATTAGLIA,PV,villa,77000,87000,2025S2,zone_median,1
MONTECALVO VERSIGGIA,PV,apartment,75000,82000,2025S2,zone_median,1
MONTECALVO VERSIGGIA,PV,house,77000,87000,2025S2,zone_median,1
MONTECALVO VERSIGGIA,PV,villa,77000,87000,2025S2,zone_median,1
MONTESCANO,PV,apartment,75000,82000,2025S2,zone_median,1
MONTESCANO,PV,house,77000,87000,2025S2,zone_median,2
MONTESCANO,PV,villa,77000,87000,2025S2,zone_median,2
MONTESEGALE,PV,apartment,73000,87000,2025S2,zone_median,1
MONTESEGALE,PV,house,77000,87000,2025S2,zone_median,1
MONTESEGALE,PV,villa,77000,87000,2025S2,zone_median,1
MONTICELLI PAVESE,PV,apartment,79000,93000,2025S2,zone_median,1
MONTICELLI PAVESE,PV,house,77000,87000,2025S2,zone_median,1
MONTICELLI PAVESE,PV,villa,77000,87000,2025S2,zone_median,1
MONTU BECCARIA,PV,apartment,82000,91000,2025S2,zone_median,1
MONTU BECCARIA,PV,house,77000,87000,2025S2,zone_median,1
MONTU BECCARIA,PV,villa,77000,87000,2025S2,zone_median,1
MORNICO LOSANA,PV,apartment,77000,87000,2025S2,zone_median,1
MORNICO LOSANA,PV,house,77000,87000,2025S2,zone_median,1
MORNICO LOSANA,PV,villa,77000,87000,2025S2,zone_median,1
MORTARA,PV,apartment,68000,85500,2025S2,zone_median,2
MORTARA,PV,house,77000,91000,2025S2,zone_median,2
MORTARA,PV,commercial,94000,110000,2025S2,zone_median,1
MORTARA,PV,villa,77000,91000,2025S2,zone_median,2
NICORVO,PV,apartment,73000,78000,2025S2,zone_median,1
NICORVO,PV,house,76000,86000,2025S2,zone_median,1
NICORVO,PV,villa,76000,86000,2025S2,zone_median,1
OLEVANO DI LOMELLINA,PV,apartment,73000,78000,2025S2,zone_median,1
OLEVANO DI LOMELLINA,PV,house,76000,86000,2025S2,zone_median,1
OLEVANO DI LOMELLINA,PV,villa,76000,86000,2025S2,zone_median,1
OLIVA GESSI,PV,apartment,77000,87000,2025S2,zone_median,1
OLIVA GESSI,PV,house,77000,87000,2025S2,zone_median,1
OLIVA GESSI,PV,villa,77000,87000,2025S2,zone_median,1
OTTOBIANO,PV,apartment,73000,83000,2025S2,zone_median,1
OTTOBIANO,PV,house,76000,86000,2025S2,zone_median,1
OTTOBIANO,PV,villa,76000,86000,2025S2,zone_median,1
PALESTRO,PV,apartment,78000,88000,2025S2,zone_median,1
PALESTRO,PV,house,76000,86000,2025S2,zone_median,1
PALESTRO,PV,villa,76000,86000,2025S2,zone_median,1
PANCARANA,PV,apartment,75000,82000,2025S2,zone_median,1
PANCARANA,PV,house,77000,87000,2025S2,zone_median,1
PANCARANA,PV,villa,77000,87000,2025S2,zone_median,1
PARONA,PV,apartment,78000,92000,2025S2,zone_median,1
PARONA,PV,house,76000,86000,2025S2,zone_median,1
PARONA,PV,commercial,73000,87000,2025S2,zone_median,1
PARONA,PV,villa,76000,86000,2025S2,zone_median,1
PIETRA DE GIORGI,PV,apartment,75000,87000,2025S2,zone_median,1
PIETRA DE GIORGI,PV,house,77000,87000,2025S2,zone_median,1
PIETRA DE GIORGI,PV,villa,77000,87000,2025S2,zone_median,1
PIEVE ALBIGNOLA,PV,apartment,73000,83000,2025S2,zone_median,1
PIEVE ALBIGNOLA,PV,house,76000,86000,2025S2,zone_median,1
PIEVE ALBIGNOLA,PV,commercial,61000,70000,2025S2,zone_median,1
PIEVE ALBIGNOLA,PV,villa,76000,86000,2025S2,zone_median,1
PIEVE DEL CAIRO,PV,apartment,78000,88000,2025S2,zone_median,1
PIEVE DEL CAIRO,PV,house,76000,86000,2025S2,zone_median,1
PIEVE DEL CAIRO,PV,villa,76000,86000,2025S2,zone_median,1
PIEVE PORTO MORONE,PV,apartment,84000,93000,2025S2,zone_median,1
PIEVE PORTO MORONE,PV,house,77000,87000,2025S2,zone_median,1
PIEVE PORTO MORONE,PV,villa,77000,87000,2025S2,zone_median,1
PINAROLO PO,PV,apartment,75000,87000,2025S2,zone_median,1
PINAROLO PO,PV,house,77000,87000,2025S2,zone_median,1
PINAROLO PO,PV,commercial,65000,74000,2025S2,zone_median,1
PINAROLO PO,PV,villa,77000,87000,2025S2,zone_median,1
PIZZALE,PV,apartment,73000,77000,2025S2,zone_median,1
PIZZALE,PV,house,77000,87000,2025S2,zone_median,1
PIZZALE,PV,villa,77000,87000,2025S2,zone_median,1
PONTE NIZZA,PV,apartment,77000,91000,2025S2,zone_median,1
PONTE NIZZA,PV,house,77000,87000,2025S2,zone_median,1
PONTE NIZZA,PV,commercial,68000,81000,2025S2,zone_median,1
PONTE NIZZA,PV,villa,77000,87000,2025S2,zone_median,1
PORTALBERA,PV,apartment,79000,94000,2025S2,zone_median,1
PORTALBERA,PV,house,82500,91500,2025S2,zone_median,2
PORTALBERA,PV,villa,82500,91500,2025S2,zone_median,2
REA,PV,apartment,77000,91000,2025S2,zone_median,1
REA,PV,house,77000,87000,2025S2,zone_median,1
REA,PV,villa,77000,87000,2025S2,zone_median,1
REDAVALLE,PV,apartment,87000,96000,2025S2,zone_median,1
REDAVALLE,PV,house,77000,87000,2025S2,zone_median,1
REDAVALLE,PV,villa,77000,87000,2025S2,zone_median,1
RETORBIDO,PV,apartment,77000,91000,2025S2,zone_median,1
RETORBIDO,PV,house,77000,87000,2025S2,zone_median,1
RETORBIDO,PV,villa,77000,87000,2025S2,zone_median,1
RIVANAZZANO,PV,apartment,113500,125000,2025S2,zone_median,2
RIVANAZZANO,PV,house,104000,114000,2025S2,zone_median,2
RIVANAZZANO,PV,commercial,103500,145000,2025S2,zone_median,2
RIVANAZZANO,PV,villa,104000,114000,2025S2,zone_median,2
ROBBIO,PV,apartment,78000,92000,2025S2,zone_median,1
ROBBIO,PV,house,82000,91500,2025S2,zone_median,2
ROBBIO,PV,villa,82000,91500,2025S2,zone_median,2
ROBECCO PAVESE,PV,apartment,75000,87000,2025S2,zone_median,1
ROBECCO PAVESE,PV,house,77000,87000,2025S2,zone_median,1
ROBECCO PAVESE,PV,commercial,71000,85000,2025S2,zone_median,1
ROBECCO PAVESE,PV,villa,77000,87000,2025S2,zone_median,1
ROCCA DE GIORGI,PV,apartment,75000,82000,2025S2,zone_median,1
ROCCA DE GIORGI,PV,house,76000,87000,2025S2,zone_median,2
ROCCA DE GIORGI,PV,villa,76000,87000,2025S2,zone_median,2
ROCCA SUSELLA,PV,apartment,73000,87000,2025S2,zone_median,1
ROCCA SUSELLA,PV,house,77000,87000,2025S2,zone_median,1
ROCCA SUSELLA,PV,commercial,68000,81000,2025S2,zone_median,1
ROCCA SUSELLA,PV,villa,77000,87000,2025S2,zone_median,1
ROGNANO,PV,apartment,84000,98000,2025S2,zone_median,1
ROGNANO,PV,house,77000,87000,2025S2,zone_median,1
ROGNANO,PV,commercial,89000,110000,2025S2,zone_median,1
ROGNANO,PV,villa,77000,87000,2025S2,zone_median,1
ROMAGNESE,PV,apartment,73000,77000,2025S2,zone_median,1
ROMAGNESE,PV,house,77000,87000,2025S2,zone_median,1
ROMAGNESE,PV,villa,77000,87000,2025S2,zone_median,1
RONCARO,PV,apartment,76000,89000,2025S2,zone_median,1
RONCARO,PV,house,77000,87000,2025S2,zone_median,1
RONCARO,PV,commercial,66000,83000,2025S2,zone_median,1
RONCARO,PV,villa,77000,87000,2025S2,zone_median,1
ROSASCO,PV,apartment,73000,78000,2025S2,zone_median,1
ROSASCO,PV,house,76000,86000,2025S2,zone_median,1
ROSASCO,PV,villa,76000,86000,2025S2,zone_median,1
ROVESCALA,PV,apartment,77000,87000,2025S2,zone_median,1
ROVESCALA,PV,house,76000,84500,2025S2,zone_median,2
ROVESCALA,PV,villa,76000,84500,2025S2,zone_median,2
SAN CIPRIANO PO,PV,apartment,78000,91000,2025S2,zone_median,1
SAN CIPRIANO PO,PV,house,77000,87000,2025S2,zone_median,1
SAN CIPRIANO PO,PV,villa,77000,87000,2025S2,zone_median,1
SAN DAMIANO AL COLLE,PV,apartment,82000,87000,2025S2,zone_median,1
SAN DAMIANO AL COLLE,PV,house,77000,87000,2025S2,zone_median,1
SAN DAMIANO AL COLLE,PV,villa,77000,87000,2025S2,zone_median,1
SAN GENESIO ED UNITI,PV,apartment,110000,130000,2025S2,zone_median,1
SAN GENESIO ED UNITI,PV,house,88000,100000,2025S2,zone_median,1
SAN GENESIO ED UNITI,PV,villa,88000,100000,2025S2,zone_median,1
SAN GIORGIO LOMELLINA,PV,apartment,73000,83000,2025S2,zone_median,1
SAN GIORGIO LOMELLINA,PV,house,76000,86000,2025S2,zone_median,1
SAN GIORGIO LOMELLINA,PV,commercial,69000,83000,2025S2,zone_median,1
SAN GIORGIO LOMELLINA,PV,villa,76000,86000,2025S2,zone_median,1
SAN MARTINO SICCOMARIO,PV,apartment,115000,150000,2025S2,zone_median,3
SAN MARTINO SICCOMARIO,PV,house,93000,100000,2025S2,zone_median,3
SAN MARTINO SICCOMARIO,PV,villa,93000,100000,2025S2,zone_median,3
SAN MARTINO SICCOMARIO,PV,commercial,82000,120000,2025S2,zone_median,2
SANNAZZARO DE` BURGONDI,PV,apartment,79500,95000,2025S2,zone_median,2
SANNAZZARO DE` BURGONDI,PV,house,72500,83000,2025S2,zone_median,2
SANNAZZARO DE` BURGONDI,PV,commercial,120000,130000,2025S2,zone_median,1
SANNAZZARO DE` BURGONDI,PV,villa,72500,83000,2025S2,zone_median,2
S.CRISTINA E BISSONE,PV,apartment,84000,89000,2025S2,zone_median,1
S.CRISTINA E BISSONE,PV,house,77000,87000,2025S2,zone_median,1
S.CRISTINA E BISSONE,PV,villa,77000,87000,2025S2,zone_median,1
SANTA GIULETTA,PV,apartment,75000,91000,2025S2,zone_median,1
SANTA GIULETTA,PV,house,77000,87000,2025S2,zone_median,1
SANTA GIULETTA,PV,villa,77000,87000,2025S2,zone_median,1
S.ALESSIO CON VIALONE,PV,apartment,79000,93000,2025S2,zone_median,1
S.ALESSIO CON VIALONE,PV,house,77000,87000,2025S2,zone_median,1
S.ALESSIO CON VIALONE,PV,villa,77000,87000,2025S2,zone_median,1
S.MARGHERITA STAFFORA,PV,apartment,68000,75000,2025S2,zone_median,1
S.MARGHERITA STAFFORA,PV,house,77000,87000,2025S2,zone_median,1
S.MARGHERITA STAFFORA,PV,villa,77000,87000,2025S2,zone_median,1
TRAVACO SICCOMARIO,PV,apartment,97000,110000,2025S2,zone_median,3
TRAVACO SICCOMARIO,PV,house,110000,120000,2025S2,zone_median,3
TRAVACO SICCOMARIO,PV,villa,110000,120000,2025S2,zone_median,3
TRAVACO SICCOMARIO,PV,commercial,109000,120000,2025S2,zone_median,2
S.MARIA DELLA VERSA,PV,apartment,85000,92000,2025S2,zone_median,1
S.MARIA DELLA VERSA,PV,house,78000,88000,2025S2,zone_median,1
S.MARIA DELLA VERSA,PV,commercial,87000,110000,2025S2,zone_median,1
S.MARIA DELLA VERSA,PV,villa,78000,88000,2025S2,zone_median,1
SANT`ANGELO LOMELLINA,PV,apartment,73000,78000,2025S2,zone_median,1
SANT`ANGELO LOMELLINA,PV,house,76000,86000,2025S2,zone_median,1
SANT`ANGELO LOMELLINA,PV,villa,76000,86000,2025S2,zone_median,1
SAN ZENONE AL PO,PV,apartment,79000,93000,2025S2,zone_median,1
SAN ZENONE AL PO,PV,house,77000,87000,2025S2,zone_median,1
SAN ZENONE AL PO,PV,villa,77000,87000,2025S2,zone_median,1
SARTIRANA LOMELLINA,PV,apartment,78000,88000,2025S2,zone_median,1
SARTIRANA LOMELLINA,PV,house,76000,86000,2025S2,zone_median,1
SARTIRANA LOMELLINA,PV,villa,76000,86000,2025S2,zone_median,1
SCALDASOLE,PV,apartment,78000,95000,2025S2,zone_median,1
SCALDASOLE,PV,house,76000,86000,2025S2,zone_median,1
SCALDASOLE,PV,villa,76000,86000,2025S2,zone_median,1
SEMIANA,PV,apartment,78000,88000,2025S2,zone_median,1
SEMIANA,PV,house,76000,86000,2025S2,zone_median,1
SEMIANA,PV,villa,76000,86000,2025S2,zone_median,1
SILVANO PIETRA,PV,apartment,73000,77000,2025S2,zone_median,1
SILVANO PIETRA,PV,house,77000,87000,2025S2,zone_median,1
SILVANO PIETRA,PV,villa,77000,87000,2025S2,zone_median,1
SOMMO,PV,apartment,88000,95000,2025S2,zone_median,1
SOMMO,PV,house,79000,89000,2025S2,zone_median,1
SOMMO,PV,commercial,75000,89000,2025S2,zone_median,1
SOMMO,PV,villa,79000,89000,2025S2,zone_median,1
SPESSA,PV,apartment,79000,93000,2025S2,zone_median,1
SPESSA,PV,house,77000,87000,2025S2,zone_median,1
SPESSA,PV,villa,77000,87000,2025S2,zone_median,1
STRADELLA,PV,apartment,86000,110000,2025S2,zone_median,1
STRADELLA,PV,house,80000,90000,2025S2,zone_median,1
STRADELLA,PV,commercial,150000,210000,2025S2,zone_median,1
STRADELLA,PV,villa,80000,90000,2025S2,zone_median,1
TORRAZZA COSTE,PV,apartment,77000,91000,2025S2,zone_median,1
TORRAZZA COSTE,PV,house,77000,87000,2025S2,zone_median,1
TORRAZZA COSTE,PV,villa,77000,87000,2025S2,zone_median,1
TORRE B CASTELLARO,PV,apartment,73000,88000,2025S2,zone_median,1
TORRE B CASTELLARO,PV,house,76000,86000,2025S2,zone_median,1
TORRE B CASTELLARO,PV,commercial,73000,87000,2025S2,zone_median,1
TORRE B CASTELLARO,PV,villa,76000,86000,2025S2,zone_median,1
TORRE D`ARESE,PV,apartment,79000,93000,2025S2,zone_median,1
TORRE D`ARESE,PV,house,77000,87000,2025S2,zone_median,1
TORRE D`ARESE,PV,villa,77000,87000,2025S2,zone_median,1
TORRE DEI NEGRI,PV,apartment,79000,96000,2025S2,zone_median,1
TORRE DEI NEGRI,PV,house,77000,87000,2025S2,zone_median,1
TORRE DEI NEGRI,PV,villa,77000,87000,2025S2,zone_median,1
TORRE D`ISOLA,PV,apartment,97000,110000,2025S2,zone_median,3
TORRE D`ISOLA,PV,house,97000,110000,2025S2,zone_median,4
TORRE D`ISOLA,PV,villa,97000,110000,2025S2,zone_median,4
TORREVECCHIA PIA,PV,apartment,75000,98000,2025S2,zone_median,3
TORREVECCHIA PIA,PV,house,98000,120000,2025S2,zone_median,3
TORREVECCHIA PIA,PV,commercial,89000,110000,2025S2,zone_median,1
TORREVECCHIA PIA,PV,villa,98000,120000,2025S2,zone_median,3
TORRICELLA VERZATE,PV,apartment,74000,89000,2025S2,zone_median,2
TORRICELLA VERZATE,PV,house,77000,87000,2025S2,zone_median,1
TORRICELLA VERZATE,PV,villa,77000,87000,2025S2,zone_median,1
TRIVOLZIO,PV,apartment,89000,98000,2025S2,zone_median,1
TRIVOLZIO,PV,house,77000,87000,2025S2,zone_median,1
TRIVOLZIO,PV,commercial,87000,110000,2025S2,zone_median,1
TRIVOLZIO,PV,villa,77000,87000,2025S2,zone_median,1
TROMELLO,PV,apartment,78000,88000,2025S2,zone_median,1
TROMELLO,PV,house,76000,86000,2025S2,zone_median,1
TROMELLO,PV,commercial,79000,110000,2025S2,zone_median,1
TROMELLO,PV,villa,76000,86000,2025S2,zone_median,1
TROVO,PV,apartment,89000,98000,2025S2,zone_median,1
TROVO,PV,house,77000,87000,2025S2,zone_median,1
TROVO,PV,villa,77000,87000,2025S2,zone_median,1
VAL DI NIZZA,PV,apartment,73000,89000,2025S2,zone_median,2
VAL DI NIZZA,PV,house,77000,87000,2025S2,zone_median,1
VAL DI NIZZA,PV,villa,77000,87000,2025S2,zone_median,1
VALEGGIO,PV,apartment,73000,78000,2025S2,zone_median,1
VALEGGIO,PV,house,76000,86000,2025S2,zone_median,1
VALEGGIO,PV,villa,76000,86000,2025S2,zone_median,1
VALLE LOMELLINA,PV,apartment,78000,92000,2025S2,zone_median,1
VALLE LOMELLINA,PV,house,76000,86000,2025S2,zone_median,1
VALLE LOMELLINA,PV,commercial,69000,83000,2025S2,zone_median,1
VALLE LOMELLINA,PV,villa,76000,86000,2025S2,zone_median,1
VALLE SALIMBENE,PV,apartment,86000,94500,2025S2,zone_median,2
VALLE SALIMBENE,PV,house,77000,87000,2025S2,zone_median,1
VALLE SALIMBENE,PV,villa,77000,87000,2025S2,zone_median,1
VARZI,PV,apartment,100000,120000,2025S2,zone_median,1
VARZI,PV,house,78000,88000,2025S2,zone_median,1
VARZI,PV,commercial,110000,130000,2025S2,zone_median,1
VARZI,PV,villa,78000,88000,2025S2,zone_median,1
VELEZZO LOMELLINA,PV,apartment,78000,88000,2025S2,zone_median,1
VELEZZO LOMELLINA,PV,house,76000,86000,2025S2,zone_median,1
VELEZZO LOMELLINA,PV,commercial,61000,83000,2025S2,zone_median,1
VELEZZO LOMELLINA,PV,villa,76000,86000,2025S2,zone_median,1
VELLEZZO BELLINI,PV,apartment,96000,110000,2025S2,zone_median,1
VELLEZZO BELLINI,PV,house,77000,87000,2025S2,zone_median,1
VELLEZZO BELLINI,PV,commercial,110000,130000,2025S2,zone_median,1
VELLEZZO BELLINI,PV,villa,77000,87000,2025S2,zone_median,1
VERRETTO,PV,apartment,75000,82000,2025S2,zone_median,1
VERRETTO,PV,house,77000,87000,2025S2,zone_median,1
VERRETTO,PV,villa,77000,87000,2025S2,zone_median,1
VERRUA PO,PV,apartment,77000,91000,2025S2,zone_median,1
VERRUA PO,PV,house,77000,87000,2025S2,zone_median,1
VERRUA PO,PV,villa,77000,87000,2025S2,zone_median,1
VIDIGULFO,PV,apartment,110000,140000,2025S2,zone_median,1
VIDIGULFO,PV,house,79000,89000,2025S2,zone_median,1
VIDIGULFO,PV,commercial,110000,130000,2025S2,zone_median,1
VIDIGULFO,PV,villa,79000,89000,2025S2,zone_median,1
VIGEVANO,PV,apartment,91000,115000,2025S2,zone_median,3
VIGEVANO,PV,house,77000,92000,2025S2,zone_median,3
VIGEVANO,PV,commercial,50000,70000,2025S2,zone_median,3
VIGEVANO,PV,villa,77000,92000,2025S2,zone_median,3
VILLABISCOSSI,PV,apartment,78000,88000,2025S2,zone_median,1
VILLABISCOSSI,PV,house,76000,86000,2025S2,zone_median,1
VILLABISCOSSI,PV,villa,76000,86000,2025S2,zone_median,1
VILLANOVA D`ARDENGHI,PV,apartment,84000,93000,2025S2,zone_median,1
VILLANOVA D`ARDENGHI,PV,house,77000,87000,2025S2,zone_median,1
VILLANOVA D`ARDENGHI,PV,commercial,74000,87000,2025S2,zone_median,1
VILLANOVA D`ARDENGHI,PV,villa,77000,87000,2025S2,zone_median,1
VILLANTERIO,PV,apartment,98000,110000,2025S2,zone_median,1
VILLANTERIO,PV,house,77000,87000,2025S2,zone_median,1
VILLANTERIO,PV,commercial,110000,130000,2025S2,zone_median,1
VILLANTERIO,PV,villa,77000,87000,2025S2,zone_median,1
VISTARINO,PV,apartment,84000,93000,2025S2,zone_median,1
VISTARINO,PV,house,77000,87000,2025S2,zone_median,1
VISTARINO,PV,commercial,76000,87000,2025S2,zone_median,1
VISTARINO,PV,villa,77000,87000,2025S2,zone_median,1
VOGHERA,PV,apartment,75000,100000,2025S2,zone_median,3
VOGHERA,PV,house,96500,109000,2025S2,zone_median,2
VOGHERA,PV,commercial,110000,120000,2025S2,zone_median,3
VOGHERA,PV,villa,96500,109000,2025S2,zone_median,2
VOLPARA,PV,apartment,75000,82000,2025S2,zone_median,1
VOLPARA,PV,house,77000,87000,2025S2,zone_median,1
VOLPARA,PV,villa,77000,87000,2025S2,zone_median,1
ZAVATTARELLO,PV,apartment,76000,83000,2025S2,zone_median,1
ZAVATTARELLO,PV,house,78000,88000,2025S2,zone_median,1
ZAVATTARELLO,PV,villa,78000,88000,2025S2,zone_median,1
ZECCONE,PV,apartment,110000,130000,2025S2,zone_median,1
ZECCONE,PV,house,77000,87000,2025S2,zone_median,1
ZECCONE,PV,commercial,110000,130000,2025S2,zone_median,1
ZECCONE,PV,villa,77000,87000,2025S2,zone_median,1
ZEME,PV,apartment,78000,88000,2025S2,zone_median,1
ZEME,PV,house,76000,86000,2025S2,zone_median,1
ZEME,PV,villa,76000,86000,2025S2,zone_median,1
ZENEVREDO,PV,apartment,87000,94000,2025S2,zone_median,1
ZENEVREDO,PV,house,77000,87000,2025S2,zone_median,1
ZENEVREDO,PV,villa,77000,87000,2025S2,zone_median,1
ZERBO,PV,apartment,79000,93000,2025S2,zone_median,1
ZERBO,PV,house,77000,87000,2025S2,zone_median,1
ZERBO,PV,villa,77000,87000,2025S2,zone_median,1
ZERBOLO,PV,apartment,79000,110000,2025S2,zone_median,1
ZERBOLO,PV,house,77000,87000,2025S2,zone_median,1
ZERBOLO,PV,commercial,79000,98000,2025S2,zone_median,1
ZERBOLO,PV,villa,77000,87000,2025S2,zone_median,1
ZINASCO,PV,apartment,79000,86000,2025S2,zone_median,2
ZINASCO,PV,house,78000,91500,2025S2,zone_median,2
ZINASCO,PV,commercial,74000,87000,2025S2,zone_median,1
ZINASCO,PV,villa,78000,91500,2025S2,zone_median,2
SONDRIO,SO,apartment,115000,140000,2025S2,zone_median,9
SONDRIO,SO,house,130000,160000,2025S2,zone_median,7
SONDRIO,SO,villa,130000,160000,2025S2,zone_median,7
SONDRIO,SO,commercial,110000,140000,2025S2,zone_median,5
ALBAREDO PER SAN MARCO,SO,apartment,85000,100000,2025S2,zone_median,1
ALBAREDO PER SAN MARCO,SO,house,35000,50000,2025S2,zone_median,1
ALBOSAGGIA,SO,apartment,105000,130000,2025S2,zone_median,2
ALBOSAGGIA,SO,house,115000,135000,2025S2,zone_median,1
ALBOSAGGIA,SO,villa,115000,135000,2025S2,zone_median,1
ALBOSAGGIA,SO,commercial,90000,110000,2025S2,zone_median,1
ANDALO VALTELLINO,SO,apartment,85000,105000,2025S2,zone_median,1
ANDALO VALTELLINO,SO,house,90000,110000,2025S2,zone_median,1
ANDALO VALTELLINO,SO,villa,90000,110000,2025S2,zone_median,1
ANDALO VALTELLINO,SO,commercial,85000,110000,2025S2,zone_median,1
APRICA,SO,apartment,185000,227500,2025S2,zone_median,2
APRICA,SO,house,192500,235000,2025S2,zone_median,2
APRICA,SO,villa,192500,235000,2025S2,zone_median,2
APRICA,SO,commercial,150000,205000,2025S2,zone_median,2
ARDENNO,SO,apartment,90000,110000,2025S2,zone_median,4
ARDENNO,SO,house,102500,125000,2025S2,zone_median,2
ARDENNO,SO,villa,102500,125000,2025S2,zone_median,2
ARDENNO,SO,commercial,90000,115000,2025S2,zone_median,2
BEMA,SO,apartment,80000,100000,2025S2,zone_median,2
BEMA,SO,house,35000,45000,2025S2,zone_median,1
BERBENNO DI VALTELLINA,SO,apartment,85000,105000,2025S2,zone_median,5
BERBENNO DI VALTELLINA,SO,house,95000,117500,2025S2,zone_median,2
BERBENNO DI VALTELLINA,SO,villa,95000,117500,2025S2,zone_median,2
BERBENNO DI VALTELLINA,SO,commercial,90000,120000,2025S2,zone_median,1
BIANZONE,SO,apartment,87500,105000,2025S2,zone_median,2
BIANZONE,SO,house,87500,110000,2025S2,zone_median,2
BIANZONE,SO,villa,87500,110000,2025S2,zone_median,2
BIANZONE,SO,commercial,90000,110000,2025S2,zone_median,1
BORMIO,SO,apartment,390000,530000,2025S2,zone_median,3
BORMIO,SO,house,430000,555000,2025S2,zone_median,2
BORMIO,SO,villa,430000,555000,2025S2,zone_median,2
BORMIO,SO,commercial,290000,390000,2025S2,zone_median,2
BUGLIO IN MONTE,SO,apartment,85000,110000,2025S2,zone_median,3
BUGLIO IN MONTE,SO,house,95000,115000,2025S2,zone_median,2
BUGLIO IN MONTE,SO,villa,95000,115000,2025S2,zone_median,2
BUGLIO IN MONTE,SO,commercial,90000,110000,2025S2,zone_median,1
CAIOLO,SO,apartment,70000,95000,2025S2,zone_median,3
CAIOLO,SO,house,80000,100000,2025S2,zone_median,1
CAIOLO,SO,villa,80000,100000,2025S2,zone_median,1
CAIOLO,SO,commercial,80000,110000,2025S2,zone_median,1
CAMPODOLCINO,SO,apartment,165000,210000,2025S2,zone_median,5
CAMPODOLCINO,SO,house,180000,220000,2025S2,zone_median,4
CAMPODOLCINO,SO,villa,180000,220000,2025S2,zone_median,4
CAMPODOLCINO,SO,commercial,175000,227500,2025S2,zone_median,2
CASPOGGIO,SO,apartment,170000,235000,2025S2,zone_median,2
CASPOGGIO,SO,house,175000,240000,2025S2,zone_median,2
CASPOGGIO,SO,villa,175000,240000,2025S2,zone_median,2
CASPOGGIO,SO,commercial,145000,212500,2025S2,zone_median,2
CASTELLO DELL`ACQUA,SO,apartment,90000,100000,2025S2,zone_median,3
CASTELLO DELL`ACQUA,SO,house,87500,105000,2025S2,zone_median,2
CASTELLO DELL`ACQUA,SO,villa,87500,105000,2025S2,zone_median,2
CASTIONE ANDEVENNO,SO,apartment,85000,120000,2025S2,zone_median,3
CASTIONE ANDEVENNO,SO,house,95000,125000,2025S2,zone_median,3
CASTIONE ANDEVENNO,SO,villa,95000,125000,2025S2,zone_median,3
CASTIONE ANDEVENNO,SO,commercial,90000,110000,2025S2,zone_median,1
CEDRASCO,SO,apartment,75000,95000,2025S2,zone_median,2
CEDRASCO,SO,house,35000,50000,2025S2,zone_median,1
CEDRASCO,SO,commercial,80000,100000,2025S2,zone_median,1
CERCINO,SO,apartment,80000,105000,2025S2,zone_median,3
CERCINO,SO,house,90000,112500,2025S2,zone_median,2
CERCINO,SO,villa,90000,112500,2025S2,zone_median,2
CERCINO,SO,commercial,75000,110000,2025S2,zone_median,1
CHIAVENNA,SO,apartment,155000,175000,2025S2,zone_median,3
CHIAVENNA,SO,house,160000,180000,2025S2,zone_median,3
CHIAVENNA,SO,villa,160000,180000,2025S2,zone_median,3
CHIAVENNA,SO,commercial,110000,150000,2025S2,zone_median,3
CHIESA IN VALMALENCO,SO,apartment,167500,207500,2025S2,zone_median,4
CHIESA IN VALMALENCO,SO,house,180000,227500,2025S2,zone_median,2
CHIESA IN VALMALENCO,SO,villa,180000,227500,2025S2,zone_median,2
CHIESA IN VALMALENCO,SO,commercial,180000,240000,2025S2,zone_median,1
CHIURO,SO,apartment,92500,117500,2025S2,zone_median,4
CHIURO,SO,house,92500,115000,2025S2,zone_median,2
CHIURO,SO,commercial,87500,120000,2025S2,zone_median,2
CHIURO,SO,villa,92500,115000,2025S2,zone_median,2
CINO,SO,apartment,80000,100000,2025S2,zone_median,1
CINO,SO,house,85000,105000,2025S2,zone_median,1
CINO,SO,villa,85000,105000,2025S2,zone_median,1
CIVO,SO,apartment,80000,105000,2025S2,zone_median,4
CIVO,SO,house,85000,115000,2025S2,zone_median,3
CIVO,SO,villa,85000,115000,2025S2,zone_median,3
COLORINA,SO,apartment,70000,90000,2025S2,zone_median,3
COLORINA,SO,house,90000,105000,2025S2,zone_median,1
COLORINA,SO,villa,90000,105000,2025S2,zone_median,1
COLORINA,SO,commercial,75000,105000,2025S2,zone_median,1
COSIO VALTELLINO,SO,apartment,87500,110000,2025S2,zone_median,4
COSIO VALTELLINO,SO,house,95000,115000,2025S2,zone_median,4
COSIO VALTELLINO,SO,villa,95000,115000,2025S2,zone_median,4
COSIO VALTELLINO,SO,commercial,92500,117500,2025S2,zone_median,2
DAZIO,SO,apartment,105000,120000,2025S2,zone_median,1
DAZIO,SO,house,100000,125000,2025S2,zone_median,1
DAZIO,SO,villa,100000,125000,2025S2,zone_median,1
DELEBIO,SO,apartment,90000,110000,2025S2,zone_median,3
DELEBIO,SO,house,102500,125000,2025S2,zone_median,2
DELEBIO,SO,villa,102500,125000,2025S2,zone_median,2
DELEBIO,SO,commercial,100000,120000,2025S2,zone_median,1
DUBINO,SO,apartment,105000,127500,2025S2,zone_median,4
DUBINO,SO,house,117500,145000,2025S2,zone_median,2
DUBINO,SO,villa,117500,145000,2025S2,zone_median,2
DUBINO,SO,commercial,90000,115000,2025S2,zone_median,2
FAEDO VALTELLINO,SO,apartment,80000,100000,2025S2,zone_median,3
FAEDO VALTELLINO,SO,house,85000,100000,2025S2,zone_median,3
FAEDO VALTELLINO,SO,villa,85000,100000,2025S2,zone_median,3
FORCOLA,SO,apartment,75000,97500,2025S2,zone_median,4
FORCOLA,SO,house,77500,105000,2025S2,zone_median,2
FORCOLA,SO,villa,77500,105000,2025S2,zone_median,2
FUSINE,SO,apartment,80000,100000,2025S2,zone_median,2
FUSINE,SO,house,35000,45000,2025S2,zone_median,1
GEROLA ALTA,SO,apartment,80000,110000,2025S2,zone_median,3
GEROLA ALTA,SO,house,95000,120000,2025S2,zone_median,1
GEROLA ALTA,SO,villa,95000,120000,2025S2,zone_median,1
GORDONA,SO,apartment,75000,95000,2025S2,zone_median,4
GORDONA,SO,house,85000,102500,2025S2,zone_median,2
GORDONA,SO,villa,85000,102500,2025S2,zone_median,2
GORDONA,SO,commercial,80000,110000,2025S2,zone_median,1
GROSIO,SO,apartment,95000,112500,2025S2,zone_median,2
GROSIO,SO,house,97500,120000,2025S2,zone_median,2
GROSIO,SO,villa,97500,120000,2025S2,zone_median,2
GROSIO,SO,commercial,95000,120000,2025S2,zone_median,1
GROSOTTO,SO,apartment,87500,112500,2025S2,zone_median,2
GROSOTTO,SO,house,90000,120000,2025S2,zone_median,1
GROSOTTO,SO,villa,90000,120000,2025S2,zone_median,1
GROSOTTO,SO,commercial,90000,110000,2025S2,zone_median,1
MADESIMO,SO,apartment,200000,270000,2025S2,zone_median,3
MADESIMO,SO,house,380000,470000,2025S2,zone_median,1
MADESIMO,SO,villa,380000,470000,2025S2,zone_median,1
MADESIMO,SO,commercial,230000,305000,2025S2,zone_median,2
LANZADA,SO,apartment,145000,175000,2025S2,zone_median,2
LANZADA,SO,house,170000,210000,2025S2,zone_median,1
LANZADA,SO,villa,170000,210000,2025S2,zone_median,1
LANZADA,SO,commercial,120000,160000,2025S2,zone_median,1
LIVIGNO,SO,apartment,610000,740000,2025S2,zone_median,5
LIVIGNO,SO,house,645000,775000,2025S2,zone_median,2
LIVIGNO,SO,villa,645000,775000,2025S2,zone_median,2
LIVIGNO,SO,commercial,450000,610000,2025S2,zone_median,4
LOVERO VALTELLINO,SO,apartment,80000,105000,2025S2,zone_median,2
LOVERO VALTELLINO,SO,house,90000,115000,2025S2,zone_median,1
LOVERO VALTELLINO,SO,villa,90000,115000,2025S2,zone_median,1
MANTELLO,SO,apartment,80000,102500,2025S2,zone_median,2
MANTELLO,SO,house,95000,110000,2025S2,zone_median,1
MANTELLO,SO,villa,95000,110000,2025S2,zone_median,1
MANTELLO,SO,commercial,85000,110000,2025S2,zone_median,1
MAZZO DI VALTELLINA,SO,apartment,80000,100000,2025S2,zone_median,3
MAZZO DI VALTELLINA,SO,house,85000,105000,2025S2,zone_median,1
MAZZO DI VALTELLINA,SO,commercial,80000,110000,2025S2,zone_median,1
MAZZO DI VALTELLINA,SO,villa,85000,105000,2025S2,zone_median,1
MELLO,SO,apartment,82500,102500,2025S2,zone_median,4
MELLO,SO,house,87500,107500,2025S2,zone_median,2
MELLO,SO,villa,87500,107500,2025S2,zone_median,2
MELLO,SO,commercial,80000,110000,2025S2,zone_median,1
MESE,SO,apartment,100000,122500,2025S2,zone_median,2
MESE,SO,house,105000,140000,2025S2,zone_median,1
MESE,SO,villa,105000,140000,2025S2,zone_median,1
MESE,SO,commercial,90000,125000,2025S2,zone_median,1
MONTAGNA IN VALTELLINA,SO,apartment,105000,130000,2025S2,zone_median,4
MONTAGNA IN VALTELLINA,SO,house,110000,140000,2025S2,zone_median,3
MONTAGNA IN VALTELLINA,SO,villa,110000,140000,2025S2,zone_median,3
MONTAGNA IN VALTELLINA,SO,commercial,100000,122500,2025S2,zone_median,2
MORBEGNO,SO,apartment,110000,130000,2025S2,zone_median,5
MORBEGNO,SO,house,140000,175000,2025S2,zone_median,3
MORBEGNO,SO,villa,140000,175000,2025S2,zone_median,3
MORBEGNO,SO,commercial,110000,145000,2025S2,zone_median,3
NOVATE MEZZOLA,SO,apartment,95000,120000,2025S2,zone_median,2
NOVATE MEZZOLA,SO,house,97500,125000,2025S2,zone_median,2
NOVATE MEZZOLA,SO,villa,97500,125000,2025S2,zone_median,2
NOVATE MEZZOLA,SO,commercial,85000,115000,2025S2,zone_median,2
PEDESINA,SO,apartment,75000,90000,2025S2,zone_median,1
PEDESINA,SO,house,75000,90000,2025S2,zone_median,1
POGGIRIDENTI,SO,apartment,95000,115000,2025S2,zone_median,4
POGGIRIDENTI,SO,house,107500,125000,2025S2,zone_median,2
POGGIRIDENTI,SO,villa,107500,125000,2025S2,zone_median,2
POGGIRIDENTI,SO,commercial,90000,120000,2025S2,zone_median,2
PIANTEDO,SO,apartment,80000,100000,2025S2,zone_median,3
PIANTEDO,SO,house,92500,112500,2025S2,zone_median,2
PIANTEDO,SO,villa,92500,112500,2025S2,zone_median,2
PIANTEDO,SO,commercial,90000,112500,2025S2,zone_median,2
PIATEDA,SO,apartment,85000,105000,2025S2,zone_median,3
PIATEDA,SO,house,90000,115000,2025S2,zone_median,1
PIATEDA,SO,villa,90000,115000,2025S2,zone_median,1
PIATEDA,SO,commercial,90000,120000,2025S2,zone_median,1
PIURO,SO,apartment,105000,130000,2025S2,zone_median,3
PIURO,SO,house,110000,135000,2025S2,zone_median,2
PIURO,SO,villa,110000,135000,2025S2,zone_median,2
PIURO,SO,commercial,80000,110000,2025S2,zone_median,1
PONTE IN VALTELLINA,SO,apartment,90000,117500,2025S2,zone_median,4
PONTE IN VALTELLINA,SO,house,100000,120000,2025S2,zone_median,1
PONTE IN VALTELLINA,SO,villa,100000,120000,2025S2,zone_median,1
PONTE IN VALTELLINA,SO,commercial,90000,120000,2025S2,zone_median,1
POSTALESIO,SO,apartment,82500,107500,2025S2,zone_median,2
POSTALESIO,SO,house,90000,120000,2025S2,zone_median,1
POSTALESIO,SO,villa,90000,120000,2025S2,zone_median,1
PRATA CAMPORTACCIO,SO,apartment,95000,115000,2025S2,zone_median,4
PRATA CAMPORTACCIO,SO,house,112500,137500,2025S2,zone_median,2
PRATA CAMPORTACCIO,SO,villa,112500,137500,2025S2,zone_median,2
PRATA CAMPORTACCIO,SO,commercial,87500,120000,2025S2,zone_median,2
RASURA,SO,apartment,77500,95000,2025S2,zone_median,2
RASURA,SO,house,40000,60000,2025S2,zone_median,1
ROGOLO,SO,apartment,90000,105000,2025S2,zone_median,2
ROGOLO,SO,house,95000,110000,2025S2,zone_median,1
ROGOLO,SO,villa,95000,110000,2025S2,zone_median,1
ROGOLO,SO,commercial,85000,115000,2025S2,zone_median,1
SAMOLACO,SO,apartment,80000,105000,2025S2,zone_median,5
SAMOLACO,SO,house,30000,40000,2025S2,zone_median,1
SAMOLACO,SO,commercial,80000,110000,2025S2,zone_median,3
SAN GIACOMO FILIPPO,SO,apartment,70000,100000,2025S2,zone_median,3
SAN GIACOMO FILIPPO,SO,house,40000,50000,2025S2,zone_median,4
SAN GIACOMO FILIPPO,SO,commercial,80000,100000,2025S2,zone_median,1
SERNIO,SO,apartment,87500,107500,2025S2,zone_median,2
SERNIO,SO,house,85000,110000,2025S2,zone_median,1
SERNIO,SO,villa,85000,110000,2025S2,zone_median,1
SONDALO,SO,apartment,105000,127500,2025S2,zone_median,4
SONDALO,SO,house,120000,145000,2025S2,zone_median,2
SONDALO,SO,villa,120000,145000,2025S2,zone_median,2
SONDALO,SO,commercial,95000,117500,2025S2,zone_median,2
SPRIANA,SO,apartment,90000,115000,2025S2,zone_median,1
SPRIANA,SO,house,90000,115000,2025S2,zone_median,1
TALAMONA,SO,apartment,95000,120000,2025S2,zone_median,2
TALAMONA,SO,house,102500,122500,2025S2,zone_median,2
TALAMONA,SO,villa,102500,122500,2025S2,zone_median,2
TALAMONA,SO,commercial,87500,117500,2025S2,zone_median,2
TARTANO,SO,apartment,80000,102500,2025S2,zone_median,2
TARTANO,SO,house,40000,52500,2025S2,zone_median,2
TEGLIO,SO,apartment,97500,125000,2025S2,zone_median,4
TEGLIO,SO,house,105000,140000,2025S2,zone_median,2
TEGLIO,SO,villa,105000,140000,2025S2,zone_median,2
TEGLIO,SO,commercial,95000,122500,2025S2,zone_median,2
TIRANO,SO,apartment,115000,140000,2025S2,zone_median,6
TIRANO,SO,house,120000,145000,2025S2,zone_median,5
TIRANO,SO,villa,120000,145000,2025S2,zone_median,5
TIRANO,SO,commercial,125000,165000,2025S2,zone_median,2
TORRE DI SANTA MARIA,SO,apartment,110000,135000,2025S2,zone_median,3
TORRE DI SANTA MARIA,SO,house,45000,60000,2025S2,zone_median,3
TORRE DI SANTA MARIA,SO,commercial,100000,125000,2025S2,zone_median,1
TOVO DI SANT`AGATA,SO,apartment,90000,110000,2025S2,zone_median,1
TOVO DI SANT`AGATA,SO,house,95000,115000,2025S2,zone_median,1
TOVO DI SANT`AGATA,SO,villa,95000,115000,2025S2,zone_median,1
TOVO DI SANT`AGATA,SO,commercial,85000,110000,2025S2,zone_median,1
TRAONA,SO,apartment,110000,140000,2025S2,zone_median,3
TRAONA,SO,house,125000,150000,2025S2,zone_median,2
TRAONA,SO,villa,125000,150000,2025S2,zone_median,2
TRAONA,SO,commercial,90000,120000,2025S2,zone_median,1
TRESIVIO,SO,apartment,92500,122500,2025S2,zone_median,2
TRESIVIO,SO,house,97500,125000,2025S2,zone_median,2
TRESIVIO,SO,villa,97500,125000,2025S2,zone_median,2
TRESIVIO,SO,commercial,90000,120000,2025S2,zone_median,1
VALDIDENTRO,SO,apartment,240000,310000,2025S2,zone_median,5
VALDIDENTRO,SO,house,250000,320000,2025S2,zone_median,4
VALDIDENTRO,SO,villa,250000,320000,2025S2,zone_median,4
VALDIDENTRO,SO,commercial,180000,230000,2025S2,zone_median,3
VALDISOTTO,SO,apartment,232500,285000,2025S2,zone_median,4
VALDISOTTO,SO,house,240000,312500,2025S2,zone_median,2
VALDISOTTO,SO,villa,240000,312500,2025S2,zone_median,2
VALDISOTTO,SO,commercial,170000,260000,2025S2,zone_median,1
VALFURVA,SO,apartment,190000,250000,2025S2,zone_median,3
VALFURVA,SO,house,270000,330000,2025S2,zone_median,1
VALFURVA,SO,commercial,190000,260000,2025S2,zone_median,2
VALFURVA,SO,villa,270000,330000,2025S2,zone_median,1
VAL MASINO,SO,apartment,90000,115000,2025S2,zone_median,2
VAL MASINO,SO,house,95000,120000,2025S2,zone_median,2
VAL MASINO,SO,villa,95000,120000,2025S2,zone_median,2
VAL MASINO,SO,commercial,100000,122500,2025S2,zone_median,2
VERCEIA,SO,apartment,90000,110000,2025S2,zone_median,1
VERCEIA,SO,house,95000,120000,2025S2,zone_median,1
VERCEIA,SO,villa,95000,120000,2025S2,zone_median,1
VERCEIA,SO,commercial,90000,115000,2025S2,zone_median,1
VERVIO,SO,apartment,75000,95000,2025S2,zone_median,3
VERVIO,SO,house,75000,95000,2025S2,zone_median,3
VILLA DI CHIAVENNA,SO,apartment,75000,100000,2025S2,zone_median,2
VILLA DI CHIAVENNA,SO,house,30000,40000,2025S2,zone_median,1
VILLA DI CHIAVENNA,SO,commercial,80000,105000,2025S2,zone_median,2
VILLA DI TIRANO,SO,apartment,80000,105000,2025S2,zone_median,4
VILLA DI TIRANO,SO,house,105000,135000,2025S2,zone_median,1
VILLA DI TIRANO,SO,villa,105000,135000,2025S2,zone_median,1
VILLA DI TIRANO,SO,commercial,90000,120000,2025S2,zone_median,1
VARESE,VA,apartment,115000,145000,2025S2,zone_median,13
VARESE,VA,house,145000,190000,2025S2,zone_median,11
VARESE,VA,commercial,130000,175000,2025S2,zone_median,13
VARESE,VA,villa,145000,190000,2025S2,zone_median,11
AGRA,VA,apartment,95000,125000,2025S2,zone_median,1
AGRA,VA,house,115000,145000,2025S2,zone_median,1
AGRA,VA,villa,115000,145000,2025S2,zone_median,1
AGRA,VA,commercial,91000,120000,2025S2,zone_median,1
ALBIZZATE,VA,apartment,112500,140000,2025S2,zone_median,2
ALBIZZATE,VA,house,147500,177500,2025S2,zone_median,2
ALBIZZATE,VA,villa,147500,177500,2025S2,zone_median,2
ALBIZZATE,VA,commercial,98000,130000,2025S2,zone_median,1
ANGERA,VA,apartment,120000,150000,2025S2,zone_median,3
ANGERA,VA,house,150000,195000,2025S2,zone_median,3
ANGERA,VA,villa,150000,195000,2025S2,zone_median,3
ANGERA,VA,commercial,120000,157500,2025S2,zone_median,2
ARCISATE,VA,apartment,105000,135000,2025S2,zone_median,3
ARCISATE,VA,house,135000,175000,2025S2,zone_median,3
ARCISATE,VA,villa,135000,175000,2025S2,zone_median,3
ARCISATE,VA,commercial,109000,137500,2025S2,zone_median,2
ARSAGO SEPRIO,VA,apartment,110000,132500,2025S2,zone_median,2
ARSAGO SEPRIO,VA,house,130000,157500,2025S2,zone_median,2
ARSAGO SEPRIO,VA,villa,130000,157500,2025S2,zone_median,2
ARSAGO SEPRIO,VA,commercial,98000,130000,2025S2,zone_median,1
AZZATE,VA,apartment,112500,140000,2025S2,zone_median,2
AZZATE,VA,house,145000,185000,2025S2,zone_median,2
AZZATE,VA,villa,145000,185000,2025S2,zone_median,2
AZZATE,VA,commercial,98000,140000,2025S2,zone_median,1
AZZIO,VA,apartment,105000,130000,2025S2,zone_median,1
AZZIO,VA,house,125000,155000,2025S2,zone_median,1
AZZIO,VA,villa,125000,155000,2025S2,zone_median,1
AZZIO,VA,commercial,91000,120000,2025S2,zone_median,1
BARASSO,VA,apartment,125000,165000,2025S2,zone_median,2
BARASSO,VA,house,162500,217500,2025S2,zone_median,2
BARASSO,VA,villa,162500,217500,2025S2,zone_median,2
BARASSO,VA,commercial,120000,165000,2025S2,zone_median,1
BEDERO VALCUVIA,VA,apartment,105000,130000,2025S2,zone_median,1
BEDERO VALCUVIA,VA,house,125000,155000,2025S2,zone_median,1
BEDERO VALCUVIA,VA,villa,125000,155000,2025S2,zone_median,1
BEDERO VALCUVIA,VA,commercial,91000,120000,2025S2,zone_median,1
BESANO,VA,apartment,110000,137500,2025S2,zone_median,2
BESANO,VA,house,130000,162500,2025S2,zone_median,2
BESANO,VA,villa,130000,162500,2025S2,zone_median,2
BESANO,VA,commercial,91000,120000,2025S2,zone_median,1
BESNATE,VA,apartment,105000,140000,2025S2,zone_median,3
BESNATE,VA,house,125000,170000,2025S2,zone_median,3
BESNATE,VA,villa,125000,170000,2025S2,zone_median,3
BESNATE,VA,commercial,94500,125000,2025S2,zone_median,2
BESOZZO,VA,apartment,100000,125000,2025S2,zone_median,3
BESOZZO,VA,house,130000,160000,2025S2,zone_median,3
BESOZZO,VA,villa,130000,160000,2025S2,zone_median,3
BESOZZO,VA,commercial,120000,162500,2025S2,zone_median,2
BIANDRONNO,VA,apartment,107500,130000,2025S2,zone_median,2
BIANDRONNO,VA,house,140000,167500,2025S2,zone_median,2
BIANDRONNO,VA,villa,140000,167500,2025S2,zone_median,2
BIANDRONNO,VA,commercial,91000,120000,2025S2,zone_median,1
BISUSCHIO,VA,apartment,112500,140000,2025S2,zone_median,2
BISUSCHIO,VA,house,135000,165000,2025S2,zone_median,2
BISUSCHIO,VA,villa,135000,165000,2025S2,zone_median,2
BISUSCHIO,VA,commercial,91000,120000,2025S2,zone_median,2
BODIO LOMNAGO,VA,apartment,110000,132500,2025S2,zone_median,2
BODIO LOMNAGO,VA,house,142500,172500,2025S2,zone_median,2
BODIO LOMNAGO,VA,villa,142500,172500,2025S2,zone_median,2
BODIO LOMNAGO,VA,commercial,91000,120000,2025S2,zone_median,1
BREBBIA,VA,apartment,97500,125000,2025S2,zone_median,2
BREBBIA,VA,house,120000,147500,2025S2,zone_median,2
BREBBIA,VA,villa,120000,147500,2025S2,zone_median,2
BREBBIA,VA,commercial,98000,130000,2025S2,zone_median,1
BRENTA,VA,apartment,110000,132500,2025S2,zone_median,2
BRENTA,VA,house,130000,157500,2025S2,zone_median,2
BRENTA,VA,villa,130000,157500,2025S2,zone_median,2
BRENTA,VA,commercial,91000,120000,2025S2,zone_median,1
BREZZO DI BEDERO,VA,apartment,120000,145000,2025S2,zone_median,2
BREZZO DI BEDERO,VA,house,152500,187500,2025S2,zone_median,2
BREZZO DI BEDERO,VA,villa,152500,187500,2025S2,zone_median,2
BREZZO DI BEDERO,VA,commercial,98000,130000,2025S2,zone_median,1
BRINZIO,VA,apartment,115000,150000,2025S2,zone_median,1
BRINZIO,VA,house,135000,175000,2025S2,zone_median,1
BRINZIO,VA,villa,135000,175000,2025S2,zone_median,1
BRINZIO,VA,commercial,91000,120000,2025S2,zone_median,1
BRISSAGO-VALTRAVAGLIA,VA,apartment,95000,122500,2025S2,zone_median,2
BRISSAGO-VALTRAVAGLIA,VA,house,117500,145000,2025S2,zone_median,2
BRISSAGO-VALTRAVAGLIA,VA,villa,117500,145000,2025S2,zone_median,2
BRISSAGO-VALTRAVAGLIA,VA,commercial,91000,120000,2025S2,zone_median,1
BRUNELLO,VA,apartment,102500,127500,2025S2,zone_median,2
BRUNELLO,VA,house,125000,152500,2025S2,zone_median,2
BRUNELLO,VA,villa,125000,152500,2025S2,zone_median,2
BRUNELLO,VA,commercial,91000,120000,2025S2,zone_median,1
BRUSIMPIANO,VA,apartment,112500,147500,2025S2,zone_median,2
BRUSIMPIANO,VA,house,145000,195000,2025S2,zone_median,2
BRUSIMPIANO,VA,villa,145000,195000,2025S2,zone_median,2
BRUSIMPIANO,VA,commercial,91000,120000,2025S2,zone_median,1
BUGUGGIATE,VA,apartment,112500,145000,2025S2,zone_median,2
BUGUGGIATE,VA,house,145000,185000,2025S2,zone_median,2
BUGUGGIATE,VA,villa,145000,185000,2025S2,zone_median,2
BUGUGGIATE,VA,commercial,98000,140000,2025S2,zone_median,1
BUSTO ARSIZIO,VA,apartment,130000,152500,2025S2,zone_median,8
BUSTO ARSIZIO,VA,house,135000,180000,2025S2,zone_median,7
BUSTO ARSIZIO,VA,commercial,125000,170000,2025S2,zone_median,8
BUSTO ARSIZIO,VA,villa,135000,180000,2025S2,zone_median,7
CASTELLO CABIAGLIO,VA,apartment,105000,130000,2025S2,zone_median,1
CASTELLO CABIAGLIO,VA,house,125000,155000,2025S2,zone_median,1
CASTELLO CABIAGLIO,VA,villa,125000,155000,2025S2,zone_median,1
CASTELLO CABIAGLIO,VA,commercial,91000,120000,2025S2,zone_median,1
CADEGLIANO-VICONAGO,VA,apartment,102500,127500,2025S2,zone_median,2
CADEGLIANO-VICONAGO,VA,house,125000,152500,2025S2,zone_median,2
CADEGLIANO-VICONAGO,VA,villa,125000,152500,2025S2,zone_median,2
CADEGLIANO-VICONAGO,VA,commercial,91000,120000,2025S2,zone_median,1
CAIRATE,VA,apartment,105000,130000,2025S2,zone_median,3
CAIRATE,VA,house,125000,155000,2025S2,zone_median,3
CAIRATE,VA,villa,125000,155000,2025S2,zone_median,3
CAIRATE,VA,commercial,94500,125000,2025S2,zone_median,2
CANTELLO,VA,apartment,105000,135000,2025S2,zone_median,3
CANTELLO,VA,house,135000,175000,2025S2,zone_median,3
CANTELLO,VA,villa,135000,175000,2025S2,zone_median,3
CANTELLO,VA,commercial,105000,135000,2025S2,zone_median,2
CARAVATE,VA,apartment,97500,122500,2025S2,zone_median,2
CARAVATE,VA,house,120000,142500,2025S2,zone_median,2
CARAVATE,VA,villa,120000,142500,2025S2,zone_median,2
CARAVATE,VA,commercial,98000,130000,2025S2,zone_median,1
CARDANO AL CAMPO,VA,apartment,110000,140000,2025S2,zone_median,3
CARDANO AL CAMPO,VA,house,130000,170000,2025S2,zone_median,3
CARDANO AL CAMPO,VA,villa,130000,170000,2025S2,zone_median,3
CARDANO AL CAMPO,VA,commercial,99000,135000,2025S2,zone_median,2
CARNAGO,VA,apartment,105000,135000,2025S2,zone_median,2
CARNAGO,VA,house,125000,162500,2025S2,zone_median,2
CARNAGO,VA,villa,125000,162500,2025S2,zone_median,2
CARNAGO,VA,commercial,100000,130000,2025S2,zone_median,1
CARONNO VARESINO,VA,apartment,105000,132500,2025S2,zone_median,2
CARONNO VARESINO,VA,house,125000,157500,2025S2,zone_median,2
CARONNO VARESINO,VA,villa,125000,157500,2025S2,zone_median,2
CARONNO VARESINO,VA,commercial,100000,130000,2025S2,zone_median,1
CARONNO PERTUSELLA,VA,apartment,145000,185000,2025S2,zone_median,3
CARONNO PERTUSELLA,VA,house,125000,150000,2025S2,zone_median,3
CARONNO PERTUSELLA,VA,villa,125000,150000,2025S2,zone_median,3
CARONNO PERTUSELLA,VA,commercial,100000,130000,2025S2,zone_median,3
CASALE LITTA,VA,apartment,94000,120000,2025S2,zone_median,3
CASALE LITTA,VA,house,125000,155000,2025S2,zone_median,3
CASALE LITTA,VA,villa,125000,155000,2025S2,zone_median,3
CASALE LITTA,VA,commercial,91000,120000,2025S2,zone_median,1
CASALZUIGNO,VA,apartment,101500,130000,2025S2,zone_median,2
CASALZUIGNO,VA,house,122500,155000,2025S2,zone_median,2
CASALZUIGNO,VA,villa,122500,155000,2025S2,zone_median,2
CASALZUIGNO,VA,commercial,91000,120000,2025S2,zone_median,1
CASCIAGO,VA,apartment,120000,155000,2025S2,zone_median,2
CASCIAGO,VA,house,155000,197500,2025S2,zone_median,2
CASCIAGO,VA,villa,155000,197500,2025S2,zone_median,2
CASCIAGO,VA,commercial,110000,145000,2025S2,zone_median,1
CASORATE SEMPIONE,VA,apartment,110000,132500,2025S2,zone_median,2
CASORATE SEMPIONE,VA,house,130000,157500,2025S2,zone_median,2
CASORATE SEMPIONE,VA,villa,130000,157500,2025S2,zone_median,2
CASORATE SEMPIONE,VA,commercial,98000,130000,2025S2,zone_median,1
CASSANO MAGNAGO,VA,apartment,110000,130000,2025S2,zone_median,3
CASSANO MAGNAGO,VA,house,125000,165000,2025S2,zone_median,3
CASSANO MAGNAGO,VA,villa,125000,165000,2025S2,zone_median,3
CASSANO MAGNAGO,VA,commercial,99000,135000,2025S2,zone_median,2
CASSANO VALCUVIA,VA,apartment,98000,125000,2025S2,zone_median,1
CASSANO VALCUVIA,VA,house,120000,150000,2025S2,zone_median,1
CASSANO VALCUVIA,VA,villa,120000,150000,2025S2,zone_median,1
CASSANO VALCUVIA,VA,commercial,91000,120000,2025S2,zone_median,1
CASTELLANZA,VA,apartment,117500,145000,2025S2,zone_median,4
CASTELLANZA,VA,house,150000,185000,2025S2,zone_median,4
CASTELLANZA,VA,villa,150000,185000,2025S2,zone_median,4
CASTELLANZA,VA,commercial,110000,140000,2025S2,zone_median,2
CASTELVECCANA,VA,apartment,120000,145000,2025S2,zone_median,2
CASTELVECCANA,VA,house,152500,187500,2025S2,zone_median,2
CASTELVECCANA,VA,villa,152500,187500,2025S2,zone_median,2
CASTELVECCANA,VA,commercial,91000,120000,2025S2,zone_median,1
CASTELSEPRIO,VA,apartment,101500,127500,2025S2,zone_median,2
CASTELSEPRIO,VA,house,122500,152500,2025S2,zone_median,2
CASTELSEPRIO,VA,villa,122500,152500,2025S2,zone_median,2
CASTELSEPRIO,VA,commercial,98000,120000,2025S2,zone_median,1
CASTIGLIONE OLONA,VA,apartment,117500,142500,2025S2,zone_median,2
CASTIGLIONE OLONA,VA,house,147500,182500,2025S2,zone_median,2
CASTIGLIONE OLONA,VA,villa,147500,182500,2025S2,zone_median,2
CASTIGLIONE OLONA,VA,commercial,120000,155000,2025S2,zone_median,2
CASTRONNO,VA,apartment,117500,142500,2025S2,zone_median,2
CASTRONNO,VA,house,147500,182500,2025S2,zone_median,2
CASTRONNO,VA,villa,147500,182500,2025S2,zone_median,2
CASTRONNO,VA,commercial,100000,130000,2025S2,zone_median,1
CAVARIA CON PREMEZZO,VA,apartment,110000,135000,2025S2,zone_median,2
CAVARIA CON PREMEZZO,VA,house,130000,162500,2025S2,zone_median,2
CAVARIA CON PREMEZZO,VA,villa,130000,162500,2025S2,zone_median,2
CAVARIA CON PREMEZZO,VA,commercial,98000,130000,2025S2,zone_median,1
CAZZAGO BRABBIA,VA,apartment,110000,132500,2025S2,zone_median,2
CAZZAGO BRABBIA,VA,house,132500,160000,2025S2,zone_median,2
CAZZAGO BRABBIA,VA,villa,132500,160000,2025S2,zone_median,2
CAZZAGO BRABBIA,VA,commercial,91000,120000,2025S2,zone_median,2
CISLAGO,VA,apartment,120000,140000,2025S2,zone_median,3
CISLAGO,VA,house,140000,170000,2025S2,zone_median,3
CISLAGO,VA,villa,140000,170000,2025S2,zone_median,3
CISLAGO,VA,commercial,125000,162500,2025S2,zone_median,2
CITTIGLIO,VA,apartment,105000,135000,2025S2,zone_median,3
CITTIGLIO,VA,house,135000,175000,2025S2,zone_median,3
CITTIGLIO,VA,villa,135000,175000,2025S2,zone_median,3
CITTIGLIO,VA,commercial,120000,170000,2025S2,zone_median,1
CLIVIO,VA,apartment,99500,127500,2025S2,zone_median,2
CLIVIO,VA,house,122500,152500,2025S2,zone_median,2
CLIVIO,VA,villa,122500,152500,2025S2,zone_median,2
CLIVIO,VA,commercial,91000,120000,2025S2,zone_median,1
COCQUIO-TREVISAGO,VA,apartment,115000,140000,2025S2,zone_median,3
COCQUIO-TREVISAGO,VA,house,140000,180000,2025S2,zone_median,3
COCQUIO-TREVISAGO,VA,villa,140000,180000,2025S2,zone_median,3
COCQUIO-TREVISAGO,VA,commercial,120000,170000,2025S2,zone_median,1
COMABBIO,VA,apartment,107500,130000,2025S2,zone_median,2
COMABBIO,VA,house,140000,167500,2025S2,zone_median,2
COMABBIO,VA,villa,140000,167500,2025S2,zone_median,2
COMABBIO,VA,commercial,91000,120000,2025S2,zone_median,1
COMERIO,VA,apartment,125000,162500,2025S2,zone_median,2
COMERIO,VA,house,160000,207500,2025S2,zone_median,2
COMERIO,VA,villa,160000,207500,2025S2,zone_median,2
COMERIO,VA,commercial,120000,165000,2025S2,zone_median,1
CREMENAGA,VA,apartment,100000,125000,2025S2,zone_median,1
CREMENAGA,VA,house,120000,150000,2025S2,zone_median,1
CREMENAGA,VA,villa,120000,150000,2025S2,zone_median,1
CREMENAGA,VA,commercial,91000,120000,2025S2,zone_median,1
CROSIO DELLA VALLE,VA,apartment,107500,130000,2025S2,zone_median,2
CROSIO DELLA VALLE,VA,house,127500,157500,2025S2,zone_median,2
CROSIO DELLA VALLE,VA,villa,127500,157500,2025S2,zone_median,2
CROSIO DELLA VALLE,VA,commercial,91000,120000,2025S2,zone_median,1
CUASSO AL MONTE,VA,apartment,99500,127500,2025S2,zone_median,4
CUASSO AL MONTE,VA,house,125000,157500,2025S2,zone_median,4
CUASSO AL MONTE,VA,villa,125000,157500,2025S2,zone_median,4
CUASSO AL MONTE,VA,commercial,91000,120000,2025S2,zone_median,1
CUGLIATE-FABIASCO,VA,apartment,107500,132500,2025S2,zone_median,2
CUGLIATE-FABIASCO,VA,house,127500,160000,2025S2,zone_median,2
CUGLIATE-FABIASCO,VA,villa,127500,160000,2025S2,zone_median,2
CUGLIATE-FABIASCO,VA,commercial,91000,120000,2025S2,zone_median,1
CUNARDO,VA,apartment,112500,137500,2025S2,zone_median,2
CUNARDO,VA,house,135000,167500,2025S2,zone_median,2
CUNARDO,VA,villa,135000,167500,2025S2,zone_median,2
CUNARDO,VA,commercial,91000,120000,2025S2,zone_median,1
CURIGLIA C MONTEVIASCO,VA,apartment,85000,107500,2025S2,zone_median,2
CURIGLIA C MONTEVIASCO,VA,house,102000,130000,2025S2,zone_median,2
CURIGLIA C MONTEVIASCO,VA,villa,102000,130000,2025S2,zone_median,2
CURIGLIA C MONTEVIASCO,VA,commercial,91000,120000,2025S2,zone_median,1
CUVEGLIO,VA,apartment,105000,130000,2025S2,zone_median,3
CUVEGLIO,VA,house,125000,155000,2025S2,zone_median,3
CUVEGLIO,VA,villa,125000,155000,2025S2,zone_median,3
CUVEGLIO,VA,commercial,91000,120000,2025S2,zone_median,1
CUVIO,VA,apartment,105000,135000,2025S2,zone_median,1
CUVIO,VA,house,125000,160000,2025S2,zone_median,1
CUVIO,VA,villa,125000,160000,2025S2,zone_median,1
CUVIO,VA,commercial,91000,120000,2025S2,zone_median,1
DAVERIO,VA,apartment,110000,137500,2025S2,zone_median,2
DAVERIO,VA,house,142500,177500,2025S2,zone_median,2
DAVERIO,VA,villa,142500,177500,2025S2,zone_median,2
DAVERIO,VA,commercial,98000,140000,2025S2,zone_median,1
DUMENZA,VA,apartment,81000,96000,2025S2,zone_median,3
DUMENZA,VA,house,96000,120000,2025S2,zone_median,3
DUMENZA,VA,villa,96000,120000,2025S2,zone_median,3
DUMENZA,VA,commercial,91000,120000,2025S2,zone_median,2
DUNO,VA,apartment,105000,135000,2025S2,zone_median,1
DUNO,VA,house,125000,160000,2025S2,zone_median,1
DUNO,VA,villa,125000,160000,2025S2,zone_median,1
DUNO,VA,commercial,91000,120000,2025S2,zone_median,1
FAGNANO OLONA,VA,apartment,105000,135000,2025S2,zone_median,3
FAGNANO OLONA,VA,house,135000,165000,2025S2,zone_median,3
FAGNANO OLONA,VA,villa,135000,165000,2025S2,zone_median,3
FAGNANO OLONA,VA,commercial,99000,135000,2025S2,zone_median,2
FERNO,VA,apartment,112500,147500,2025S2,zone_median,2
FERNO,VA,house,132500,175000,2025S2,zone_median,2
FERNO,VA,villa,132500,175000,2025S2,zone_median,2
FERNO,VA,commercial,98000,130000,2025S2,zone_median,1
FERRERA DI VARESE,VA,apartment,100000,125000,2025S2,zone_median,1
FERRERA DI VARESE,VA,house,120000,150000,2025S2,zone_median,1
FERRERA DI VARESE,VA,villa,120000,150000,2025S2,zone_median,1
FERRERA DI VARESE,VA,commercial,91000,120000,2025S2,zone_median,1
GALLARATE,VA,apartment,125000,150000,2025S2,zone_median,8
GALLARATE,VA,house,125000,165000,2025S2,zone_median,7
GALLARATE,VA,commercial,130000,167500,2025S2,zone_median,8
GALLARATE,VA,villa,125000,165000,2025S2,zone_median,7
GALLIATE LOMBARDO,VA,apartment,107500,130000,2025S2,zone_median,2
GALLIATE LOMBARDO,VA,house,140000,167500,2025S2,zone_median,2
GALLIATE LOMBARDO,VA,villa,140000,167500,2025S2,zone_median,2
GALLIATE LOMBARDO,VA,commercial,91000,120000,2025S2,zone_median,1
GAVIRATE,VA,apartment,125000,162500,2025S2,zone_median,4
GAVIRATE,VA,house,160000,207500,2025S2,zone_median,4
GAVIRATE,VA,villa,160000,207500,2025S2,zone_median,4
GAVIRATE,VA,commercial,120000,175000,2025S2,zone_median,3
GAZZADA SCHIANNO,VA,apartment,105500,132500,2025S2,zone_median,2
GAZZADA SCHIANNO,VA,house,137500,167500,2025S2,zone_median,2
GAZZADA SCHIANNO,VA,villa,137500,167500,2025S2,zone_median,2
GAZZADA SCHIANNO,VA,commercial,100000,130000,2025S2,zone_median,1
GEMONIO,VA,apartment,110000,137500,2025S2,zone_median,2
GEMONIO,VA,house,137500,177500,2025S2,zone_median,2
GEMONIO,VA,villa,137500,177500,2025S2,zone_median,2
GEMONIO,VA,commercial,115000,162500,2025S2,zone_median,2
GERENZANO,VA,apartment,115000,135000,2025S2,zone_median,3
GERENZANO,VA,house,135000,165000,2025S2,zone_median,3
GERENZANO,VA,villa,135000,165000,2025S2,zone_median,3
GERENZANO,VA,commercial,95500,125000,2025S2,zone_median,2
GERMIGNAGA,VA,apartment,120000,145000,2025S2,zone_median,2
GERMIGNAGA,VA,house,152500,187500,2025S2,zone_median,2
GERMIGNAGA,VA,villa,152500,187500,2025S2,zone_median,2
GERMIGNAGA,VA,commercial,120000,170000,2025S2,zone_median,1
GOLASECCA,VA,apartment,110000,132500,2025S2,zone_median,2
GOLASECCA,VA,house,130000,157500,2025S2,zone_median,2
GOLASECCA,VA,villa,130000,157500,2025S2,zone_median,2
GOLASECCA,VA,commercial,91000,120000,2025S2,zone_median,1
GORLA MAGGIORE,VA,apartment,115000,135000,2025S2,zone_median,3
GORLA MAGGIORE,VA,house,135000,160000,2025S2,zone_median,3
GORLA MAGGIORE,VA,villa,135000,160000,2025S2,zone_median,3
GORLA MAGGIORE,VA,commercial,94500,125000,2025S2,zone_median,2
GORLA MINORE,VA,apartment,105000,130000,2025S2,zone_median,3
GORLA MINORE,VA,house,125000,155000,2025S2,zone_median,3
GORLA MINORE,VA,villa,125000,155000,2025S2,zone_median,3
GORLA MINORE,VA,commercial,94500,125000,2025S2,zone_median,2
GORNATE-OLONA,VA,apartment,95500,120000,2025S2,zone_median,2
GORNATE-OLONA,VA,house,112500,142500,2025S2,zone_median,2
GORNATE-OLONA,VA,villa,112500,142500,2025S2,zone_median,2
GORNATE-OLONA,VA,commercial,98000,120000,2025S2,zone_median,2
GRANTOLA,VA,apartment,100000,125000,2025S2,zone_median,1
GRANTOLA,VA,house,125000,145000,2025S2,zone_median,1
GRANTOLA,VA,villa,125000,145000,2025S2,zone_median,1
GRANTOLA,VA,commercial,91000,120000,2025S2,zone_median,1
INARZO,VA,apartment,94000,120000,2025S2,zone_median,1
INARZO,VA,house,115000,140000,2025S2,zone_median,1
INARZO,VA,villa,115000,140000,2025S2,zone_median,1
INARZO,VA,commercial,91000,120000,2025S2,zone_median,1
INDUNO OLONA,VA,apartment,100000,130000,2025S2,zone_median,3
INDUNO OLONA,VA,house,130000,170000,2025S2,zone_median,3
INDUNO OLONA,VA,villa,130000,170000,2025S2,zone_median,3
INDUNO OLONA,VA,commercial,109000,137500,2025S2,zone_median,2
ISPRA,VA,apartment,97500,125000,2025S2,zone_median,4
ISPRA,VA,house,127500,160000,2025S2,zone_median,4
ISPRA,VA,villa,127500,160000,2025S2,zone_median,4
ISPRA,VA,commercial,104000,145000,2025S2,zone_median,2
JERAGO CON ORAGO,VA,apartment,110000,135000,2025S2,zone_median,2
JERAGO CON ORAGO,VA,house,130000,162500,2025S2,zone_median,2
JERAGO CON ORAGO,VA,villa,130000,162500,2025S2,zone_median,2
JERAGO CON ORAGO,VA,commercial,98000,130000,2025S2,zone_median,1
LAVENA-PONTE TRESA,VA,apartment,120000,150000,2025S2,zone_median,3
LAVENA-PONTE TRESA,VA,house,155000,185000,2025S2,zone_median,3
LAVENA-PONTE TRESA,VA,villa,155000,185000,2025S2,zone_median,3
LAVENA-PONTE TRESA,VA,commercial,125000,170000,2025S2,zone_median,2
LAVENO-MOMBELLO,VA,apartment,120000,145000,2025S2,zone_median,4
LAVENO-MOMBELLO,VA,house,152500,185000,2025S2,zone_median,4
LAVENO-MOMBELLO,VA,villa,152500,185000,2025S2,zone_median,4
LAVENO-MOMBELLO,VA,commercial,135000,182500,2025S2,zone_median,2
LEGGIUNO,VA,apartment,97500,127500,2025S2,zone_median,2
LEGGIUNO,VA,house,127500,165000,2025S2,zone_median,2
LEGGIUNO,VA,villa,127500,165000,2025S2,zone_median,2
LEGGIUNO,VA,commercial,98000,130000,2025S2,zone_median,1
LONATE CEPPINO,VA,apartment,101500,127500,2025S2,zone_median,2
LONATE CEPPINO,VA,house,122500,152500,2025S2,zone_median,2
LONATE CEPPINO,VA,villa,122500,152500,2025S2,zone_median,2
LONATE CEPPINO,VA,commercial,98000,120000,2025S2,zone_median,1
LONATE POZZOLO,VA,apartment,98000,125000,2025S2,zone_median,5
LONATE POZZOLO,VA,house,120000,150000,2025S2,zone_median,5
LONATE POZZOLO,VA,villa,120000,150000,2025S2,zone_median,5
LONATE POZZOLO,VA,commercial,94500,125000,2025S2,zone_median,2
LOZZA,VA,apartment,112500,140000,2025S2,zone_median,2
LOZZA,VA,house,145000,177500,2025S2,zone_median,2
LOZZA,VA,villa,145000,177500,2025S2,zone_median,2
LOZZA,VA,commercial,98000,120000,2025S2,zone_median,1
LUINO,VA,apartment,120000,150000,2025S2,zone_median,7
LUINO,VA,house,155000,190000,2025S2,zone_median,6
LUINO,VA,commercial,125000,160000,2025S2,zone_median,4
LUINO,VA,villa,155000,190000,2025S2,zone_median,6
LUVINATE,VA,apartment,122500,162500,2025S2,zone_median,2
LUVINATE,VA,house,157500,212500,2025S2,zone_median,2
LUVINATE,VA,villa,157500,212500,2025S2,zone_median,2
LUVINATE,VA,commercial,120000,165000,2025S2,zone_median,1
MALNATE,VA,apartment,110000,150000,2025S2,zone_median,4
MALNATE,VA,house,120000,157500,2025S2,zone_median,4
MALNATE,VA,villa,120000,157500,2025S2,zone_median,4
MALNATE,VA,commercial,125000,172500,2025S2,zone_median,2
MARCHIROLO,VA,apartment,112500,142500,2025S2,zone_median,2
MARCHIROLO,VA,house,135000,170000,2025S2,zone_median,2
MARCHIROLO,VA,villa,135000,170000,2025S2,zone_median,2
MARCHIROLO,VA,commercial,91000,120000,2025S2,zone_median,1
MARNATE,VA,apartment,105000,132500,2025S2,zone_median,4
MARNATE,VA,house,125000,157500,2025S2,zone_median,4
MARNATE,VA,villa,125000,157500,2025S2,zone_median,4
MARNATE,VA,commercial,94500,125000,2025S2,zone_median,2
MARZIO,VA,apartment,100000,125000,2025S2,zone_median,1
MARZIO,VA,house,120000,150000,2025S2,zone_median,1
MARZIO,VA,villa,120000,150000,2025S2,zone_median,1
MARZIO,VA,commercial,91000,120000,2025S2,zone_median,1
MASCIAGO PRIMO,VA,apartment,105000,130000,2025S2,zone_median,1
MASCIAGO PRIMO,VA,house,125000,155000,2025S2,zone_median,1
MASCIAGO PRIMO,VA,villa,125000,155000,2025S2,zone_median,1
MASCIAGO PRIMO,VA,commercial,91000,120000,2025S2,zone_median,1
MERCALLO,VA,apartment,102500,127500,2025S2,zone_median,2
MERCALLO,VA,house,125000,152500,2025S2,zone_median,2
MERCALLO,VA,villa,125000,152500,2025S2,zone_median,2
MERCALLO,VA,commercial,91000,120000,2025S2,zone_median,1
MESENZANA,VA,apartment,95000,122500,2025S2,zone_median,2
MESENZANA,VA,house,117500,145000,2025S2,zone_median,2
MESENZANA,VA,villa,117500,145000,2025S2,zone_median,2
MESENZANA,VA,commercial,91000,120000,2025S2,zone_median,1
MONTEGRINO-VALTRAVAGLIA,VA,apartment,95000,120000,2025S2,zone_median,2
MONTEGRINO-VALTRAVAGLIA,VA,house,117500,140000,2025S2,zone_median,2
MONTEGRINO-VALTRAVAGLIA,VA,villa,117500,140000,2025S2,zone_median,2
MONTEGRINO-VALTRAVAGLIA,VA,commercial,91000,120000,2025S2,zone_median,1
MONVALLE,VA,apartment,97500,127500,2025S2,zone_median,2
MONVALLE,VA,house,127500,165000,2025S2,zone_median,2
MONVALLE,VA,villa,127500,165000,2025S2,zone_median,2
MONVALLE,VA,commercial,98000,130000,2025S2,zone_median,1
MORAZZONE,VA,apartment,117500,142500,2025S2,zone_median,2
MORAZZONE,VA,house,140000,175000,2025S2,zone_median,1
MORAZZONE,VA,commercial,100000,130000,2025S2,zone_median,1
MORAZZONE,VA,villa,140000,175000,2025S2,zone_median,1
MORNAGO,VA,apartment,105000,135000,2025S2,zone_median,4
MORNAGO,VA,house,125000,160000,2025S2,zone_median,4
MORNAGO,VA,villa,125000,160000,2025S2,zone_median,4
MORNAGO,VA,commercial,91000,120000,2025S2,zone_median,1
OGGIONA CON S STEFANO,VA,apartment,110000,135000,2025S2,zone_median,2
OGGIONA CON S STEFANO,VA,house,130000,162500,2025S2,zone_median,2
OGGIONA CON S STEFANO,VA,villa,130000,162500,2025S2,zone_median,2
OGGIONA CON S STEFANO,VA,commercial,91000,120000,2025S2,zone_median,1
OLGIATE OLONA,VA,apartment,105000,130000,2025S2,zone_median,3
OLGIATE OLONA,VA,house,135000,175000,2025S2,zone_median,3
OLGIATE OLONA,VA,villa,135000,175000,2025S2,zone_median,3
OLGIATE OLONA,VA,commercial,94500,125000,2025S2,zone_median,2
ORIGGIO,VA,apartment,115000,135000,2025S2,zone_median,3
ORIGGIO,VA,house,135000,165000,2025S2,zone_median,3
ORIGGIO,VA,villa,135000,165000,2025S2,zone_median,3
ORIGGIO,VA,commercial,95500,125000,2025S2,zone_median,2
ORINO,VA,apartment,115000,135000,2025S2,zone_median,1
ORINO,VA,house,135000,160000,2025S2,zone_median,1
ORINO,VA,villa,135000,160000,2025S2,zone_median,1
ORINO,VA,commercial,91000,120000,2025S2,zone_median,1
PORTO CERESIO,VA,apartment,112500,145000,2025S2,zone_median,2
PORTO CERESIO,VA,house,145000,185000,2025S2,zone_median,2
PORTO CERESIO,VA,villa,145000,185000,2025S2,zone_median,2
PORTO CERESIO,VA,commercial,98000,130000,2025S2,zone_median,1
PORTO VALTRAVAGLIA,VA,apartment,120000,145000,2025S2,zone_median,2
PORTO VALTRAVAGLIA,VA,house,152500,187500,2025S2,zone_median,2
PORTO VALTRAVAGLIA,VA,villa,152500,187500,2025S2,zone_median,2
PORTO VALTRAVAGLIA,VA,commercial,120000,170000,2025S2,zone_median,1
RANCIO VALCUVIA,VA,apartment,101500,127500,2025S2,zone_median,2
RANCIO VALCUVIA,VA,house,122500,152500,2025S2,zone_median,2
RANCIO VALCUVIA,VA,villa,122500,152500,2025S2,zone_median,2
RANCIO VALCUVIA,VA,commercial,91000,120000,2025S2,zone_median,1
RANCO,VA,apartment,125000,155000,2025S2,zone_median,2
RANCO,VA,house,160000,207500,2025S2,zone_median,2
RANCO,VA,villa,160000,207500,2025S2,zone_median,2
RANCO,VA,commercial,91000,120000,2025S2,zone_median,1
SALTRIO,VA,apartment,99500,127500,2025S2,zone_median,2
SALTRIO,VA,house,122500,152500,2025S2,zone_median,2
SALTRIO,VA,villa,122500,152500,2025S2,zone_median,2
SALTRIO,VA,commercial,91000,120000,2025S2,zone_median,1
SAMARATE,VA,apartment,105000,140000,2025S2,zone_median,3
SAMARATE,VA,house,125000,170000,2025S2,zone_median,3
SAMARATE,VA,villa,125000,170000,2025S2,zone_median,3
SAMARATE,VA,commercial,99000,135000,2025S2,zone_median,2
SANGIANO,VA,apartment,97500,125000,2025S2,zone_median,2
SANGIANO,VA,house,120000,145000,2025S2,zone_median,2
SANGIANO,VA,villa,120000,145000,2025S2,zone_median,2
SANGIANO,VA,commercial,91000,120000,2025S2,zone_median,1
SARONNO,VA,apartment,160000,185000,2025S2,zone_median,5
SARONNO,VA,house,150000,185000,2025S2,zone_median,5
SARONNO,VA,villa,150000,185000,2025S2,zone_median,5
SARONNO,VA,commercial,175000,250000,2025S2,zone_median,5
SESTO CALENDE,VA,apartment,100000,130000,2025S2,zone_median,5
SESTO CALENDE,VA,house,130000,170000,2025S2,zone_median,5
SESTO CALENDE,VA,villa,130000,170000,2025S2,zone_median,5
SESTO CALENDE,VA,commercial,125000,162500,2025S2,zone_median,2
SOLBIATE ARNO,VA,apartment,110000,135000,2025S2,zone_median,2
SOLBIATE ARNO,VA,house,130000,162500,2025S2,zone_median,2
SOLBIATE ARNO,VA,villa,130000,162500,2025S2,zone_median,2
SOLBIATE ARNO,VA,commercial,98000,130000,2025S2,zone_median,1
SOLBIATE OLONA,VA,apartment,110000,140000,2025S2,zone_median,2
SOLBIATE OLONA,VA,house,130000,162500,2025S2,zone_median,2
SOLBIATE OLONA,VA,villa,130000,162500,2025S2,zone_median,2
SOLBIATE OLONA,VA,commercial,98000,130000,2025S2,zone_median,1
SOMMA LOMBARDO,VA,apartment,86000,110000,2025S2,zone_median,7
SOMMA LOMBARDO,VA,house,115000,155000,2025S2,zone_median,7
SOMMA LOMBARDO,VA,villa,115000,155000,2025S2,zone_median,7
SOMMA LOMBARDO,VA,commercial,120000,157500,2025S2,zone_median,2
SUMIRAGO,VA,apartment,105000,135000,2025S2,zone_median,3
SUMIRAGO,VA,house,135000,175000,2025S2,zone_median,3
SUMIRAGO,VA,villa,135000,175000,2025S2,zone_median,3
SUMIRAGO,VA,commercial,98000,130000,2025S2,zone_median,1
TAINO,VA,apartment,100000,130000,2025S2,zone_median,2
TAINO,VA,house,130000,165000,2025S2,zone_median,2
TAINO,VA,villa,130000,165000,2025S2,zone_median,2
TAINO,VA,commercial,98000,130000,2025S2,zone_median,1
TERNATE,VA,apartment,110000,132500,2025S2,zone_median,2
TERNATE,VA,house,142500,170000,2025S2,zone_median,2
TERNATE,VA,villa,142500,170000,2025S2,zone_median,2
TERNATE,VA,commercial,91000,120000,2025S2,zone_median,1
TRADATE,VA,apartment,115000,160000,2025S2,zone_median,5
TRADATE,VA,house,130000,167500,2025S2,zone_median,6
TRADATE,VA,villa,130000,167500,2025S2,zone_median,6
TRADATE,VA,commercial,100000,130000,2025S2,zone_median,5
TRAVEDONA-MONATE,VA,apartment,110000,132500,2025S2,zone_median,2
TRAVEDONA-MONATE,VA,house,142500,170000,2025S2,zone_median,2
TRAVEDONA-MONATE,VA,villa,142500,170000,2025S2,zone_median,2
TRAVEDONA-MONATE,VA,commercial,91000,120000,2025S2,zone_median,1
TRONZANO LAGO MAGGIORE,VA,apartment,100000,140000,2025S2,zone_median,3
TRONZANO LAGO MAGGIORE,VA,house,130000,180000,2025S2,zone_median,3
TRONZANO LAGO MAGGIORE,VA,villa,130000,180000,2025S2,zone_median,3
TRONZANO LAGO MAGGIORE,VA,commercial,91000,120000,2025S2,zone_median,1
UBOLDO,VA,apartment,115000,135000,2025S2,zone_median,3
UBOLDO,VA,house,135000,165000,2025S2,zone_median,3
UBOLDO,VA,villa,135000,165000,2025S2,zone_median,3
UBOLDO,VA,commercial,95500,125000,2025S2,zone_median,2
VALGANNA,VA,apartment,105000,130000,2025S2,zone_median,3
VALGANNA,VA,house,130000,155000,2025S2,zone_median,3
VALGANNA,VA,villa,130000,155000,2025S2,zone_median,3
VALGANNA,VA,commercial,91000,120000,2025S2,zone_median,1
VARANO BORGHI,VA,apartment,110000,132500,2025S2,zone_median,2
VARANO BORGHI,VA,house,142500,170000,2025S2,zone_median,2
VARANO BORGHI,VA,villa,142500,170000,2025S2,zone_median,2
VARANO BORGHI,VA,commercial,91000,120000,2025S2,zone_median,1
VEDANO OLONA,VA,apartment,105000,135000,2025S2,zone_median,3
VEDANO OLONA,VA,house,135000,175000,2025S2,zone_median,3
VEDANO OLONA,VA,villa,135000,175000,2025S2,zone_median,3
VEDANO OLONA,VA,commercial,99000,125000,2025S2,zone_median,2
VENEGONO INFERIORE,VA,apartment,101500,130000,2025S2,zone_median,4
VENEGONO INFERIORE,VA,house,132500,167500,2025S2,zone_median,4
VENEGONO INFERIORE,VA,villa,132500,167500,2025S2,zone_median,4
VENEGONO INFERIORE,VA,commercial,98000,120000,2025S2,zone_median,2
VENEGONO SUPERIORE,VA,apartment,105000,135000,2025S2,zone_median,3
VENEGONO SUPERIORE,VA,house,135000,175000,2025S2,zone_median,3
VENEGONO SUPERIORE,VA,villa,135000,175000,2025S2,zone_median,3
VENEGONO SUPERIORE,VA,commercial,98000,120000,2025S2,zone_median,1
VERGIATE,VA,apartment,102500,127500,2025S2,zone_median,4
VERGIATE,VA,house,132500,165000,2025S2,zone_median,4
VERGIATE,VA,villa,132500,165000,2025S2,zone_median,4
VERGIATE,VA,commercial,110000,140000,2025S2,zone_median,2
VIGGIU`,VA,apartment,94000,120000,2025S2,zone_median,3
VIGGIU`,VA,house,115000,140000,2025S2,zone_median,3
VIGGIU`,VA,villa,115000,140000,2025S2,zone_median,3
VIGGIU`,VA,commercial,91000,120000,2025S2,zone_median,1
VIZZOLA TICINO,VA,apartment,106500,130000,2025S2,zone_median,2
VIZZOLA TICINO,VA,house,127500,155000,2025S2,zone_median,2
VIZZOLA TICINO,VA,villa,127500,155000,2025S2,zone_median,2
VIZZOLA TICINO,VA,commercial,98000,130000,2025S2,zone_median,1
MACCAGNO CON PINO E VEDDASCA,VA,apartment,105000,147500,2025S2,zone_median,4
MACCAGNO CON PINO E VEDDASCA,VA,house,135000,190000,2025S2,zone_median,4
MACCAGNO CON PINO E VEDDASCA,VA,villa,135000,190000,2025S2,zone_median,4
MACCAGNO CON PINO E VEDDASCA,VA,commercial,91000,120000,2025S2,zone_median,3
CADREZZATE CON OSMATE,VA,apartment,105000,140000,2025S2,zone_median,1
CADREZZATE CON OSMATE,VA,house,135000,180000,2025S2,zone_median,1
CADREZZATE CON OSMATE,VA,villa,135000,180000,2025S2,zone_median,1
CADREZZATE CON OSMATE,VA,commercial,91000,120000,2025S2,zone_median,1
BARDELLO CON MALGESSO E BREGANO,VA,apartment,102500,130000,2025S2,zone_median,2
BARDELLO CON MALGESSO E BREGANO,VA,house,130000,160000,2025S2,zone_median,2
BARDELLO CON MALGESSO E BREGANO,VA,villa,130000,160000,2025S2,zone_median,2
BARDELLO CON MALGESSO E BREGANO,VA,commercial,91000,120000,2025S2,zone_median,1
